video,source_frame,timestamp,raw_frame_path,filtered_frame_path,candidate,notes
gettyimages-1223673045-640_adpp.mp4,0,0.0,data_collection/more/raw_frames/video01_frame_000000.jpg,data_collection/more/filtered_frames/video01_frame_000000.jpg,YES,Extracted at ~2 FPS (dHash: 15584935777823674497)
gettyimages-1223673045-640_adpp.mp4,15,0.501,data_collection/more/raw_frames/video01_frame_000015.jpg,data_collection/more/filtered_frames/video01_frame_000015.jpg,YES,Extracted at ~2 FPS (dHash: 7539211061983236289)
gettyimages-1223673045-640_adpp.mp4,30,1.001,data_collection/more/raw_frames/video01_frame_000030.jpg,data_collection/more/filtered_frames/video01_frame_000030.jpg,YES,Extracted at ~2 FPS (dHash: 7539211339008593984)
gettyimages-1223673045-640_adpp.mp4,45,1.502,data_collection/more/raw_frames/video01_frame_000045.jpg,,NO,Extracted at ~2 FPS (dHash: 16762583375905312834)
gettyimages-1223673045-640_adpp.mp4,60,2.002,data_collection/more/raw_frames/video01_frame_000060.jpg,data_collection/more/filtered_frames/video01_frame_000060.jpg,YES,Extracted at ~2 FPS (dHash: 16780597774414794818)
gettyimages-1223673045-640_adpp.mp4,75,2.502,data_collection/more/raw_frames/video01_frame_000075.jpg,,NO,Extracted at ~2 FPS (dHash: 16762583375905312962)
gettyimages-1223673045-640_adpp.mp4,90,3.003,data_collection/more/raw_frames/video01_frame_000090.jpg,,NO,Extracted at ~2 FPS (dHash: 7539211339008602304)
gettyimages-1223673045-640_adpp.mp4,105,3.504,data_collection/more/raw_frames/video01_frame_000105.jpg,,NO,Extracted at ~2 FPS (dHash: 7539211319681380416)
gettyimages-1223673045-640_adpp.mp4,120,4.004,data_collection/more/raw_frames/video01_frame_000120.jpg,data_collection/more/filtered_frames/video01_frame_000120.jpg,YES,Extracted at ~2 FPS (dHash: 7541462844617023680)
gettyimages-1223673045-640_adpp.mp4,135,4.505,data_collection/more/raw_frames/video01_frame_000135.jpg,data_collection/more/filtered_frames/video01_frame_000135.jpg,YES,Extracted at ~2 FPS (dHash: 7541498029530210434)
gettyimages-1223673045-640_adpp.mp4,150,5.005,data_collection/more/raw_frames/video01_frame_000150.jpg,data_collection/more/filtered_frames/video01_frame_000150.jpg,YES,Extracted at ~2 FPS (dHash: 15584803887431073922)
gettyimages-1223673045-640_adpp.mp4,165,5.506,data_collection/more/raw_frames/video01_frame_000165.jpg,,NO,Extracted at ~2 FPS (dHash: 15589306937302630531)
gettyimages-1223673045-640_adpp.mp4,180,6.006,data_collection/more/raw_frames/video01_frame_000180.jpg,data_collection/more/filtered_frames/video01_frame_000180.jpg,YES,Extracted at ~2 FPS (dHash: 14436385714041311299)
gettyimages-1223673045-640_adpp.mp4,195,6.506,data_collection/more/raw_frames/video01_frame_000195.jpg,data_collection/more/filtered_frames/video01_frame_000195.jpg,YES,Extracted at ~2 FPS (dHash: 14472484741828628803)
gettyimages-1223673045-640_adpp.mp4,210,7.007,data_collection/more/raw_frames/video01_frame_000210.jpg,,NO,Extracted at ~2 FPS (dHash: 14472519926200717635)
gettyimages-1223673045-640_adpp.mp4,225,7.508,data_collection/more/raw_frames/video01_frame_000225.jpg,,NO,Extracted at ~2 FPS (dHash: 14472519926200717395)
gettyimages-1223673045-640_adpp.mp4,240,8.008,data_collection/more/raw_frames/video01_frame_000240.jpg,data_collection/more/filtered_frames/video01_frame_000240.jpg,YES,Extracted at ~2 FPS (dHash: 13860065424348337169)
gettyimages-1223673045-640_adpp.mp4,255,8.508,data_collection/more/raw_frames/video01_frame_000255.jpg,data_collection/more/filtered_frames/video01_frame_000255.jpg,YES,Extracted at ~2 FPS (dHash: 15012846768846337168)
gettyimages-1223673045-640_adpp.mp4,270,9.009,data_collection/more/raw_frames/video01_frame_000270.jpg,data_collection/more/filtered_frames/video01_frame_000270.jpg,YES,Extracted at ~2 FPS (dHash: 16188374164337620700)
gettyimages-1223673045-640_adpp.mp4,285,9.51,data_collection/more/raw_frames/video01_frame_000285.jpg,,NO,Extracted at ~2 FPS (dHash: 16188374163259684060)
gettyimages-1223673045-640_adpp.mp4,300,10.01,data_collection/more/raw_frames/video01_frame_000300.jpg,data_collection/more/filtered_frames/video01_frame_000300.jpg,YES,Extracted at ~2 FPS (dHash: 6965002366923101272)
gettyimages-1223673045-640_adpp.mp4,315,10.511,data_collection/more/raw_frames/video01_frame_000315.jpg,data_collection/more/filtered_frames/video01_frame_000315.jpg,YES,Extracted at ~2 FPS (dHash: 12153113283271251032)
gettyimages-1223673045-640_adpp.mp4,330,11.011,data_collection/more/raw_frames/video01_frame_000330.jpg,data_collection/more/filtered_frames/video01_frame_000330.jpg,YES,Extracted at ~2 FPS (dHash: 11866079167423892552)
gettyimages-1223673045-640_adpp.mp4,345,11.511,data_collection/more/raw_frames/video01_frame_000345.jpg,data_collection/more/filtered_frames/video01_frame_000345.jpg,YES,Extracted at ~2 FPS (dHash: 11857071968300976712)
gettyimages-1223673045-640_adpp.mp4,360,12.012,data_collection/more/raw_frames/video01_frame_000360.jpg,data_collection/more/filtered_frames/video01_frame_000360.jpg,YES,Extracted at ~2 FPS (dHash: 12441370315304618056)
gettyimages-1223673045-640_adpp.mp4,375,12.513,data_collection/more/raw_frames/video01_frame_000375.jpg,data_collection/more/filtered_frames/video01_frame_000375.jpg,YES,Extracted at ~2 FPS (dHash: 6383940935049583768)
gettyimages-1223673045-640_adpp.mp4,390,13.013,data_collection/more/raw_frames/video01_frame_000390.jpg,data_collection/more/filtered_frames/video01_frame_000390.jpg,YES,Extracted at ~2 FPS (dHash: 5213428897421776280)
gettyimages-1223673045-640_adpp.mp4,405,13.514,data_collection/more/raw_frames/video01_frame_000405.jpg,data_collection/more/filtered_frames/video01_frame_000405.jpg,YES,Extracted at ~2 FPS (dHash: 13272585246241739089)
gettyimages-1223673045-640_adpp.mp4,420,14.014,data_collection/more/raw_frames/video01_frame_000420.jpg,,NO,Extracted at ~2 FPS (dHash: 13306362243447017745)
gettyimages-1223673045-640_adpp.mp4,435,14.514,data_collection/more/raw_frames/video01_frame_000435.jpg,data_collection/more/filtered_frames/video01_frame_000435.jpg,YES,Extracted at ~2 FPS (dHash: 13306362234857083161)
gettyimages-1223673045-640_adpp.mp4,450,15.015,data_collection/more/raw_frames/video01_frame_000450.jpg,,NO,Extracted at ~2 FPS (dHash: 13306434802607741209)
gettyimages-1223674577-640_adpp.mp4,0,0.0,data_collection/more/raw_frames/video02_frame_000000.jpg,data_collection/more/filtered_frames/video02_frame_000000.jpg,YES,Extracted at ~2 FPS (dHash: 3072205545903788200)
gettyimages-1223674577-640_adpp.mp4,15,0.501,data_collection/more/raw_frames/video02_frame_000015.jpg,data_collection/more/filtered_frames/video02_frame_000015.jpg,NO,Extracted at ~2 FPS (dHash: 3040609979231146124)
gettyimages-1223674577-640_adpp.mp4,30,1.001,data_collection/more/raw_frames/video02_frame_000030.jpg,data_collection/more/filtered_frames/video02_frame_000030.jpg,YES,Extracted at ~2 FPS (dHash: 3040746318807216264)
gettyimages-1223674577-640_adpp.mp4,45,1.502,data_collection/more/raw_frames/video02_frame_000045.jpg,data_collection/more/filtered_frames/video02_frame_000045.jpg,NO,Extracted at ~2 FPS (dHash: 12607447424145076360)
gettyimages-1223674577-640_adpp.mp4,60,2.002,data_collection/more/raw_frames/video02_frame_000060.jpg,data_collection/more/filtered_frames/video02_frame_000060.jpg,YES,Extracted at ~2 FPS (dHash: 13180530510953492632)
gettyimages-1223674577-640_adpp.mp4,75,2.502,data_collection/more/raw_frames/video02_frame_000075.jpg,data_collection/more/filtered_frames/video02_frame_000075.jpg,NO,Extracted at ~2 FPS (dHash: 16063898323770429512)
gettyimages-1223674577-640_adpp.mp4,90,3.003,data_collection/more/raw_frames/video02_frame_000090.jpg,data_collection/more/filtered_frames/video02_frame_000090.jpg,YES,Extracted at ~2 FPS (dHash: 6228027804195510348)
gettyimages-1223674577-640_adpp.mp4,105,3.504,data_collection/more/raw_frames/video02_frame_000105.jpg,,NO,Extracted at ~2 FPS (dHash: 6225776004414068812)
gettyimages-1223674577-640_adpp.mp4,120,4.004,data_collection/more/raw_frames/video02_frame_000120.jpg,data_collection/more/filtered_frames/video02_frame_000120.jpg,NO,Extracted at ~2 FPS (dHash: 6225776003337787560)
gettyimages-1223674577-640_adpp.mp4,135,4.505,data_collection/more/raw_frames/video02_frame_000135.jpg,data_collection/more/filtered_frames/video02_frame_000135.jpg,NO,Extracted at ~2 FPS (dHash: 3940340335784859816)
gettyimages-1223674577-640_adpp.mp4,150,5.005,data_collection/more/raw_frames/video02_frame_000150.jpg,data_collection/more/filtered_frames/video02_frame_000150.jpg,YES,Extracted at ~2 FPS (dHash: 2805362826583580840)
gettyimages-1223674577-640_adpp.mp4,165,5.506,data_collection/more/raw_frames/video02_frame_000165.jpg,data_collection/more/filtered_frames/video02_frame_000165.jpg,NO,Extracted at ~2 FPS (dHash: 3939706931187853994)
gettyimages-1223674577-640_adpp.mp4,180,6.006,data_collection/more/raw_frames/video02_frame_000180.jpg,data_collection/more/filtered_frames/video02_frame_000180.jpg,YES,Extracted at ~2 FPS (dHash: 13178841841616349866)
gettyimages-1223674577-640_adpp.mp4,195,6.506,data_collection/more/raw_frames/video02_frame_000195.jpg,data_collection/more/filtered_frames/video02_frame_000195.jpg,NO,Extracted at ~2 FPS (dHash: 9720147611718576874)
gettyimages-1223674577-640_adpp.mp4,210,7.007,data_collection/more/raw_frames/video02_frame_000210.jpg,data_collection/more/filtered_frames/video02_frame_000210.jpg,YES,Extracted at ~2 FPS (dHash: 14331833662349797994)
gettyimages-1223674577-640_adpp.mp4,225,7.508,data_collection/more/raw_frames/video02_frame_000225.jpg,data_collection/more/filtered_frames/video02_frame_000225.jpg,NO,Extracted at ~2 FPS (dHash: 15340637833410472554)
gettyimages-1223674577-640_adpp.mp4,240,8.008,data_collection/more/raw_frames/video02_frame_000240.jpg,data_collection/more/filtered_frames/video02_frame_000240.jpg,NO,Extracted at ~2 FPS (dHash: 17641942176736299570)
gettyimages-1223674577-640_adpp.mp4,255,8.508,data_collection/more/raw_frames/video02_frame_000255.jpg,data_collection/more/filtered_frames/video02_frame_000255.jpg,YES,Extracted at ~2 FPS (dHash: 6072062621269398708)
gettyimages-1223674577-640_adpp.mp4,270,9.009,data_collection/more/raw_frames/video02_frame_000270.jpg,data_collection/more/filtered_frames/video02_frame_000270.jpg,NO,Extracted at ~2 FPS (dHash: 17648741386223137968)
gettyimages-1223674577-640_adpp.mp4,285,9.51,data_collection/more/raw_frames/video02_frame_000285.jpg,data_collection/more/filtered_frames/video02_frame_000285.jpg,YES,Extracted at ~2 FPS (dHash: 16495810986596414608)
gettyimages-1223674577-640_adpp.mp4,300,10.01,data_collection/more/raw_frames/video02_frame_000300.jpg,data_collection/more/filtered_frames/video02_frame_000300.jpg,NO,Extracted at ~2 FPS (dHash: 14757421531514049744)
gettyimages-1223674577-640_adpp.mp4,315,10.511,data_collection/more/raw_frames/video02_frame_000315.jpg,data_collection/more/filtered_frames/video02_frame_000315.jpg,YES,Extracted at ~2 FPS (dHash: 14765307194951128272)
gettyimages-1223674577-640_adpp.mp4,330,11.011,data_collection/more/raw_frames/video02_frame_000330.jpg,data_collection/more/filtered_frames/video02_frame_000330.jpg,NO,Extracted at ~2 FPS (dHash: 15909186349185676340)
gettyimages-1223674577-640_adpp.mp4,345,11.511,data_collection/more/raw_frames/video02_frame_000345.jpg,data_collection/more/filtered_frames/video02_frame_000345.jpg,NO,Extracted at ~2 FPS (dHash: 15918228699385713668)
gettyimages-1223674577-640_adpp.mp4,360,12.012,data_collection/more/raw_frames/video02_frame_000360.jpg,data_collection/more/filtered_frames/video02_frame_000360.jpg,YES,Extracted at ~2 FPS (dHash: 8964529860207752260)
gettyimages-1223674577-640_adpp.mp4,375,12.513,data_collection/more/raw_frames/video02_frame_000375.jpg,data_collection/more/filtered_frames/video02_frame_000375.jpg,NO,Extracted at ~2 FPS (dHash: 8955507159487259716)
gettyimages-1223674577-640_adpp.mp4,390,13.013,data_collection/more/raw_frames/video02_frame_000390.jpg,data_collection/more/filtered_frames/video02_frame_000390.jpg,YES,Extracted at ~2 FPS (dHash: 8667488853788241008)
gettyimages-1223674577-640_adpp.mp4,405,13.514,data_collection/more/raw_frames/video02_frame_000405.jpg,data_collection/more/filtered_frames/video02_frame_000405.jpg,NO,Extracted at ~2 FPS (dHash: 13306355315047699616)
gettyimages-1223674577-640_adpp.mp4,420,14.014,data_collection/more/raw_frames/video02_frame_000420.jpg,,NO,Extracted at ~2 FPS (dHash: 13306355319880586400)
gettyimages-1223674577-640_adpp.mp4,435,14.514,data_collection/more/raw_frames/video02_frame_000435.jpg,data_collection/more/filtered_frames/video02_frame_000435.jpg,YES,Extracted at ~2 FPS (dHash: 13306355318806852769)
gettyimages-1223674577-640_adpp.mp4,450,15.015,data_collection/more/raw_frames/video02_frame_000450.jpg,data_collection/more/filtered_frames/video02_frame_000450.jpg,NO,Extracted at ~2 FPS (dHash: 12153152305400427552)
gettyimages-1223674577-640_adpp.mp4,465,15.515,data_collection/more/raw_frames/video02_frame_000465.jpg,data_collection/more/filtered_frames/video02_frame_000465.jpg,YES,Extracted at ~2 FPS (dHash: 12144400397921170480)
gettyimages-1223674577-640_adpp.mp4,480,16.016,data_collection/more/raw_frames/video02_frame_000480.jpg,data_collection/more/filtered_frames/video02_frame_000480.jpg,NO,Extracted at ~2 FPS (dHash: 14449952827907290544)
gettyimages-1223674577-640_adpp.mp4,495,16.517,data_collection/more/raw_frames/video02_frame_000495.jpg,data_collection/more/filtered_frames/video02_frame_000495.jpg,NO,Extracted at ~2 FPS (dHash: 14449942961831060280)
gettyimages-1223674577-640_adpp.mp4,510,17.017,data_collection/more/raw_frames/video02_frame_000510.jpg,data_collection/more/filtered_frames/video02_frame_000510.jpg,YES,Extracted at ~2 FPS (dHash: 11000783782261838424)
gettyimages-1223674577-640_adpp.mp4,525,17.518,data_collection/more/raw_frames/video02_frame_000525.jpg,data_collection/more/filtered_frames/video02_frame_000525.jpg,NO,Extracted at ~2 FPS (dHash: 11000651256475710032)
gettyimages-1223674577-640_adpp.mp4,540,18.018,data_collection/more/raw_frames/video02_frame_000540.jpg,data_collection/more/filtered_frames/video02_frame_000540.jpg,YES,Extracted at ~2 FPS (dHash: 12684437455528546900)
gettyimages-1223674577-640_adpp.mp4,555,18.518,data_collection/more/raw_frames/video02_frame_000555.jpg,data_collection/more/filtered_frames/video02_frame_000555.jpg,NO,Extracted at ~2 FPS (dHash: 10386616479927784084)
gettyimages-1223674577-640_adpp.mp4,570,19.019,data_collection/more/raw_frames/video02_frame_000570.jpg,data_collection/more/filtered_frames/video02_frame_000570.jpg,YES,Extracted at ~2 FPS (dHash: 9847864578546918500)
gettyimages-1223674577-640_adpp.mp4,585,19.52,data_collection/more/raw_frames/video02_frame_000585.jpg,data_collection/more/filtered_frames/video02_frame_000585.jpg,NO,Extracted at ~2 FPS (dHash: 14761903410779546720)
gettyimages-1223674577-640_adpp.mp4,600,20.02,data_collection/more/raw_frames/video02_frame_000600.jpg,data_collection/more/filtered_frames/video02_frame_000600.jpg,NO,Extracted at ~2 FPS (dHash: 14180949710380229744)
gettyimages-1223674577-640_adpp.mp4,615,20.521,data_collection/more/raw_frames/video02_frame_000615.jpg,data_collection/more/filtered_frames/video02_frame_000615.jpg,YES,Extracted at ~2 FPS (dHash: 14324499783839970416)
gettyimages-1223674577-640_adpp.mp4,630,21.021,data_collection/more/raw_frames/video02_frame_000630.jpg,data_collection/more/filtered_frames/video02_frame_000630.jpg,NO,Extracted at ~2 FPS (dHash: 16927576040236184688)
gettyimages-1223674577-640_adpp.mp4,645,21.521,data_collection/more/raw_frames/video02_frame_000645.jpg,data_collection/more/filtered_frames/video02_frame_000645.jpg,YES,Extracted at ~2 FPS (dHash: 16928442704511165680)
gettyimages-1223674577-640_adpp.mp4,660,22.022,data_collection/more/raw_frames/video02_frame_000660.jpg,data_collection/more/filtered_frames/video02_frame_000660.jpg,NO,Extracted at ~2 FPS (dHash: 7635242745491416288)
gettyimages-1223674577-640_adpp.mp4,675,22.523,data_collection/more/raw_frames/video02_frame_000675.jpg,data_collection/more/filtered_frames/video02_frame_000675.jpg,YES,Extracted at ~2 FPS (dHash: 7612729248444632264)
gettyimages-1223674577-640_adpp.mp4,690,23.023,data_collection/more/raw_frames/video02_frame_000690.jpg,data_collection/more/filtered_frames/video02_frame_000690.jpg,NO,Extracted at ~2 FPS (dHash: 3577468523070672024)
gettyimages-1223674577-640_adpp.mp4,705,23.524,data_collection/more/raw_frames/video02_frame_000705.jpg,data_collection/more/filtered_frames/video02_frame_000705.jpg,NO,Extracted at ~2 FPS (dHash: 3545996376847692996)
gettyimages-1223674577-640_adpp.mp4,720,24.024,data_collection/more/raw_frames/video02_frame_000720.jpg,data_collection/more/filtered_frames/video02_frame_000720.jpg,YES,Extracted at ~2 FPS (dHash: 10499342820127853720)
gettyimages-1223674577-640_adpp.mp4,735,24.524,data_collection/more/raw_frames/video02_frame_000735.jpg,data_collection/more/filtered_frames/video02_frame_000735.jpg,NO,Extracted at ~2 FPS (dHash: 1825462886707780680)
gettyimages-1223674577-640_adpp.mp4,750,25.025,data_collection/more/raw_frames/video02_frame_000750.jpg,data_collection/more/filtered_frames/video02_frame_000750.jpg,YES,Extracted at ~2 FPS (dHash: 11033072393578376288)
gettyimages-1223674577-640_adpp.mp4,765,25.526,data_collection/more/raw_frames/video02_frame_000765.jpg,data_collection/more/filtered_frames/video02_frame_000765.jpg,NO,Extracted at ~2 FPS (dHash: 11123003571327749216)
gettyimages-1223674577-640_adpp.mp4,780,26.026,data_collection/more/raw_frames/video02_frame_000780.jpg,data_collection/more/filtered_frames/video02_frame_000780.jpg,YES,Extracted at ~2 FPS (dHash: 11387594585194669092)
gettyimages-1223674577-640_adpp.mp4,795,26.527,data_collection/more/raw_frames/video02_frame_000795.jpg,data_collection/more/filtered_frames/video02_frame_000795.jpg,NO,Extracted at ~2 FPS (dHash: 13002156904126893160)
gettyimages-1223674577-640_adpp.mp4,810,27.027,data_collection/more/raw_frames/video02_frame_000810.jpg,data_collection/more/filtered_frames/video02_frame_000810.jpg,NO,Extracted at ~2 FPS (dHash: 13308401678796474600)
gettyimages-1223674577-640_adpp.mp4,825,27.527,data_collection/more/raw_frames/video02_frame_000825.jpg,data_collection/more/filtered_frames/video02_frame_000825.jpg,YES,Extracted at ~2 FPS (dHash: 12157706689796416612)
gettyimages-1316819243-640_adpp.mp4,0,0.0,data_collection/more/raw_frames/video03_frame_000000.jpg,data_collection/more/filtered_frames/video03_frame_000000.jpg,YES,Extracted at ~2 FPS (dHash: 16402295291957621426)
gettyimages-1316819243-640_adpp.mp4,12,0.5,data_collection/more/raw_frames/video03_frame_000012.jpg,data_collection/more/filtered_frames/video03_frame_000012.jpg,YES,Extracted at ~2 FPS (dHash: 16402294802297795120)
gettyimages-1316819243-640_adpp.mp4,24,1.001,data_collection/more/raw_frames/video03_frame_000024.jpg,,NO,Extracted at ~2 FPS (dHash: 16366125276413964978)
gettyimages-1316819243-640_adpp.mp4,36,1.501,data_collection/more/raw_frames/video03_frame_000036.jpg,data_collection/more/filtered_frames/video03_frame_000036.jpg,YES,Extracted at ~2 FPS (dHash: 16406657604341217978)
gettyimages-1316819243-640_adpp.mp4,48,2.002,data_collection/more/raw_frames/video03_frame_000048.jpg,data_collection/more/filtered_frames/video03_frame_000048.jpg,YES,Extracted at ~2 FPS (dHash: 16406670652449823386)
gettyimages-1316819243-640_adpp.mp4,60,2.502,data_collection/more/raw_frames/video03_frame_000060.jpg,data_collection/more/filtered_frames/video03_frame_000060.jpg,YES,Extracted at ~2 FPS (dHash: 16262661034133166234)
gettyimages-1316819243-640_adpp.mp4,72,3.003,data_collection/more/raw_frames/video03_frame_000072.jpg,,NO,Extracted at ~2 FPS (dHash: 7030281798023649304)
gettyimages-1316819243-640_adpp.mp4,84,3.503,data_collection/more/raw_frames/video03_frame_000084.jpg,data_collection/more/filtered_frames/video03_frame_000084.jpg,YES,Extracted at ~2 FPS (dHash: 7111346591316318746)
gettyimages-1316819243-640_adpp.mp4,96,4.004,data_collection/more/raw_frames/video03_frame_000096.jpg,,NO,Extracted at ~2 FPS (dHash: 7111905126043490842)
gettyimages-1316819243-640_adpp.mp4,108,4.504,data_collection/more/raw_frames/video03_frame_000108.jpg,data_collection/more/filtered_frames/video03_frame_000108.jpg,YES,Extracted at ~2 FPS (dHash: 7111905675799304730)
gettyimages-1316819243-640_adpp.mp4,120,5.005,data_collection/more/raw_frames/video03_frame_000120.jpg,,NO,Extracted at ~2 FPS (dHash: 7111905744518781466)
gettyimages-1316819243-640_adpp.mp4,132,5.505,data_collection/more/raw_frames/video03_frame_000132.jpg,,NO,Extracted at ~2 FPS (dHash: 7183963338556708890)
gettyimages-1479449515-640_adpp.mp4,0,0.0,data_collection/more/raw_frames/video04_frame_000000.jpg,data_collection/more/filtered_frames/video04_frame_000000.jpg,YES,Extracted at ~2 FPS (dHash: 1070830992545889637)
gettyimages-1479449515-640_adpp.mp4,12,0.48,data_collection/more/raw_frames/video04_frame_000012.jpg,,NO,Extracted at ~2 FPS (dHash: 1066327392918514981)
gettyimages-1479449515-640_adpp.mp4,24,0.96,data_collection/more/raw_frames/video04_frame_000024.jpg,data_collection/more/filtered_frames/video04_frame_000024.jpg,NO,Extracted at ~2 FPS (dHash: 921648146753988909)
gettyimages-1479449515-640_adpp.mp4,36,1.44,data_collection/more/raw_frames/video04_frame_000036.jpg,data_collection/more/filtered_frames/video04_frame_000036.jpg,YES,Extracted at ~2 FPS (dHash: 10108991386304526765)
gettyimages-1479449515-640_adpp.mp4,48,1.92,data_collection/more/raw_frames/video04_frame_000048.jpg,data_collection/more/filtered_frames/video04_frame_000048.jpg,NO,Extracted at ~2 FPS (dHash: 10253176938829592996)
gettyimages-1479449515-640_adpp.mp4,60,2.4,data_collection/more/raw_frames/video04_frame_000060.jpg,data_collection/more/filtered_frames/video04_frame_000060.jpg,YES,Extracted at ~2 FPS (dHash: 10289203536791649701)
gettyimages-1479449515-640_adpp.mp4,72,2.88,data_collection/more/raw_frames/video04_frame_000072.jpg,data_collection/more/filtered_frames/video04_frame_000072.jpg,NO,Extracted at ~2 FPS (dHash: 1934463271932042653)
gettyimages-1479449515-640_adpp.mp4,84,3.36,data_collection/more/raw_frames/video04_frame_000084.jpg,data_collection/more/filtered_frames/video04_frame_000084.jpg,YES,Extracted at ~2 FPS (dHash: 11446628643282655901)
gettyimages-1479449515-640_adpp.mp4,96,3.84,data_collection/more/raw_frames/video04_frame_000096.jpg,data_collection/more/filtered_frames/video04_frame_000096.jpg,NO,Extracted at ~2 FPS (dHash: 11410602043332005533)
gettyimages-1479449515-640_adpp.mp4,108,4.32,data_collection/more/raw_frames/video04_frame_000108.jpg,data_collection/more/filtered_frames/video04_frame_000108.jpg,NO,Extracted at ~2 FPS (dHash: 11410602043333290789)
gettyimages-1479449515-640_adpp.mp4,120,4.8,data_collection/more/raw_frames/video04_frame_000120.jpg,data_collection/more/filtered_frames/video04_frame_000120.jpg,YES,Extracted at ~2 FPS (dHash: 4389994015101301621)
gettyimages-1479449515-640_adpp.mp4,132,5.28,data_collection/more/raw_frames/video04_frame_000132.jpg,data_collection/more/filtered_frames/video04_frame_000132.jpg,NO,Extracted at ~2 FPS (dHash: 17493923544383542227)
gettyimages-1479449515-640_adpp.mp4,144,5.76,data_collection/more/raw_frames/video04_frame_000144.jpg,data_collection/more/filtered_frames/video04_frame_000144.jpg,YES,Extracted at ~2 FPS (dHash: 15261798149901423493)
gettyimages-1479449515-640_adpp.mp4,156,6.24,data_collection/more/raw_frames/video04_frame_000156.jpg,data_collection/more/filtered_frames/video04_frame_000156.jpg,NO,Extracted at ~2 FPS (dHash: 9717884120564410253)
gettyimages-1479449515-640_adpp.mp4,168,6.72,data_collection/more/raw_frames/video04_frame_000168.jpg,data_collection/more/filtered_frames/video04_frame_000168.jpg,YES,Extracted at ~2 FPS (dHash: 10275677345585966637)
gettyimages-1479449515-640_adpp.mp4,180,7.2,data_collection/more/raw_frames/video04_frame_000180.jpg,data_collection/more/filtered_frames/video04_frame_000180.jpg,NO,Extracted at ~2 FPS (dHash: 13162944380206337645)
gettyimages-1479449515-640_adpp.mp4,192,7.68,data_collection/more/raw_frames/video04_frame_000192.jpg,data_collection/more/filtered_frames/video04_frame_000192.jpg,NO,Extracted at ~2 FPS (dHash: 11973994114155600986)
gettyimages-1479449515-640_adpp.mp4,204,8.16,data_collection/more/raw_frames/video04_frame_000204.jpg,data_collection/more/filtered_frames/video04_frame_000204.jpg,YES,Extracted at ~2 FPS (dHash: 11973985315906149466)
gettyimages-1479449515-640_adpp.mp4,216,8.64,data_collection/more/raw_frames/video04_frame_000216.jpg,data_collection/more/filtered_frames/video04_frame_000216.jpg,NO,Extracted at ~2 FPS (dHash: 11280554153623706202)
gettyimages-1479449515-640_adpp.mp4,228,9.12,data_collection/more/raw_frames/video04_frame_000228.jpg,data_collection/more/filtered_frames/video04_frame_000228.jpg,YES,Extracted at ~2 FPS (dHash: 980954713072432731)
gettyimages-1479449515-640_adpp.mp4,240,9.6,data_collection/more/raw_frames/video04_frame_000240.jpg,data_collection/more/filtered_frames/video04_frame_000240.jpg,NO,Extracted at ~2 FPS (dHash: 990156027328804395)
gettyimages-1479449515-640_adpp.mp4,252,10.08,data_collection/more/raw_frames/video04_frame_000252.jpg,,NO,Extracted at ~2 FPS (dHash: 990156046656681483)
gettyimages-1479449515-640_adpp.mp4,264,10.56,data_collection/more/raw_frames/video04_frame_000264.jpg,data_collection/more/filtered_frames/video04_frame_000264.jpg,YES,Extracted at ~2 FPS (dHash: 976627517957158571)
gettyimages-1479449515-640_adpp.mp4,276,11.04,data_collection/more/raw_frames/video04_frame_000276.jpg,data_collection/more/filtered_frames/video04_frame_000276.jpg,NO,Extracted at ~2 FPS (dHash: 1048974352136837775)
gettyimages-1479449515-640_adpp.mp4,288,11.52,data_collection/more/raw_frames/video04_frame_000288.jpg,data_collection/more/filtered_frames/video04_frame_000288.jpg,YES,Extracted at ~2 FPS (dHash: 3355063102199412383)
gettyimages-1479449515-640_adpp.mp4,300,12.0,data_collection/more/raw_frames/video04_frame_000300.jpg,data_collection/more/filtered_frames/video04_frame_000300.jpg,NO,Extracted at ~2 FPS (dHash: 12578441663487946295)
gettyimages-1479449515-640_adpp.mp4,312,12.48,data_collection/more/raw_frames/video04_frame_000312.jpg,data_collection/more/filtered_frames/video04_frame_000312.jpg,NO,Extracted at ~2 FPS (dHash: 13086506237656066651)
gettyimages-1479449515-640_adpp.mp4,324,12.96,data_collection/more/raw_frames/video04_frame_000324.jpg,data_collection/more/filtered_frames/video04_frame_000324.jpg,YES,Extracted at ~2 FPS (dHash: 15480726360366656829)
gettyimages-1479449515-640_adpp.mp4,336,13.44,data_collection/more/raw_frames/video04_frame_000336.jpg,data_collection/more/filtered_frames/video04_frame_000336.jpg,NO,Extracted at ~2 FPS (dHash: 16052745034020566565)
gettyimages-1479449515-640_adpp.mp4,348,13.92,data_collection/more/raw_frames/video04_frame_000348.jpg,data_collection/more/filtered_frames/video04_frame_000348.jpg,YES,Extracted at ~2 FPS (dHash: 15408747947642074661)
gettyimages-1479449515-640_adpp.mp4,360,14.4,data_collection/more/raw_frames/video04_frame_000360.jpg,data_collection/more/filtered_frames/video04_frame_000360.jpg,NO,Extracted at ~2 FPS (dHash: 15408739151706861101)
gettyimages-1479449515-640_adpp.mp4,372,14.88,data_collection/more/raw_frames/video04_frame_000372.jpg,data_collection/more/filtered_frames/video04_frame_000372.jpg,YES,Extracted at ~2 FPS (dHash: 18128842957898802739)
gettyimages-1479449515-640_adpp.mp4,384,15.36,data_collection/more/raw_frames/video04_frame_000384.jpg,data_collection/more/filtered_frames/video04_frame_000384.jpg,NO,Extracted at ~2 FPS (dHash: 18055650665711429171)
gettyimages-1479449515-640_adpp.mp4,396,15.84,data_collection/more/raw_frames/video04_frame_000396.jpg,data_collection/more/filtered_frames/video04_frame_000396.jpg,NO,Extracted at ~2 FPS (dHash: 10563925862676604601)
gettyimages-1479449515-640_adpp.mp4,408,16.32,data_collection/more/raw_frames/video04_frame_000408.jpg,data_collection/more/filtered_frames/video04_frame_000408.jpg,YES,Extracted at ~2 FPS (dHash: 8762468421621180059)
gettyimages-1479449515-640_adpp.mp4,420,16.8,data_collection/more/raw_frames/video04_frame_000420.jpg,data_collection/more/filtered_frames/video04_frame_000420.jpg,NO,Extracted at ~2 FPS (dHash: 9014399495162317894)
gettyimages-1479449515-640_adpp.mp4,432,17.28,data_collection/more/raw_frames/video04_frame_000432.jpg,data_collection/more/filtered_frames/video04_frame_000432.jpg,YES,Extracted at ~2 FPS (dHash: 4417404325393626214)
gettyimages-1479449515-640_adpp.mp4,444,17.76,data_collection/more/raw_frames/video04_frame_000444.jpg,data_collection/more/filtered_frames/video04_frame_000444.jpg,NO,Extracted at ~2 FPS (dHash: 2131346186040790090)
gettyimages-1479449515-640_adpp.mp4,456,18.24,data_collection/more/raw_frames/video04_frame_000456.jpg,data_collection/more/filtered_frames/video04_frame_000456.jpg,YES,Extracted at ~2 FPS (dHash: 4373613381428632281)
gettyimages-1479449515-640_adpp.mp4,468,18.72,data_collection/more/raw_frames/video04_frame_000468.jpg,data_collection/more/filtered_frames/video04_frame_000468.jpg,NO,Extracted at ~2 FPS (dHash: 3184663072216635985)
gettyimages-1479449515-640_adpp.mp4,480,19.2,data_collection/more/raw_frames/video04_frame_000480.jpg,data_collection/more/filtered_frames/video04_frame_000480.jpg,YES,Extracted at ~2 FPS (dHash: 3185228237167711953)
gettyimages-1479449515-640_adpp.mp4,492,19.68,data_collection/more/raw_frames/video04_frame_000492.jpg,data_collection/more/filtered_frames/video04_frame_000492.jpg,NO,Extracted at ~2 FPS (dHash: 2034567326618543302)
gettyimages-1479449515-640_adpp.mp4,504,20.16,data_collection/more/raw_frames/video04_frame_000504.jpg,data_collection/more/filtered_frames/video04_frame_000504.jpg,NO,Extracted at ~2 FPS (dHash: 4340410335790167622)
gettyimages-1479449515-640_adpp.mp4,516,20.64,data_collection/more/raw_frames/video04_frame_000516.jpg,data_collection/more/filtered_frames/video04_frame_000516.jpg,YES,Extracted at ~2 FPS (dHash: 881779962388172358)
gettyimages-1479449515-640_adpp.mp4,528,21.12,data_collection/more/raw_frames/video04_frame_000528.jpg,,NO,Extracted at ~2 FPS (dHash: 3188183722532030022)
gettyimages-1479449515-640_adpp.mp4,540,21.6,data_collection/more/raw_frames/video04_frame_000540.jpg,data_collection/more/filtered_frames/video04_frame_000540.jpg,NO,Extracted at ~2 FPS (dHash: 4340542277188077127)
gettyimages-1479449515-640_adpp.mp4,552,22.08,data_collection/more/raw_frames/video04_frame_000552.jpg,,NO,Extracted at ~2 FPS (dHash: 4340542277187159621)
gettyimages-1479449515-640_adpp.mp4,564,22.56,data_collection/more/raw_frames/video04_frame_000564.jpg,data_collection/more/filtered_frames/video04_frame_000564.jpg,YES,Extracted at ~2 FPS (dHash: 3187620772591227983)
gettyimages-1479449515-640_adpp.mp4,576,23.04,data_collection/more/raw_frames/video04_frame_000576.jpg,data_collection/more/filtered_frames/video04_frame_000576.jpg,NO,Extracted at ~2 FPS (dHash: 2204006467539072593)
gettyimages-1479449515-640_adpp.mp4,588,23.52,data_collection/more/raw_frames/video04_frame_000588.jpg,data_collection/more/filtered_frames/video04_frame_000588.jpg,YES,Extracted at ~2 FPS (dHash: 10535738492006249785)
gettyimages-1479449515-640_adpp.mp4,600,24.0,data_collection/more/raw_frames/video04_frame_000600.jpg,data_collection/more/filtered_frames/video04_frame_000600.jpg,NO,Extracted at ~2 FPS (dHash: 3626051301466257717)
gettyimages-1479449515-640_adpp.mp4,612,24.48,data_collection/more/raw_frames/video04_frame_000612.jpg,,NO,Extracted at ~2 FPS (dHash: 3626051301465995573)
gettyimages-1479449515-640_adpp.mp4,624,24.96,data_collection/more/raw_frames/video04_frame_000624.jpg,data_collection/more/filtered_frames/video04_frame_000624.jpg,NO,Extracted at ~2 FPS (dHash: 3472363627187091765)
gettyimages-1479449515-640_adpp.mp4,636,25.44,data_collection/more/raw_frames/video04_frame_000636.jpg,,NO,Extracted at ~2 FPS (dHash: 3472398811592734773)
gettyimages-1479449515-640_adpp.mp4,648,25.92,data_collection/more/raw_frames/video04_frame_000648.jpg,data_collection/more/filtered_frames/video04_frame_000648.jpg,YES,Extracted at ~2 FPS (dHash: 3472398811708225589)
gettyimages-2252592570-640_adpp.mp4,0,0.0,data_collection/more/raw_frames/video05_frame_000000.jpg,data_collection/more/filtered_frames/video05_frame_000000.jpg,YES,Extracted at ~2 FPS (dHash: 12289917179839223348)
gettyimages-2252592570-640_adpp.mp4,30,0.501,data_collection/more/raw_frames/video05_frame_000030.jpg,data_collection/more/filtered_frames/video05_frame_000030.jpg,YES,Extracted at ~2 FPS (dHash: 12298941972873321140)
gettyimages-2252592570-640_adpp.mp4,60,1.001,data_collection/more/raw_frames/video05_frame_000060.jpg,,NO,Extracted at ~2 FPS (dHash: 12298941968578353332)
gettyimages-2252592570-640_adpp.mp4,90,1.502,data_collection/more/raw_frames/video05_frame_000090.jpg,,NO,Extracted at ~2 FPS (dHash: 12298941966430869686)
gettyimages-2252592570-640_adpp.mp4,120,2.002,data_collection/more/raw_frames/video05_frame_000120.jpg,,NO,Extracted at ~2 FPS (dHash: 12370999560468798134)
gettyimages-2252592570-640_adpp.mp4,150,2.502,data_collection/more/raw_frames/video05_frame_000150.jpg,data_collection/more/filtered_frames/video05_frame_000150.jpg,YES,Extracted at ~2 FPS (dHash: 12371281035445508758)
gettyimages-2252592570-640_adpp.mp4,180,3.003,data_collection/more/raw_frames/video05_frame_000180.jpg,,NO,Extracted at ~2 FPS (dHash: 12371351404206463124)
gettyimages-2252592570-640_adpp.mp4,210,3.504,data_collection/more/raw_frames/video05_frame_000210.jpg,data_collection/more/filtered_frames/video05_frame_000210.jpg,YES,Extracted at ~2 FPS (dHash: 12371351404139354260)
gettyimages-2252592570-640_adpp.mp4,240,4.004,data_collection/more/raw_frames/video05_frame_000240.jpg,data_collection/more/filtered_frames/video05_frame_000240.jpg,YES,Extracted at ~2 FPS (dHash: 12659572984198322580)
gettyimages-2252592570-640_adpp.mp4,270,4.505,data_collection/more/raw_frames/video05_frame_000270.jpg,,NO,Extracted at ~2 FPS (dHash: 12659581780358453652)
gettyimages-2252592570-640_adpp.mp4,300,5.005,data_collection/more/raw_frames/video05_frame_000300.jpg,data_collection/more/filtered_frames/video05_frame_000300.jpg,YES,Extracted at ~2 FPS (dHash: 12515466596578087317)
gettyimages-2252592570-640_adpp.mp4,330,5.506,data_collection/more/raw_frames/video05_frame_000330.jpg,,NO,Extracted at ~2 FPS (dHash: 12515396227833909653)
gettyimages-2252592570-640_adpp.mp4,360,6.006,data_collection/more/raw_frames/video05_frame_000360.jpg,,NO,Extracted at ~2 FPS (dHash: 12515397327347634581)
gettyimages-2252592570-640_adpp.mp4,390,6.506,data_collection/more/raw_frames/video05_frame_000390.jpg,data_collection/more/filtered_frames/video05_frame_000390.jpg,YES,Extracted at ~2 FPS (dHash: 12515397327345538451)
gettyimages-2252592570-640_adpp.mp4,420,7.007,data_collection/more/raw_frames/video05_frame_000420.jpg,,NO,Extracted at ~2 FPS (dHash: 12533480995087570331)
gettyimages-2252592570-640_adpp.mp4,450,7.508,data_collection/more/raw_frames/video05_frame_000450.jpg,data_collection/more/filtered_frames/video05_frame_000450.jpg,YES,Extracted at ~2 FPS (dHash: 12524473795832829339)
gettyimages-2252592570-640_adpp.mp4,480,8.008,data_collection/more/raw_frames/video05_frame_000480.jpg,,NO,Extracted at ~2 FPS (dHash: 12524333127063946651)
gettyimages-2252592570-640_adpp.mp4,510,8.508,data_collection/more/raw_frames/video05_frame_000510.jpg,data_collection/more/filtered_frames/video05_frame_000510.jpg,YES,Extracted at ~2 FPS (dHash: 12488233961300805019)
gettyimages-2252592570-640_adpp.mp4,540,9.009,data_collection/more/raw_frames/video05_frame_000540.jpg,data_collection/more/filtered_frames/video05_frame_000540.jpg,YES,Extracted at ~2 FPS (dHash: 12632340284564145371)
gettyimages-2252592570-640_adpp.mp4,570,9.51,data_collection/more/raw_frames/video05_frame_000570.jpg,,NO,Extracted at ~2 FPS (dHash: 12632340267384276043)
gettyimages-2259036596-640_adpp.mp4,0,0.0,data_collection/more/raw_frames/video06_frame_000000.jpg,data_collection/more/filtered_frames/video06_frame_000000.jpg,YES,Extracted at ~2 FPS (dHash: 5570378759319416301)
gettyimages-2259036596-640_adpp.mp4,15,0.501,data_collection/more/raw_frames/video06_frame_000015.jpg,,NO,Extracted at ~2 FPS (dHash: 5570378750729481708)
gettyimages-2259036596-640_adpp.mp4,30,1.001,data_collection/more/raw_frames/video06_frame_000030.jpg,data_collection/more/filtered_frames/video06_frame_000030.jpg,YES,Extracted at ~2 FPS (dHash: 10145754496894856685)
gettyimages-2259036596-640_adpp.mp4,45,1.502,data_collection/more/raw_frames/video06_frame_000045.jpg,data_collection/more/filtered_frames/video06_frame_000045.jpg,NO,Extracted at ~2 FPS (dHash: 11298666071459490281)
gettyimages-2259036596-640_adpp.mp4,60,2.002,data_collection/more/raw_frames/video06_frame_000060.jpg,data_collection/more/filtered_frames/video06_frame_000060.jpg,YES,Extracted at ~2 FPS (dHash: 10995795749527747017)
gettyimages-2259036596-640_adpp.mp4,75,2.502,data_collection/more/raw_frames/video06_frame_000075.jpg,data_collection/more/filtered_frames/video06_frame_000075.jpg,NO,Extracted at ~2 FPS (dHash: 10995795749542558153)
gettyimages-2259036596-640_adpp.mp4,90,3.003,data_collection/more/raw_frames/video06_frame_000090.jpg,data_collection/more/filtered_frames/video06_frame_000090.jpg,YES,Extracted at ~2 FPS (dHash: 1772423716986935769)
gettyimages-2259036596-640_adpp.mp4,105,3.504,data_collection/more/raw_frames/video06_frame_000105.jpg,data_collection/more/filtered_frames/video06_frame_000105.jpg,NO,Extracted at ~2 FPS (dHash: 4078268650343354841)
gettyimages-2259036596-640_adpp.mp4,120,4.004,data_collection/more/raw_frames/video06_frame_000120.jpg,data_collection/more/filtered_frames/video06_frame_000120.jpg,YES,Extracted at ~2 FPS (dHash: 8689953843474322385)
gettyimages-2259036596-640_adpp.mp4,135,4.505,data_collection/more/raw_frames/video06_frame_000135.jpg,data_collection/more/filtered_frames/video06_frame_000135.jpg,NO,Extracted at ~2 FPS (dHash: 3474776678888362961)
gettyimages-2259036596-640_adpp.mp4,150,5.005,data_collection/more/raw_frames/video06_frame_000150.jpg,data_collection/more/filtered_frames/video06_frame_000150.jpg,YES,Extracted at ~2 FPS (dHash: 3472542299459933077)
gettyimages-2259036596-640_adpp.mp4,165,5.506,data_collection/more/raw_frames/video06_frame_000165.jpg,data_collection/more/filtered_frames/video06_frame_000165.jpg,NO,Extracted at ~2 FPS (dHash: 3472506977649153941)
gettyimages-2259036596-640_adpp.mp4,180,6.006,data_collection/more/raw_frames/video06_frame_000180.jpg,data_collection/more/filtered_frames/video06_frame_000180.jpg,YES,Extracted at ~2 FPS (dHash: 8084439561559070674)
gettyimages-2259036596-640_adpp.mp4,195,6.506,data_collection/more/raw_frames/video06_frame_000195.jpg,data_collection/more/filtered_frames/video06_frame_000195.jpg,NO,Extracted at ~2 FPS (dHash: 17343840120084088794)
gettyimages-2259036596-640_adpp.mp4,210,7.007,data_collection/more/raw_frames/video06_frame_000210.jpg,data_collection/more/filtered_frames/video06_frame_000210.jpg,YES,Extracted at ~2 FPS (dHash: 6931498195445336026)
gettyimages-2259036596-640_adpp.mp4,225,7.508,data_collection/more/raw_frames/video06_frame_000225.jpg,data_collection/more/filtered_frames/video06_frame_000225.jpg,NO,Extracted at ~2 FPS (dHash: 6945013409822267090)
gettyimages-2259036596-640_adpp.mp4,240,8.008,data_collection/more/raw_frames/video06_frame_000240.jpg,data_collection/more/filtered_frames/video06_frame_000240.jpg,YES,Extracted at ~2 FPS (dHash: 16168455815417022362)
gettyimages-2259036596-640_adpp.mp4,255,8.508,data_collection/more/raw_frames/video06_frame_000255.jpg,,NO,Extracted at ~2 FPS (dHash: 16168455806831273882)
gettyimages-2259036596-640_adpp.mp4,270,9.009,data_collection/more/raw_frames/video06_frame_000270.jpg,data_collection/more/filtered_frames/video06_frame_000270.jpg,NO,Extracted at ~2 FPS (dHash: 16168458014444463770)
gettyimages-2259036596-640_adpp.mp4,285,9.51,data_collection/more/raw_frames/video06_frame_000285.jpg,,NO,Extracted at ~2 FPS (dHash: 16168457997264594586)
gettyimages-2259036596-640_adpp.mp4,300,10.01,data_collection/more/raw_frames/video06_frame_000300.jpg,data_collection/more/filtered_frames/video06_frame_000300.jpg,YES,Extracted at ~2 FPS (dHash: 16168453599213897362)
gettyimages-2259036596-640_adpp.mp4,315,10.511,data_collection/more/raw_frames/video06_frame_000315.jpg,,NO,Extracted at ~2 FPS (dHash: 16168172124241249938)
gettyimages-2259036596-640_adpp.mp4,330,11.011,data_collection/more/raw_frames/video06_frame_000330.jpg,data_collection/more/filtered_frames/video06_frame_000330.jpg,NO,Extracted at ~2 FPS (dHash: 16168172123704382935)
gettyimages-2259036596-640_adpp.mp4,345,11.511,data_collection/more/raw_frames/video06_frame_000345.jpg,,NO,Extracted at ~2 FPS (dHash: 16168171849363346909)
gettyimages-2259036596-640_adpp.mp4,360,12.012,data_collection/more/raw_frames/video06_frame_000360.jpg,data_collection/more/filtered_frames/video06_frame_000360.jpg,YES,Extracted at ~2 FPS (dHash: 16168664430572590557)
gettyimages-2259036596-640_adpp.mp4,375,12.513,data_collection/more/raw_frames/video06_frame_000375.jpg,data_collection/more/filtered_frames/video06_frame_000375.jpg,NO,Extracted at ~2 FPS (dHash: 6944729443227518413)
gettyimages-2259036596-640_adpp.mp4,390,13.013,data_collection/more/raw_frames/video06_frame_000390.jpg,data_collection/more/filtered_frames/video06_frame_000390.jpg,YES,Extracted at ~2 FPS (dHash: 16150088185345917901)
gettyimages-2259036596-640_adpp.mp4,405,13.514,data_collection/more/raw_frames/video06_frame_000405.jpg,data_collection/more/filtered_frames/video06_frame_000405.jpg,YES,Extracted at ~2 FPS (dHash: 8084437906384675530)
gettyimages-2259036596-640_adpp.mp4,420,14.014,data_collection/more/raw_frames/video06_frame_000420.jpg,data_collection/more/filtered_frames/video06_frame_000420.jpg,NO,Extracted at ~2 FPS (dHash: 8372457727955559146)
gettyimages-2259036596-640_adpp.mp4,435,14.514,data_collection/more/raw_frames/video06_frame_000435.jpg,data_collection/more/filtered_frames/video06_frame_000435.jpg,YES,Extracted at ~2 FPS (dHash: 8084227077020836326)
gettyimages-2259036596-640_adpp.mp4,450,15.015,data_collection/more/raw_frames/video06_frame_000450.jpg,data_collection/more/filtered_frames/video06_frame_000450.jpg,NO,Extracted at ~2 FPS (dHash: 8228307081261441383)
gettyimages-2259036596-640_adpp.mp4,465,15.515,data_collection/more/raw_frames/video06_frame_000465.jpg,,NO,Extracted at ~2 FPS (dHash: 8264334778768253285)
gettyimages-2259036596-640_adpp.mp4,480,16.016,data_collection/more/raw_frames/video06_frame_000480.jpg,data_collection/more/filtered_frames/video06_frame_000480.jpg,YES,Extracted at ~2 FPS (dHash: 8265460683003487589)
gettyimages-2259036596-640_adpp.mp4,495,16.517,data_collection/more/raw_frames/video06_frame_000495.jpg,data_collection/more/filtered_frames/video06_frame_000495.jpg,NO,Extracted at ~2 FPS (dHash: 3500661064614372709)
gettyimages-2259036596-640_adpp.mp4,510,17.017,data_collection/more/raw_frames/video06_frame_000510.jpg,data_collection/more/filtered_frames/video06_frame_000510.jpg,YES,Extracted at ~2 FPS (dHash: 12722907475333473651)
gettyimages-2259036596-640_adpp.mp4,525,17.518,data_collection/more/raw_frames/video06_frame_000525.jpg,data_collection/more/filtered_frames/video06_frame_000525.jpg,NO,Extracted at ~2 FPS (dHash: 13445735179018691699)
gettyimages-2259036596-640_adpp.mp4,540,18.018,data_collection/more/raw_frames/video06_frame_000540.jpg,data_collection/more/filtered_frames/video06_frame_000540.jpg,YES,Extracted at ~2 FPS (dHash: 11013791380235481139)
gettyimages-2259036596-640_adpp.mp4,555,18.518,data_collection/more/raw_frames/video06_frame_000555.jpg,data_collection/more/filtered_frames/video06_frame_000555.jpg,NO,Extracted at ~2 FPS (dHash: 11013791380503802003)
gettyimages-2259036596-640_adpp.mp4,570,19.019,data_collection/more/raw_frames/video06_frame_000570.jpg,data_collection/more/filtered_frames/video06_frame_000570.jpg,YES,Extracted at ~2 FPS (dHash: 11013791380495454419)
gettyimages-2259036596-640_adpp.mp4,585,19.52,data_collection/more/raw_frames/video06_frame_000585.jpg,data_collection/more/filtered_frames/video06_frame_000585.jpg,NO,Extracted at ~2 FPS (dHash: 1934392969724979323)
gettyimages-2259036596-640_adpp.mp4,600,20.02,data_collection/more/raw_frames/video06_frame_000600.jpg,data_collection/more/filtered_frames/video06_frame_000600.jpg,YES,Extracted at ~2 FPS (dHash: 14616705994703018041)
gettyimages-2259036596-640_adpp.mp4,615,20.521,data_collection/more/raw_frames/video06_frame_000615.jpg,data_collection/more/filtered_frames/video06_frame_000615.jpg,NO,Extracted at ~2 FPS (dHash: 15769627772031866939)
gettyimages-2259036596-640_adpp.mp4,630,21.021,data_collection/more/raw_frames/video06_frame_000630.jpg,data_collection/more/filtered_frames/video06_frame_000630.jpg,YES,Extracted at ~2 FPS (dHash: 15769627789615970363)
gettyimages-2259036596-640_adpp.mp4,645,21.521,data_collection/more/raw_frames/video06_frame_000645.jpg,data_collection/more/filtered_frames/video06_frame_000645.jpg,NO,Extracted at ~2 FPS (dHash: 11013791363374266419)
gettyimages-2259036596-640_adpp.mp4,660,22.022,data_collection/more/raw_frames/video06_frame_000660.jpg,data_collection/more/filtered_frames/video06_frame_000660.jpg,YES,Extracted at ~2 FPS (dHash: 11013791397817921587)
gettyimages-2259036596-640_adpp.mp4,675,22.523,data_collection/more/raw_frames/video06_frame_000675.jpg,data_collection/more/filtered_frames/video06_frame_000675.jpg,NO,Extracted at ~2 FPS (dHash: 11009287522641621299)
gettyimages-2259036596-640_adpp.mp4,690,23.023,data_collection/more/raw_frames/video06_frame_000690.jpg,data_collection/more/filtered_frames/video06_frame_000690.jpg,YES,Extracted at ~2 FPS (dHash: 11013826311472918839)
gettyimages-2259036596-640_adpp.mp4,705,23.524,data_collection/more/raw_frames/video06_frame_000705.jpg,data_collection/more/filtered_frames/video06_frame_000705.jpg,NO,Extracted at ~2 FPS (dHash: 11013738401677545751)
gettyimages-2259036596-640_adpp.mp4,720,24.024,data_collection/more/raw_frames/video06_frame_000720.jpg,data_collection/more/filtered_frames/video06_frame_000720.jpg,YES,Extracted at ~2 FPS (dHash: 11013808770425934166)
gettyimages-2259036596-640_adpp.mp4,735,24.524,data_collection/more/raw_frames/video06_frame_000735.jpg,,NO,Extracted at ~2 FPS (dHash: 10995794374063935830)
gettyimages-2259036596-640_adpp.mp4,750,25.025,data_collection/more/raw_frames/video06_frame_000750.jpg,data_collection/more/filtered_frames/video06_frame_000750.jpg,NO,Extracted at ~2 FPS (dHash: 10996076948552405062)
gettyimages-2259036596-640_adpp.mp4,765,25.526,data_collection/more/raw_frames/video06_frame_000765.jpg,data_collection/more/filtered_frames/video06_frame_000765.jpg,YES,Extracted at ~2 FPS (dHash: 13301937549985632838)
gettyimages-2259036596-640_adpp.mp4,780,26.026,data_collection/more/raw_frames/video06_frame_000780.jpg,,NO,Extracted at ~2 FPS (dHash: 13301937549985632838)
