source_video,frame_number,timestamp_seconds,original_width,original_height,fps,video_duration,extraction_fps,relative_path
6790005-uhd_2160_3840_25fps.mp4,0,0.0,2160,3840,25.0,17.28,2.08,data_collection/more_frames/6790005-uhd_2160_3840_25fps/6790005-uhd_2160_3840_25fps_frame_000000.jpg
6790005-uhd_2160_3840_25fps.mp4,12,0.48,2160,3840,25.0,17.28,2.08,data_collection/more_frames/6790005-uhd_2160_3840_25fps/6790005-uhd_2160_3840_25fps_frame_000012.jpg
6790005-uhd_2160_3840_25fps.mp4,24,0.96,2160,3840,25.0,17.28,2.08,data_collection/more_frames/6790005-uhd_2160_3840_25fps/6790005-uhd_2160_3840_25fps_frame_000024.jpg
6790005-uhd_2160_3840_25fps.mp4,36,1.44,2160,3840,25.0,17.28,2.08,data_collection/more_frames/6790005-uhd_2160_3840_25fps/6790005-uhd_2160_3840_25fps_frame_000036.jpg
6790005-uhd_2160_3840_25fps.mp4,48,1.92,2160,3840,25.0,17.28,2.08,data_collection/more_frames/6790005-uhd_2160_3840_25fps/6790005-uhd_2160_3840_25fps_frame_000048.jpg
6790005-uhd_2160_3840_25fps.mp4,60,2.4,2160,3840,25.0,17.28,2.08,data_collection/more_frames/6790005-uhd_2160_3840_25fps/6790005-uhd_2160_3840_25fps_frame_000060.jpg
6790005-uhd_2160_3840_25fps.mp4,72,2.88,2160,3840,25.0,17.28,2.08,data_collection/more_frames/6790005-uhd_2160_3840_25fps/6790005-uhd_2160_3840_25fps_frame_000072.jpg
6790005-uhd_2160_3840_25fps.mp4,84,3.36,2160,3840,25.0,17.28,2.08,data_collection/more_frames/6790005-uhd_2160_3840_25fps/6790005-uhd_2160_3840_25fps_frame_000084.jpg
6790005-uhd_2160_3840_25fps.mp4,96,3.84,2160,3840,25.0,17.28,2.08,data_collection/more_frames/6790005-uhd_2160_3840_25fps/6790005-uhd_2160_3840_25fps_frame_000096.jpg
6790005-uhd_2160_3840_25fps.mp4,108,4.32,2160,3840,25.0,17.28,2.08,data_collection/more_frames/6790005-uhd_2160_3840_25fps/6790005-uhd_2160_3840_25fps_frame_000108.jpg
6790005-uhd_2160_3840_25fps.mp4,120,4.8,2160,3840,25.0,17.28,2.08,data_collection/more_frames/6790005-uhd_2160_3840_25fps/6790005-uhd_2160_3840_25fps_frame_000120.jpg
6790005-uhd_2160_3840_25fps.mp4,132,5.28,2160,3840,25.0,17.28,2.08,data_collection/more_frames/6790005-uhd_2160_3840_25fps/6790005-uhd_2160_3840_25fps_frame_000132.jpg
6790005-uhd_2160_3840_25fps.mp4,144,5.76,2160,3840,25.0,17.28,2.08,data_collection/more_frames/6790005-uhd_2160_3840_25fps/6790005-uhd_2160_3840_25fps_frame_000144.jpg
6790005-uhd_2160_3840_25fps.mp4,156,6.24,2160,3840,25.0,17.28,2.08,data_collection/more_frames/6790005-uhd_2160_3840_25fps/6790005-uhd_2160_3840_25fps_frame_000156.jpg
6790005-uhd_2160_3840_25fps.mp4,168,6.72,2160,3840,25.0,17.28,2.08,data_collection/more_frames/6790005-uhd_2160_3840_25fps/6790005-uhd_2160_3840_25fps_frame_000168.jpg
6790005-uhd_2160_3840_25fps.mp4,180,7.2,2160,3840,25.0,17.28,2.08,data_collection/more_frames/6790005-uhd_2160_3840_25fps/6790005-uhd_2160_3840_25fps_frame_000180.jpg
6790005-uhd_2160_3840_25fps.mp4,192,7.68,2160,3840,25.0,17.28,2.08,data_collection/more_frames/6790005-uhd_2160_3840_25fps/6790005-uhd_2160_3840_25fps_frame_000192.jpg
6790005-uhd_2160_3840_25fps.mp4,204,8.16,2160,3840,25.0,17.28,2.08,data_collection/more_frames/6790005-uhd_2160_3840_25fps/6790005-uhd_2160_3840_25fps_frame_000204.jpg
6790005-uhd_2160_3840_25fps.mp4,216,8.64,2160,3840,25.0,17.28,2.08,data_collection/more_frames/6790005-uhd_2160_3840_25fps/6790005-uhd_2160_3840_25fps_frame_000216.jpg
6790005-uhd_2160_3840_25fps.mp4,228,9.12,2160,3840,25.0,17.28,2.08,data_collection/more_frames/6790005-uhd_2160_3840_25fps/6790005-uhd_2160_3840_25fps_frame_000228.jpg
6790005-uhd_2160_3840_25fps.mp4,240,9.6,2160,3840,25.0,17.28,2.08,data_collection/more_frames/6790005-uhd_2160_3840_25fps/6790005-uhd_2160_3840_25fps_frame_000240.jpg
6790005-uhd_2160_3840_25fps.mp4,252,10.08,2160,3840,25.0,17.28,2.08,data_collection/more_frames/6790005-uhd_2160_3840_25fps/6790005-uhd_2160_3840_25fps_frame_000252.jpg
6790005-uhd_2160_3840_25fps.mp4,264,10.56,2160,3840,25.0,17.28,2.08,data_collection/more_frames/6790005-uhd_2160_3840_25fps/6790005-uhd_2160_3840_25fps_frame_000264.jpg
6790005-uhd_2160_3840_25fps.mp4,276,11.04,2160,3840,25.0,17.28,2.08,data_collection/more_frames/6790005-uhd_2160_3840_25fps/6790005-uhd_2160_3840_25fps_frame_000276.jpg
6790005-uhd_2160_3840_25fps.mp4,288,11.52,2160,3840,25.0,17.28,2.08,data_collection/more_frames/6790005-uhd_2160_3840_25fps/6790005-uhd_2160_3840_25fps_frame_000288.jpg
6790005-uhd_2160_3840_25fps.mp4,300,12.0,2160,3840,25.0,17.28,2.08,data_collection/more_frames/6790005-uhd_2160_3840_25fps/6790005-uhd_2160_3840_25fps_frame_000300.jpg
6790005-uhd_2160_3840_25fps.mp4,312,12.48,2160,3840,25.0,17.28,2.08,data_collection/more_frames/6790005-uhd_2160_3840_25fps/6790005-uhd_2160_3840_25fps_frame_000312.jpg
6790005-uhd_2160_3840_25fps.mp4,324,12.96,2160,3840,25.0,17.28,2.08,data_collection/more_frames/6790005-uhd_2160_3840_25fps/6790005-uhd_2160_3840_25fps_frame_000324.jpg
6790005-uhd_2160_3840_25fps.mp4,336,13.44,2160,3840,25.0,17.28,2.08,data_collection/more_frames/6790005-uhd_2160_3840_25fps/6790005-uhd_2160_3840_25fps_frame_000336.jpg
6790005-uhd_2160_3840_25fps.mp4,348,13.92,2160,3840,25.0,17.28,2.08,data_collection/more_frames/6790005-uhd_2160_3840_25fps/6790005-uhd_2160_3840_25fps_frame_000348.jpg
6790005-uhd_2160_3840_25fps.mp4,360,14.4,2160,3840,25.0,17.28,2.08,data_collection/more_frames/6790005-uhd_2160_3840_25fps/6790005-uhd_2160_3840_25fps_frame_000360.jpg
6790005-uhd_2160_3840_25fps.mp4,372,14.88,2160,3840,25.0,17.28,2.08,data_collection/more_frames/6790005-uhd_2160_3840_25fps/6790005-uhd_2160_3840_25fps_frame_000372.jpg
6790005-uhd_2160_3840_25fps.mp4,384,15.36,2160,3840,25.0,17.28,2.08,data_collection/more_frames/6790005-uhd_2160_3840_25fps/6790005-uhd_2160_3840_25fps_frame_000384.jpg
6790005-uhd_2160_3840_25fps.mp4,396,15.84,2160,3840,25.0,17.28,2.08,data_collection/more_frames/6790005-uhd_2160_3840_25fps/6790005-uhd_2160_3840_25fps_frame_000396.jpg
6790005-uhd_2160_3840_25fps.mp4,408,16.32,2160,3840,25.0,17.28,2.08,data_collection/more_frames/6790005-uhd_2160_3840_25fps/6790005-uhd_2160_3840_25fps_frame_000408.jpg
6790005-uhd_2160_3840_25fps.mp4,420,16.8,2160,3840,25.0,17.28,2.08,data_collection/more_frames/6790005-uhd_2160_3840_25fps/6790005-uhd_2160_3840_25fps_frame_000420.jpg
8689912-uhd_2160_3840_25fps.mp4,0,0.0,2160,3840,25.0,9.72,2.08,data_collection/more_frames/8689912-uhd_2160_3840_25fps/8689912-uhd_2160_3840_25fps_frame_000000.jpg
8689912-uhd_2160_3840_25fps.mp4,12,0.48,2160,3840,25.0,9.72,2.08,data_collection/more_frames/8689912-uhd_2160_3840_25fps/8689912-uhd_2160_3840_25fps_frame_000012.jpg
8689912-uhd_2160_3840_25fps.mp4,24,0.96,2160,3840,25.0,9.72,2.08,data_collection/more_frames/8689912-uhd_2160_3840_25fps/8689912-uhd_2160_3840_25fps_frame_000024.jpg
8689912-uhd_2160_3840_25fps.mp4,36,1.44,2160,3840,25.0,9.72,2.08,data_collection/more_frames/8689912-uhd_2160_3840_25fps/8689912-uhd_2160_3840_25fps_frame_000036.jpg
8689912-uhd_2160_3840_25fps.mp4,48,1.92,2160,3840,25.0,9.72,2.08,data_collection/more_frames/8689912-uhd_2160_3840_25fps/8689912-uhd_2160_3840_25fps_frame_000048.jpg
8689912-uhd_2160_3840_25fps.mp4,60,2.4,2160,3840,25.0,9.72,2.08,data_collection/more_frames/8689912-uhd_2160_3840_25fps/8689912-uhd_2160_3840_25fps_frame_000060.jpg
8689912-uhd_2160_3840_25fps.mp4,72,2.88,2160,3840,25.0,9.72,2.08,data_collection/more_frames/8689912-uhd_2160_3840_25fps/8689912-uhd_2160_3840_25fps_frame_000072.jpg
8689912-uhd_2160_3840_25fps.mp4,84,3.36,2160,3840,25.0,9.72,2.08,data_collection/more_frames/8689912-uhd_2160_3840_25fps/8689912-uhd_2160_3840_25fps_frame_000084.jpg
8689912-uhd_2160_3840_25fps.mp4,96,3.84,2160,3840,25.0,9.72,2.08,data_collection/more_frames/8689912-uhd_2160_3840_25fps/8689912-uhd_2160_3840_25fps_frame_000096.jpg
8689912-uhd_2160_3840_25fps.mp4,108,4.32,2160,3840,25.0,9.72,2.08,data_collection/more_frames/8689912-uhd_2160_3840_25fps/8689912-uhd_2160_3840_25fps_frame_000108.jpg
8689912-uhd_2160_3840_25fps.mp4,120,4.8,2160,3840,25.0,9.72,2.08,data_collection/more_frames/8689912-uhd_2160_3840_25fps/8689912-uhd_2160_3840_25fps_frame_000120.jpg
8689912-uhd_2160_3840_25fps.mp4,132,5.28,2160,3840,25.0,9.72,2.08,data_collection/more_frames/8689912-uhd_2160_3840_25fps/8689912-uhd_2160_3840_25fps_frame_000132.jpg
8689912-uhd_2160_3840_25fps.mp4,144,5.76,2160,3840,25.0,9.72,2.08,data_collection/more_frames/8689912-uhd_2160_3840_25fps/8689912-uhd_2160_3840_25fps_frame_000144.jpg
8689912-uhd_2160_3840_25fps.mp4,156,6.24,2160,3840,25.0,9.72,2.08,data_collection/more_frames/8689912-uhd_2160_3840_25fps/8689912-uhd_2160_3840_25fps_frame_000156.jpg
8689912-uhd_2160_3840_25fps.mp4,168,6.72,2160,3840,25.0,9.72,2.08,data_collection/more_frames/8689912-uhd_2160_3840_25fps/8689912-uhd_2160_3840_25fps_frame_000168.jpg
8689912-uhd_2160_3840_25fps.mp4,180,7.2,2160,3840,25.0,9.72,2.08,data_collection/more_frames/8689912-uhd_2160_3840_25fps/8689912-uhd_2160_3840_25fps_frame_000180.jpg
8689912-uhd_2160_3840_25fps.mp4,192,7.68,2160,3840,25.0,9.72,2.08,data_collection/more_frames/8689912-uhd_2160_3840_25fps/8689912-uhd_2160_3840_25fps_frame_000192.jpg
8689912-uhd_2160_3840_25fps.mp4,204,8.16,2160,3840,25.0,9.72,2.08,data_collection/more_frames/8689912-uhd_2160_3840_25fps/8689912-uhd_2160_3840_25fps_frame_000204.jpg
8689912-uhd_2160_3840_25fps.mp4,216,8.64,2160,3840,25.0,9.72,2.08,data_collection/more_frames/8689912-uhd_2160_3840_25fps/8689912-uhd_2160_3840_25fps_frame_000216.jpg
8689912-uhd_2160_3840_25fps.mp4,228,9.12,2160,3840,25.0,9.72,2.08,data_collection/more_frames/8689912-uhd_2160_3840_25fps/8689912-uhd_2160_3840_25fps_frame_000228.jpg
8689912-uhd_2160_3840_25fps.mp4,240,9.6,2160,3840,25.0,9.72,2.08,data_collection/more_frames/8689912-uhd_2160_3840_25fps/8689912-uhd_2160_3840_25fps_frame_000240.jpg
istockphoto-1205585966-640_adpp_is.mp4,0,0.0,768,432,29.97,11.44,2.0,data_collection/more_frames/istockphoto-1205585966-640_adpp_is/istockphoto-1205585966-640_adpp_is_frame_000000.jpg
istockphoto-1205585966-640_adpp_is.mp4,15,0.501,768,432,29.97,11.44,2.0,data_collection/more_frames/istockphoto-1205585966-640_adpp_is/istockphoto-1205585966-640_adpp_is_frame_000015.jpg
istockphoto-1205585966-640_adpp_is.mp4,30,1.001,768,432,29.97,11.44,2.0,data_collection/more_frames/istockphoto-1205585966-640_adpp_is/istockphoto-1205585966-640_adpp_is_frame_000030.jpg
istockphoto-1205585966-640_adpp_is.mp4,45,1.502,768,432,29.97,11.44,2.0,data_collection/more_frames/istockphoto-1205585966-640_adpp_is/istockphoto-1205585966-640_adpp_is_frame_000045.jpg
istockphoto-1205585966-640_adpp_is.mp4,60,2.002,768,432,29.97,11.44,2.0,data_collection/more_frames/istockphoto-1205585966-640_adpp_is/istockphoto-1205585966-640_adpp_is_frame_000060.jpg
istockphoto-1205585966-640_adpp_is.mp4,75,2.502,768,432,29.97,11.44,2.0,data_collection/more_frames/istockphoto-1205585966-640_adpp_is/istockphoto-1205585966-640_adpp_is_frame_000075.jpg
istockphoto-1205585966-640_adpp_is.mp4,90,3.003,768,432,29.97,11.44,2.0,data_collection/more_frames/istockphoto-1205585966-640_adpp_is/istockphoto-1205585966-640_adpp_is_frame_000090.jpg
istockphoto-1205585966-640_adpp_is.mp4,105,3.504,768,432,29.97,11.44,2.0,data_collection/more_frames/istockphoto-1205585966-640_adpp_is/istockphoto-1205585966-640_adpp_is_frame_000105.jpg
istockphoto-1205585966-640_adpp_is.mp4,120,4.004,768,432,29.97,11.44,2.0,data_collection/more_frames/istockphoto-1205585966-640_adpp_is/istockphoto-1205585966-640_adpp_is_frame_000120.jpg
istockphoto-1205585966-640_adpp_is.mp4,135,4.505,768,432,29.97,11.44,2.0,data_collection/more_frames/istockphoto-1205585966-640_adpp_is/istockphoto-1205585966-640_adpp_is_frame_000135.jpg
istockphoto-1205585966-640_adpp_is.mp4,150,5.005,768,432,29.97,11.44,2.0,data_collection/more_frames/istockphoto-1205585966-640_adpp_is/istockphoto-1205585966-640_adpp_is_frame_000150.jpg
istockphoto-1205585966-640_adpp_is.mp4,165,5.506,768,432,29.97,11.44,2.0,data_collection/more_frames/istockphoto-1205585966-640_adpp_is/istockphoto-1205585966-640_adpp_is_frame_000165.jpg
istockphoto-1205585966-640_adpp_is.mp4,180,6.006,768,432,29.97,11.44,2.0,data_collection/more_frames/istockphoto-1205585966-640_adpp_is/istockphoto-1205585966-640_adpp_is_frame_000180.jpg
istockphoto-1205585966-640_adpp_is.mp4,195,6.506,768,432,29.97,11.44,2.0,data_collection/more_frames/istockphoto-1205585966-640_adpp_is/istockphoto-1205585966-640_adpp_is_frame_000195.jpg
istockphoto-1205585966-640_adpp_is.mp4,210,7.007,768,432,29.97,11.44,2.0,data_collection/more_frames/istockphoto-1205585966-640_adpp_is/istockphoto-1205585966-640_adpp_is_frame_000210.jpg
istockphoto-1205585966-640_adpp_is.mp4,225,7.508,768,432,29.97,11.44,2.0,data_collection/more_frames/istockphoto-1205585966-640_adpp_is/istockphoto-1205585966-640_adpp_is_frame_000225.jpg
istockphoto-1205585966-640_adpp_is.mp4,240,8.008,768,432,29.97,11.44,2.0,data_collection/more_frames/istockphoto-1205585966-640_adpp_is/istockphoto-1205585966-640_adpp_is_frame_000240.jpg
istockphoto-1205585966-640_adpp_is.mp4,255,8.508,768,432,29.97,11.44,2.0,data_collection/more_frames/istockphoto-1205585966-640_adpp_is/istockphoto-1205585966-640_adpp_is_frame_000255.jpg
istockphoto-1205585966-640_adpp_is.mp4,270,9.009,768,432,29.97,11.44,2.0,data_collection/more_frames/istockphoto-1205585966-640_adpp_is/istockphoto-1205585966-640_adpp_is_frame_000270.jpg
istockphoto-1205585966-640_adpp_is.mp4,285,9.51,768,432,29.97,11.44,2.0,data_collection/more_frames/istockphoto-1205585966-640_adpp_is/istockphoto-1205585966-640_adpp_is_frame_000285.jpg
istockphoto-1205585966-640_adpp_is.mp4,300,10.01,768,432,29.97,11.44,2.0,data_collection/more_frames/istockphoto-1205585966-640_adpp_is/istockphoto-1205585966-640_adpp_is_frame_000300.jpg
istockphoto-1205585966-640_adpp_is.mp4,315,10.511,768,432,29.97,11.44,2.0,data_collection/more_frames/istockphoto-1205585966-640_adpp_is/istockphoto-1205585966-640_adpp_is_frame_000315.jpg
istockphoto-1205585966-640_adpp_is.mp4,330,11.011,768,432,29.97,11.44,2.0,data_collection/more_frames/istockphoto-1205585966-640_adpp_is/istockphoto-1205585966-640_adpp_is_frame_000330.jpg
istockphoto-901643128-640_adpp_is.mp4,0,0.0,768,432,23.98,20.6,2.0,data_collection/more_frames/istockphoto-901643128-640_adpp_is/istockphoto-901643128-640_adpp_is_frame_000000.jpg
istockphoto-901643128-640_adpp_is.mp4,12,0.5,768,432,23.98,20.6,2.0,data_collection/more_frames/istockphoto-901643128-640_adpp_is/istockphoto-901643128-640_adpp_is_frame_000012.jpg
istockphoto-901643128-640_adpp_is.mp4,24,1.001,768,432,23.98,20.6,2.0,data_collection/more_frames/istockphoto-901643128-640_adpp_is/istockphoto-901643128-640_adpp_is_frame_000024.jpg
istockphoto-901643128-640_adpp_is.mp4,36,1.501,768,432,23.98,20.6,2.0,data_collection/more_frames/istockphoto-901643128-640_adpp_is/istockphoto-901643128-640_adpp_is_frame_000036.jpg
istockphoto-901643128-640_adpp_is.mp4,48,2.002,768,432,23.98,20.6,2.0,data_collection/more_frames/istockphoto-901643128-640_adpp_is/istockphoto-901643128-640_adpp_is_frame_000048.jpg
istockphoto-901643128-640_adpp_is.mp4,60,2.502,768,432,23.98,20.6,2.0,data_collection/more_frames/istockphoto-901643128-640_adpp_is/istockphoto-901643128-640_adpp_is_frame_000060.jpg
istockphoto-901643128-640_adpp_is.mp4,72,3.003,768,432,23.98,20.6,2.0,data_collection/more_frames/istockphoto-901643128-640_adpp_is/istockphoto-901643128-640_adpp_is_frame_000072.jpg
istockphoto-901643128-640_adpp_is.mp4,84,3.503,768,432,23.98,20.6,2.0,data_collection/more_frames/istockphoto-901643128-640_adpp_is/istockphoto-901643128-640_adpp_is_frame_000084.jpg
istockphoto-901643128-640_adpp_is.mp4,96,4.004,768,432,23.98,20.6,2.0,data_collection/more_frames/istockphoto-901643128-640_adpp_is/istockphoto-901643128-640_adpp_is_frame_000096.jpg
istockphoto-901643128-640_adpp_is.mp4,108,4.504,768,432,23.98,20.6,2.0,data_collection/more_frames/istockphoto-901643128-640_adpp_is/istockphoto-901643128-640_adpp_is_frame_000108.jpg
istockphoto-901643128-640_adpp_is.mp4,120,5.005,768,432,23.98,20.6,2.0,data_collection/more_frames/istockphoto-901643128-640_adpp_is/istockphoto-901643128-640_adpp_is_frame_000120.jpg
istockphoto-901643128-640_adpp_is.mp4,132,5.505,768,432,23.98,20.6,2.0,data_collection/more_frames/istockphoto-901643128-640_adpp_is/istockphoto-901643128-640_adpp_is_frame_000132.jpg
istockphoto-901643128-640_adpp_is.mp4,144,6.006,768,432,23.98,20.6,2.0,data_collection/more_frames/istockphoto-901643128-640_adpp_is/istockphoto-901643128-640_adpp_is_frame_000144.jpg
istockphoto-901643128-640_adpp_is.mp4,156,6.506,768,432,23.98,20.6,2.0,data_collection/more_frames/istockphoto-901643128-640_adpp_is/istockphoto-901643128-640_adpp_is_frame_000156.jpg
istockphoto-901643128-640_adpp_is.mp4,168,7.007,768,432,23.98,20.6,2.0,data_collection/more_frames/istockphoto-901643128-640_adpp_is/istockphoto-901643128-640_adpp_is_frame_000168.jpg
istockphoto-901643128-640_adpp_is.mp4,180,7.507,768,432,23.98,20.6,2.0,data_collection/more_frames/istockphoto-901643128-640_adpp_is/istockphoto-901643128-640_adpp_is_frame_000180.jpg
istockphoto-901643128-640_adpp_is.mp4,192,8.008,768,432,23.98,20.6,2.0,data_collection/more_frames/istockphoto-901643128-640_adpp_is/istockphoto-901643128-640_adpp_is_frame_000192.jpg
istockphoto-901643128-640_adpp_is.mp4,204,8.508,768,432,23.98,20.6,2.0,data_collection/more_frames/istockphoto-901643128-640_adpp_is/istockphoto-901643128-640_adpp_is_frame_000204.jpg
istockphoto-901643128-640_adpp_is.mp4,216,9.009,768,432,23.98,20.6,2.0,data_collection/more_frames/istockphoto-901643128-640_adpp_is/istockphoto-901643128-640_adpp_is_frame_000216.jpg
istockphoto-901643128-640_adpp_is.mp4,228,9.509,768,432,23.98,20.6,2.0,data_collection/more_frames/istockphoto-901643128-640_adpp_is/istockphoto-901643128-640_adpp_is_frame_000228.jpg
istockphoto-901643128-640_adpp_is.mp4,240,10.01,768,432,23.98,20.6,2.0,data_collection/more_frames/istockphoto-901643128-640_adpp_is/istockphoto-901643128-640_adpp_is_frame_000240.jpg
istockphoto-901643128-640_adpp_is.mp4,252,10.51,768,432,23.98,20.6,2.0,data_collection/more_frames/istockphoto-901643128-640_adpp_is/istockphoto-901643128-640_adpp_is_frame_000252.jpg
istockphoto-901643128-640_adpp_is.mp4,264,11.011,768,432,23.98,20.6,2.0,data_collection/more_frames/istockphoto-901643128-640_adpp_is/istockphoto-901643128-640_adpp_is_frame_000264.jpg
istockphoto-901643128-640_adpp_is.mp4,276,11.511,768,432,23.98,20.6,2.0,data_collection/more_frames/istockphoto-901643128-640_adpp_is/istockphoto-901643128-640_adpp_is_frame_000276.jpg
istockphoto-901643128-640_adpp_is.mp4,288,12.012,768,432,23.98,20.6,2.0,data_collection/more_frames/istockphoto-901643128-640_adpp_is/istockphoto-901643128-640_adpp_is_frame_000288.jpg
istockphoto-901643128-640_adpp_is.mp4,300,12.512,768,432,23.98,20.6,2.0,data_collection/more_frames/istockphoto-901643128-640_adpp_is/istockphoto-901643128-640_adpp_is_frame_000300.jpg
istockphoto-901643128-640_adpp_is.mp4,312,13.013,768,432,23.98,20.6,2.0,data_collection/more_frames/istockphoto-901643128-640_adpp_is/istockphoto-901643128-640_adpp_is_frame_000312.jpg
istockphoto-901643128-640_adpp_is.mp4,324,13.513,768,432,23.98,20.6,2.0,data_collection/more_frames/istockphoto-901643128-640_adpp_is/istockphoto-901643128-640_adpp_is_frame_000324.jpg
istockphoto-901643128-640_adpp_is.mp4,336,14.014,768,432,23.98,20.6,2.0,data_collection/more_frames/istockphoto-901643128-640_adpp_is/istockphoto-901643128-640_adpp_is_frame_000336.jpg
istockphoto-901643128-640_adpp_is.mp4,348,14.514,768,432,23.98,20.6,2.0,data_collection/more_frames/istockphoto-901643128-640_adpp_is/istockphoto-901643128-640_adpp_is_frame_000348.jpg
istockphoto-901643128-640_adpp_is.mp4,360,15.015,768,432,23.98,20.6,2.0,data_collection/more_frames/istockphoto-901643128-640_adpp_is/istockphoto-901643128-640_adpp_is_frame_000360.jpg
istockphoto-901643128-640_adpp_is.mp4,372,15.515,768,432,23.98,20.6,2.0,data_collection/more_frames/istockphoto-901643128-640_adpp_is/istockphoto-901643128-640_adpp_is_frame_000372.jpg
istockphoto-901643128-640_adpp_is.mp4,384,16.016,768,432,23.98,20.6,2.0,data_collection/more_frames/istockphoto-901643128-640_adpp_is/istockphoto-901643128-640_adpp_is_frame_000384.jpg
istockphoto-901643128-640_adpp_is.mp4,396,16.516,768,432,23.98,20.6,2.0,data_collection/more_frames/istockphoto-901643128-640_adpp_is/istockphoto-901643128-640_adpp_is_frame_000396.jpg
istockphoto-901643128-640_adpp_is.mp4,408,17.017,768,432,23.98,20.6,2.0,data_collection/more_frames/istockphoto-901643128-640_adpp_is/istockphoto-901643128-640_adpp_is_frame_000408.jpg
istockphoto-901643128-640_adpp_is.mp4,420,17.517,768,432,23.98,20.6,2.0,data_collection/more_frames/istockphoto-901643128-640_adpp_is/istockphoto-901643128-640_adpp_is_frame_000420.jpg
istockphoto-901643128-640_adpp_is.mp4,432,18.018,768,432,23.98,20.6,2.0,data_collection/more_frames/istockphoto-901643128-640_adpp_is/istockphoto-901643128-640_adpp_is_frame_000432.jpg
istockphoto-901643128-640_adpp_is.mp4,444,18.518,768,432,23.98,20.6,2.0,data_collection/more_frames/istockphoto-901643128-640_adpp_is/istockphoto-901643128-640_adpp_is_frame_000444.jpg
istockphoto-901643128-640_adpp_is.mp4,456,19.019,768,432,23.98,20.6,2.0,data_collection/more_frames/istockphoto-901643128-640_adpp_is/istockphoto-901643128-640_adpp_is_frame_000456.jpg
istockphoto-901643128-640_adpp_is.mp4,468,19.519,768,432,23.98,20.6,2.0,data_collection/more_frames/istockphoto-901643128-640_adpp_is/istockphoto-901643128-640_adpp_is_frame_000468.jpg
istockphoto-901643128-640_adpp_is.mp4,480,20.02,768,432,23.98,20.6,2.0,data_collection/more_frames/istockphoto-901643128-640_adpp_is/istockphoto-901643128-640_adpp_is_frame_000480.jpg
istockphoto-901643128-640_adpp_is.mp4,492,20.52,768,432,23.98,20.6,2.0,data_collection/more_frames/istockphoto-901643128-640_adpp_is/istockphoto-901643128-640_adpp_is_frame_000492.jpg
