Metric,Current_Custom_Tracker,ByteTrack
total_frames,301,301
total_person_detections,611,609
unique_track_ids,6,3
avg_active_tracks,2.16,2.09
max_active_tracks,4,3
frames_with_dup_person_boxes,2,0
frames_with_dup_track_ids,22,0
track_fragmentation,0,1
track_recreations,0,1
avg_track_lifetime,108.5,209.7
max_track_lifetime,301,301
fps,20.6,28.9
latency_ms,48.66,34.61
safety_safe,0,0
safety_no_helmet,333,271
safety_no_mask,0,0
safety_no_helmet_and_mask,278,338
safety_uncertain,0,0
safety_status_switches,100,52
