filename,split,person_count,mask_count,helmet_count
video01_frame_000000_jpg.rf.8a770afe547487fe1b47fd3d799021f8.jpg,train,1,0,0
video01_frame_000015_jpg.rf.c5b3cc213ac595cde7bafcdca3fbf718.jpg,train,1,0,0
video01_frame_000030_jpg.rf.5573da2626a5c6fa39593835257ec4bd.jpg,train,1,0,0
video01_frame_000060_jpg.rf.c83393873759ca8be77e9bac28839763.jpg,train,1,0,0
video01_frame_000120_jpg.rf.77c41cc281c2715f22c51186c4d72abd.jpg,train,1,0,0
video01_frame_000135_jpg.rf.1cab089897a16216f3ca328d9d4f979e.jpg,train,1,0,0
video01_frame_000150_jpg.rf.fa2214e6ee108c73aeab0f12f5a2921b.jpg,train,1,0,0
video01_frame_000180_jpg.rf.c881ce409743293f90b23a262a9fa0b8.jpg,train,1,0,0
video01_frame_000195_jpg.rf.da2bf8bd11adedc71b42fe6ec901caa4.jpg,train,1,0,0
video01_frame_000240_jpg.rf.5821fb784ff2ce1a87371ffb93005637.jpg,train,1,0,0
video01_frame_000255_jpg.rf.e5289d62432c2023c8990933526ba3fa.jpg,train,1,0,0
video01_frame_000270_jpg.rf.15b3534e82f54f3c28e90c83d6e62195.jpg,train,1,0,0
video01_frame_000300_jpg.rf.8d5351dbd4f79b18c8bf05c7eb904e80.jpg,train,1,0,0
video01_frame_000315_jpg.rf.66318c83cf219fbacf783d18ad765477.jpg,train,1,0,0
video01_frame_000330_jpg.rf.fa4098fb48a0272521154d93efe090c4.jpg,train,1,0,0
video01_frame_000345_jpg.rf.1272a29d80cd975af631ffe8e1946ab6.jpg,train,1,0,0
video01_frame_000360_jpg.rf.625b57452e874b00d9a29446bfa64002.jpg,train,1,0,0
video01_frame_000375_jpg.rf.b4a8980602da895ebd8a9a0b35118dc0.jpg,train,1,0,0
video01_frame_000390_jpg.rf.2438484df0f9066c31127c6ad4fc02fd.jpg,train,1,0,0
video01_frame_000405_jpg.rf.f168460204a876d33d43090c45d46db5.jpg,train,1,0,0
video01_frame_000435_jpg.rf.c0892c3b92d3f2453c53e3108eff9b23.jpg,train,1,0,0
video02_frame_000000_jpg.rf.88f75289ba83c5ec9873e54196239789.jpg,train,1,0,0
video02_frame_000015_jpg.rf.ff67019df8d7d624f4a853ac03839122.jpg,train,1,0,0
video02_frame_000030_jpg.rf.7a3cb103a77b0e672eb3207dea5e0d92.jpg,train,1,0,0
video02_frame_000045_jpg.rf.a3b473951434475a7f07f693129e0c73.jpg,train,1,0,0
video02_frame_000060_jpg.rf.497b4c182c45d6d174581ad248d2b91e.jpg,train,1,0,0
video02_frame_000075_jpg.rf.9dafac253eaad6145020febbc8469dca.jpg,train,2,0,0
video02_frame_000090_jpg.rf.fc2d88d5b107db405df7d8448f6517f0.jpg,train,1,0,0
video02_frame_000120_jpg.rf.44ca2bc6ad118cded913a7580ec89589.jpg,train,1,0,0
video02_frame_000135_jpg.rf.4f941b9d888d87bde35d44f3a19c6088.jpg,train,1,0,0
video02_frame_000150_jpg.rf.8b0b3042f5e1fdb678e2c8dc2a4fab6c.jpg,train,1,0,0
video02_frame_000165_jpg.rf.2c80114325418807102a5120afdecee2.jpg,train,1,0,0
video02_frame_000180_jpg.rf.2d840e20585f3f6f558168843f1e325f.jpg,train,1,0,0
video02_frame_000195_jpg.rf.45344441abb8333e2608492cdd55c6f4.jpg,train,1,0,0
video02_frame_000210_jpg.rf.7ce1bf575e1fb9ef92da3d1cfd4694c2.jpg,train,1,0,0
video02_frame_000225_jpg.rf.3d3973bcdb1214f695680a1bc45d556b.jpg,train,1,0,0
video02_frame_000240_jpg.rf.0662524ba8a8ec7520e0da2004e8d80a.jpg,train,1,0,0
video02_frame_000255_jpg.rf.2b03639652c3bd1ff96129379ce34e04.jpg,train,1,0,0
video02_frame_000270_jpg.rf.882ca9264087f6502685fe44fb0979ae.jpg,train,1,0,0
video02_frame_000285_jpg.rf.58b0b9bb7c70765522fb6285b4ee17e9.jpg,train,1,0,0
video02_frame_000300_jpg.rf.ce0119f5736347a9756b82498f363caf.jpg,train,1,0,0
video02_frame_000315_jpg.rf.8aae56127138c8660934388c2a4b25ee.jpg,train,1,0,0
video02_frame_000330_jpg.rf.d0f94be47f59534bfd1b5ea2f886d059.jpg,train,1,0,0
video02_frame_000345_jpg.rf.f0f292c02265a224376bba30f483480c.jpg,train,1,0,0
video02_frame_000360_jpg.rf.5f125304eed3db5b12a2495146395aeb.jpg,train,1,0,0
video02_frame_000375_jpg.rf.788f97d8b54c35a8610f59b696a192fa.jpg,train,1,0,0
video02_frame_000390_jpg.rf.cc4742621f2fb9bb110095e6c96b61bd.jpg,train,1,0,0
video02_frame_000405_jpg.rf.0ef2749904be27318bd0b5d4817ba193.jpg,train,1,0,0
video02_frame_000435_jpg.rf.c8e69c2ec4de4e2ff6f0c74e0e93c417.jpg,train,1,0,0
video02_frame_000450_jpg.rf.eab95eae2dceff0bda87b01a2690de69.jpg,train,1,0,0
video02_frame_000465_jpg.rf.257d4aebc67e2e0f60be875dead3c539.jpg,train,1,0,0
video02_frame_000480_jpg.rf.eb5fc64ec7e69524534e9b5ea1801d77.jpg,train,1,0,0
video02_frame_000495_jpg.rf.b745977901b9b2006ed236ee2554a775.jpg,train,1,0,0
video02_frame_000510_jpg.rf.442eac3a287c8bfc0785c393933e6887.jpg,train,1,0,0
video02_frame_000525_jpg.rf.0c977d91c3ad412c3218ace5a40e666e.jpg,train,1,0,0
video02_frame_000540_jpg.rf.68e16967277c75ef73f8750e57ee0642.jpg,train,1,0,0
video02_frame_000555_jpg.rf.2c7fcbb4bf68048b3823ac68d28e8d2a.jpg,train,1,0,0
video02_frame_000570_jpg.rf.77b9299de36d151b3f4dae1bf6353c90.jpg,train,1,0,0
video02_frame_000585_jpg.rf.97de55e3ea35de565746cc0d1e4a6435.jpg,train,1,0,0
video02_frame_000600_jpg.rf.ba0238843efef9379a4493ab23cadc8c.jpg,train,1,0,0
video02_frame_000615_jpg.rf.e3061646514606011e9e8199191ae06d.jpg,train,1,0,0
video02_frame_000630_jpg.rf.af580e63d6e27f3f4324a6848cae809f.jpg,train,1,0,0
video02_frame_000645_jpg.rf.7e10fa4b7d0435ea48d2ba83fc2400fb.jpg,train,1,0,0
video02_frame_000660_jpg.rf.24ebf2868896cf972df360b1b3404503.jpg,train,1,0,0
video02_frame_000675_jpg.rf.02def1f70b078ce0c690668358e4f912.jpg,train,1,0,0
video02_frame_000690_jpg.rf.bb1f0718aed96591a1d1381456ec8a94.jpg,train,1,0,0
video02_frame_000705_jpg.rf.966410c9fbb23a760e3b5006f4e6c95e.jpg,train,1,0,0
video02_frame_000720_jpg.rf.f446a17ddc798c34522c3d7d112b7416.jpg,train,1,0,0
video02_frame_000735_jpg.rf.a400ebb1d4048a6393fe1295bfc88611.jpg,train,1,0,0
video02_frame_000750_jpg.rf.fc50687b4b1c698a656b5ab8d9098dc1.jpg,train,1,0,0
video02_frame_000765_jpg.rf.843e06bc915c311d5bb9796c73621927.jpg,train,1,0,0
video02_frame_000780_jpg.rf.ddcd3f8fd4cd56bd75cc7faaf9e3f84d.jpg,train,1,0,0
video02_frame_000795_jpg.rf.eb87e1419624045df6f7ef159eb704cb.jpg,train,2,0,0
video02_frame_000810_jpg.rf.a169d40660515a28df14dd9b69de65c1.jpg,train,2,0,0
video02_frame_000825_jpg.rf.ff1fae81095aa1fb7b44fe8b0455a266.jpg,train,2,0,0
video03_frame_000000_jpg.rf.e884d7808ce845a5cfcd1505648c1ef2.jpg,train,1,0,0
video03_frame_000012_jpg.rf.50027aa08891fc2101404a4ab0cfb383.jpg,train,1,0,0
video03_frame_000036_jpg.rf.035a888eaf5c286eb4a67404b7f37002.jpg,train,1,0,0
video03_frame_000048_jpg.rf.82d3b4d0d56d0a5ef15031ea387df4f3.jpg,train,1,0,0
video03_frame_000060_jpg.rf.227c15a765c967678848f0c3bdbb984f.jpg,train,1,0,0
video03_frame_000084_jpg.rf.c43579ace54a0c62b1dc4fad062d9d5b.jpg,train,1,0,0
video03_frame_000108_jpg.rf.48e78d92d20d3547b395781f1d6d9aea.jpg,train,1,0,0
video04_frame_000000_jpg.rf.ec410545ea51c56e447b74bf32b95c5c.jpg,train,2,0,0
video04_frame_000024_jpg.rf.693b221801703a50c5709bcf1434ee7e.jpg,train,2,0,0
video04_frame_000036_jpg.rf.c4361cdf9cc8afc248d1b11354d29687.jpg,train,1,0,0
video04_frame_000048_jpg.rf.3814a6d918f3f4cdf32c1e2edfdaddab.jpg,train,1,0,0
video04_frame_000060_jpg.rf.8bdb596c2c120b925150f1890be84bcb.jpg,train,1,0,0
video04_frame_000072_jpg.rf.8f9b9574be34c49f130d03febd709b27.jpg,train,1,0,0
video04_frame_000084_jpg.rf.9b5e714b846c360123aea3044fa4b853.jpg,train,1,0,0
video04_frame_000096_jpg.rf.872bdac579db5ace7c30eb2eb01cefbd.jpg,train,1,0,0
video04_frame_000108_jpg.rf.95171820f86f7c8b3f4255838e25eb99.jpg,train,1,0,0
video04_frame_000120_jpg.rf.1a4324709659d87029eeb6b9d2be2aa2.jpg,train,2,0,0
video04_frame_000132_jpg.rf.a117baa4d84d06cdadd93146c9fb2ff2.jpg,train,2,0,0
video04_frame_000144_jpg.rf.559983f46b40c0c2e9307fa03e715f7c.jpg,train,1,0,0
video04_frame_000156_jpg.rf.d2eaa6b9502035960589c0d622d61ac7.jpg,train,1,0,0
video04_frame_000168_jpg.rf.2147344445af0e7c34c0b7337433b49b.jpg,train,1,0,0
video04_frame_000180_jpg.rf.77dcc6bc0d3f078a06079f9ca2066eaf.jpg,train,1,0,0
video04_frame_000192_jpg.rf.83b1b44d31f7313abeeb573bb20aeb09.jpg,train,1,0,0
video04_frame_000204_jpg.rf.52ab76321307480c14d1df957fc17427.jpg,train,1,0,0
video04_frame_000216_jpg.rf.ec328d2e2bde4a06054718203a169d55.jpg,train,1,0,0
video04_frame_000228_jpg.rf.8bcc8fe60e1199ee56adaafedb9c8284.jpg,train,1,0,0
video04_frame_000240_jpg.rf.ec98c837f3c038b49e006c9da6551445.jpg,train,1,0,0
video04_frame_000264_jpg.rf.234a2b6f2b40b6f20d1e978440e36a26.jpg,train,1,0,0
video04_frame_000276_jpg.rf.25ce600c0c314ef71a5dcc0fb6548e6d.jpg,train,1,0,0
video04_frame_000288_jpg.rf.6528cd88662d4fa2881e98d37d2720fa.jpg,train,1,0,0
video04_frame_000300_jpg.rf.6f27c90be92dfe93124ff75152aa58c4.jpg,train,1,0,0
video04_frame_000312_jpg.rf.6090163e1cca147026274fa61313030e.jpg,train,1,0,0
video04_frame_000324_jpg.rf.85535c705a805295a03b22d9b363033d.jpg,train,3,0,0
video04_frame_000336_jpg.rf.2db61d1a5d982d11a2c7c356b57d0de4.jpg,train,2,0,0
video04_frame_000348_jpg.rf.9bd023153cf9ae8e0c7da5bcd831d4a3.jpg,train,2,0,0
video04_frame_000360_jpg.rf.4c325ad891bd2bb4d65e8f0f018685d6.jpg,train,2,0,0
video04_frame_000372_jpg.rf.7d6e1814a60f0c412649cafc395d8f2a.jpg,train,3,0,0
video04_frame_000384_jpg.rf.5bf165ad41929a1d81f34a9ca7fd8499.jpg,train,2,0,0
video04_frame_000396_jpg.rf.caedf584e3d7614a03c24588f9c3995c.jpg,train,2,0,0
video04_frame_000408_jpg.rf.0f97ae2b695d626f0a82436aeaa4a5a5.jpg,train,2,0,0
video04_frame_000420_jpg.rf.c80e1ada67c75c057e20633c9000bb01.jpg,train,2,0,0
video04_frame_000432_jpg.rf.155f009214c0a6ca163ade665d1a1f62.jpg,train,2,0,0
video04_frame_000444_jpg.rf.e9fd5d33385b339e3dc814b65fefa91a.jpg,train,1,0,0
video04_frame_000456_jpg.rf.ba285de7eb5ea95108f126362829ab66.jpg,train,1,0,0
video04_frame_000468_jpg.rf.956c18219a1e658d46caf750a15cbb1b.jpg,train,1,0,0
video04_frame_000480_jpg.rf.737c2e25965b0d56fc9ce297b58f3366.jpg,train,1,0,0
video04_frame_000492_jpg.rf.10c52cb2ff2854507cc648ead301b4c6.jpg,train,1,0,0
video04_frame_000504_jpg.rf.1eb93caa9bbec145d1ceaf0e8a3c8873.jpg,train,1,0,0
video04_frame_000516_jpg.rf.fce2b2c56d9960cc70efc4921f5b74d6.jpg,train,1,0,0
video04_frame_000540_jpg.rf.2a23437b8f183805c8380d88d83d140a.jpg,train,1,0,0
video04_frame_000564_jpg.rf.27e55f47de0e55d07698c27a22ee4b71.jpg,train,1,0,0
video04_frame_000576_jpg.rf.8405f2670dc3e2dfb0980caaf510e4e3.jpg,train,1,0,0
video04_frame_000588_jpg.rf.f01429baac0ed9de41a6f0294ad68bc5.jpg,train,1,0,0
video04_frame_000600_jpg.rf.573259485c5043eb1d127d3e4f0670cc.jpg,train,1,0,0
video04_frame_000624_jpg.rf.20fcc00701f8683ae07c918f87a2bc6d.jpg,train,1,0,0
video04_frame_000648_jpg.rf.1ff3def06bade58591e1d720ce007057.jpg,train,1,0,0
video05_frame_000000_jpg.rf.0cb21889e1b0b304b4bed8a8e04e3f4f.jpg,train,1,0,1
video05_frame_000030_jpg.rf.8505fba474db5d6f6ea39135fadd557f.jpg,train,1,0,1
video05_frame_000150_jpg.rf.85559fa65929e4a5870343b478336f75.jpg,train,1,0,1
video05_frame_000210_jpg.rf.9c544072dce40873f6dfaa83f785ca04.jpg,train,1,0,1
video05_frame_000240_jpg.rf.7ed0d626d00548f46d2dcab08d427882.jpg,train,1,0,1
video05_frame_000300_jpg.rf.3ed146da0493c50d38ab5f68dc198942.jpg,train,1,0,1
video05_frame_000390_jpg.rf.720f6d3cb8ff5a0615c70e193e48df7e.jpg,train,1,0,1
video05_frame_000450_jpg.rf.17a2f2abe7341325d56f4d7f76ae4b6a.jpg,train,1,0,0
video05_frame_000510_jpg.rf.60be6b67283d61e4e27e98aa7072e7c6.jpg,train,1,0,0
video05_frame_000540_jpg.rf.e6a4e17a4074ff5b1cfac3df066caa78.jpg,train,1,0,0
video06_frame_000000_jpg.rf.f1bcafb3f5e23767eff64be98e3dc30b.jpg,train,5,0,4
video06_frame_000030_jpg.rf.123f69a79cc5afa8e5c91e12c17d8c4b.jpg,train,5,0,5
video06_frame_000045_jpg.rf.16522a7b3da1f5c0ced82830dcdfd5b5.jpg,train,5,0,5
video06_frame_000060_jpg.rf.2c40e9f15296a42059a845cebf9009c9.jpg,train,4,0,2
video06_frame_000075_jpg.rf.c7af56800c382e207fe339f48a73a0a7.jpg,train,5,0,2
video06_frame_000090_jpg.rf.3da130de9838c9d1d1085491aa466096.jpg,train,6,0,2
video06_frame_000105_jpg.rf.762efa2ee9b46b7fe7e42cdb60ac87f8.jpg,train,5,0,3
video06_frame_000120_jpg.rf.58f4e9a6946eb11e45f5c23fe62e872c.jpg,train,7,0,5
video06_frame_000135_jpg.rf.65bea2543dd7300989a64f20cb754181.jpg,train,6,0,5
video06_frame_000150_jpg.rf.f1cb9cd6f52c1da9443a075c93974827.jpg,train,6,0,5
video06_frame_000165_jpg.rf.c584522918aef7a6aa91bfb61d4fa857.jpg,train,3,0,3
video06_frame_000180_jpg.rf.f4eb8241e15b044f907c51506c7bdbc4.jpg,train,4,0,4
video06_frame_000195_jpg.rf.a0e6fe8fae6629814f9d271f96511ed8.jpg,train,3,0,3
video06_frame_000210_jpg.rf.974d9e7b60d4248b14356fc5317069fa.jpg,train,3,0,3
video06_frame_000225_jpg.rf.5207c409d99e3d2d94ac707a32dadfcc.jpg,train,3,0,3
video06_frame_000240_jpg.rf.7226db52972894274627ed76ca3fa224.jpg,train,3,0,3
video06_frame_000270_jpg.rf.91669729f7618cf9976c7d604d0bafe7.jpg,train,3,0,3
video06_frame_000300_jpg.rf.e56837420a0e68302e53857d00c97624.jpg,train,3,0,3
video06_frame_000330_jpg.rf.1623545d47c6cf308ff0c528fdd4222d.jpg,train,4,0,4
video06_frame_000360_jpg.rf.239581b76da953fc2ee77b7835aefe3d.jpg,train,5,0,5
video06_frame_000375_jpg.rf.bbb5ff2dc0abe019abd06982fa0217eb.jpg,train,5,0,4
video06_frame_000390_jpg.rf.ba4648e2fb6e2819d8e84ddc595d78a8.jpg,train,5,0,4
video06_frame_000405_jpg.rf.b25fe6d62a4575098f3b6b5e5dd956e3.jpg,train,5,0,5
video06_frame_000420_jpg.rf.e10577c081d4ea0b8e35179b3ada788a.jpg,train,4,0,4
video06_frame_000435_jpg.rf.bcf3542f17e1b738b85c1bbf36be7b65.jpg,train,5,0,5
video06_frame_000450_jpg.rf.bcb62931bf8598d4cadd86a3bd284fb1.jpg,train,5,0,5
video06_frame_000480_jpg.rf.60b70c68aa3f3abbcd4a4e779d6e72d1.jpg,train,5,0,3
video06_frame_000495_jpg.rf.b86b14dcdf4bb14d07c9e8b7ce56bb57.jpg,train,4,0,4
video06_frame_000510_jpg.rf.694fd9dbcc32ef8b26e2b8468eb45912.jpg,train,4,0,4
video06_frame_000525_jpg.rf.d15acb7413968d9592cde6acd069a117.jpg,train,4,0,5
video06_frame_000540_jpg.rf.6195ff48d17f7a843513b911fd4b0287.jpg,train,5,0,5
video06_frame_000555_jpg.rf.ad9a39d73610e841805f90fecd407291.jpg,train,5,0,5
video06_frame_000570_jpg.rf.c81315889adc810eb31cb139b5b02435.jpg,train,5,0,5
video06_frame_000585_jpg.rf.e3a8deb0fcc648187b36d29348f8f5a0.jpg,train,6,0,6
video06_frame_000600_jpg.rf.7de9406b461084dcedeb4a1c0d0969e8.jpg,train,5,0,2
video06_frame_000615_jpg.rf.0c24dc58d40bf317f1fd11f96ac40f78.jpg,train,4,0,4
video06_frame_000630_jpg.rf.d4ebbdb980749e86d9f765798756603e.jpg,train,4,0,4
video06_frame_000645_jpg.rf.67a7c4762c13cf6ca3871f90c0797f7d.jpg,train,5,0,2
video06_frame_000660_jpg.rf.83cab661d98cf788c8cebd3fdec9b906.jpg,train,4,0,3
video06_frame_000675_jpg.rf.9b69e2d785b3d5f32f3bf5c377f05e31.jpg,train,5,0,5
video06_frame_000690_jpg.rf.014a389623033308eb0e784ac316f290.jpg,train,6,0,6
video06_frame_000705_jpg.rf.ac557f3ab688a6a9da454b897ece0f4b.jpg,train,6,0,6
video06_frame_000720_jpg.rf.25d0f8df840de976925e11a7bbb5f67c.jpg,train,6,0,6
video06_frame_000750_jpg.rf.8afc8f0eeb9de73eabe99fa3aa815366.jpg,train,5,0,5
video06_frame_000765_jpg.rf.89d5c1ed0ecd592f1b2c3dd31d8ea256.jpg,train,4,0,4
