image_name,mask_conf,mask_bbox,mask_width,mask_height,nearest_person_bbox,rel_width,rel_height,overlaps_face,position_label,img_width,img_height
19832490_hd_1920_1080_25fps_t00-00_f0000_jpg.rf.UeCbzC5MR4GrzgtfKxrk.jpg,0.24467149376869202,"[1673.3, 37.0, 1760.8, 146.1]",87.5,109.1,"[1619.0,0.0,1872.0,333.0]",0.346,0.328,True,nose_and_mouth,1920,1080
19832490_hd_1920_1080_25fps_t00-00_f0000_jpg.rf.UeCbzC5MR4GrzgtfKxrk.jpg,0.10588127374649048,"[759.0, 197.1, 832.9, 269.3]",73.9,72.3,"[695.0,81.0,901.0,659.0]",0.359,0.125,True,nose_and_mouth,1920,1080
19832490_hd_1920_1080_25fps_t00-24_f0006_jpg.rf.i0ayu2Jr01GvGL2WeCm6.jpg,0.4275680482387543,"[1661.9, 33.8, 1755.9, 143.0]",93.9,109.2,"[1610.0,2.0,1864.0,338.0]",0.37,0.325,True,nose_and_mouth,1920,1080
19832490_hd_1920_1080_25fps_t00-96_f0024_jpg.rf.uLKsWCF1xoyowB0Sy520.jpg,0.41519346833229065,"[882.8, 229.4, 940.2, 281.5]",57.4,52.2,"[695.0,80.0,959.0,648.0]",0.217,0.092,True,nose_and_mouth,1920,1080
19832490_hd_1920_1080_25fps_t00-96_f0024_jpg.rf.uLKsWCF1xoyowB0Sy520.jpg,0.07614930719137192,"[569.5, 176.9, 633.2, 260.5]",63.8,83.6,"[320.0,90.0,721.0,697.0]",0.159,0.138,True,nose_and_mouth,1920,1080
19832490_hd_1920_1080_25fps_t01-20_f0030_jpg.rf.S7NmGa5j29eyxvYDm1V6.jpg,0.6638588309288025,"[903.9, 235.6, 949.7, 279.5]",45.8,43.9,"[695.0,85.0,992.0,646.0]",0.154,0.078,True,nose_and_mouth,1920,1080
19832490_hd_1920_1080_25fps_t01-92_f0048_jpg.rf.UTygC2gDWYBtiMHMADtn.jpg,0.06568245589733124,"[919.3, 253.2, 958.1, 275.6]",38.8,22.4,"[937.0,116.0,1274.0,531.0]",0.115,0.054,True,lower_face_mouth,1920,1080
19832490_hd_1920_1080_25fps_t02-64_f0066_jpg.rf.FVn1QGkiaMdlt4gVYBJ9.jpg,0.05857415497303009,"[1218.6, 313.5, 1432.6, 486.4]",214.0,172.9,"[950.0,309.0,1568.0,990.0]",0.346,0.254,True,upper_face_eyes,1920,1080
19832490_hd_1920_1080_25fps_t02-64_f0066_jpg.rf.FVn1QGkiaMdlt4gVYBJ9.jpg,0.057900320738554,"[914.1, 255.8, 966.8, 281.5]",52.7,25.8,"[935.0,231.0,1328.0,586.0]",0.134,0.073,True,upper_face_eyes,1920,1080
19832490_hd_1920_1080_25fps_t02-88_f0072_jpg.rf.jfbblZScl1ao9ZMsg5d4.jpg,0.19371530413627625,"[262.0, 29.1, 332.3, 107.4]",70.4,78.3,"[154.0,28.0,333.0,319.0]",0.393,0.269,True,upper_face_eyes,1920,1080
19832490_hd_1920_1080_25fps_t02-88_f0072_jpg.rf.jfbblZScl1ao9ZMsg5d4.jpg,0.060554876923561096,"[911.8, 233.5, 972.2, 282.1]",60.5,48.6,"[710.0,111.0,1009.0,646.0]",0.202,0.091,True,nose_and_mouth,1920,1080
19832490_hd_1920_1080_25fps_t04-32_f0108_jpg.rf.N7sG4fytCoZvR482nVl0.jpg,0.05833342671394348,"[1726.2, 63.1, 1770.9, 117.2]",44.7,54.1,"[1549.0,0.0,1820.0,362.0]",0.165,0.149,True,nose_and_mouth,1920,1080
19832490_hd_1920_1080_25fps_t05-28_f0132_jpg.rf.muDMNThQPgDAX0tev2Qz.jpg,0.17923961579799652,"[1250.7, 309.1, 1453.6, 486.6]",202.8,177.4,"[940.0,306.0,1564.0,1000.0]",0.325,0.256,True,upper_face_eyes,1920,1080
19832490_hd_1920_1080_25fps_t05-28_f0132_jpg.rf.muDMNThQPgDAX0tev2Qz.jpg,0.16137973964214325,"[1719.0, 77.5, 1762.9, 120.1]",43.9,42.6,"[1546.0,0.0,1808.0,361.0]",0.167,0.118,True,nose_and_mouth,1920,1080
19832490_hd_1920_1080_25fps_t05-28_f0132_jpg.rf.muDMNThQPgDAX0tev2Qz.jpg,0.08751946687698364,"[1205.2, 330.6, 1296.6, 419.0]",91.4,88.4,"[971.0,236.0,1314.0,545.0]",0.266,0.286,True,chin_neck,1920,1080
4017518657_preview_t02-00_f0060_jpg.rf.0XaMcNVXpInQSjV6jeW8.jpg,0.10375624895095825,"[440.2, 156.5, 552.2, 276.6]",111.9,120.1,"[498.0,23.0,898.0,506.0]",0.28,0.249,True,chin_neck,898,506
4017518657_preview_t02-57_f0077_jpg.rf.z5UjNsV1dX3dup5W9fwo.jpg,0.12504377961158752,"[437.3, 256.5, 479.6, 288.9]",42.3,32.3,"[251.0,57.0,507.0,506.0]",0.165,0.072,True,chin_neck,898,506
4017518657_preview_t02-57_f0077_jpg.rf.z5UjNsV1dX3dup5W9fwo.jpg,0.06886540353298187,"[282.5, 118.3, 335.0, 175.3]",52.5,57.0,"[251.0,57.0,507.0,506.0]",0.205,0.127,True,nose_and_mouth,898,506
4017518657_preview_t02-80_f0084_jpg.rf.g0wgvXMpAiWqeFSHZWLm.jpg,0.09190312772989273,"[347.3, 278.4, 377.0, 308.2]",29.7,29.8,"[221.0,63.0,494.0,500.0]",0.109,0.068,True,entire_face,898,506
4017518657_preview_t03-00_f0090_jpg.rf.WZPftOGSgWIetTsrAqyc.jpg,0.46516087651252747,"[316.0, 277.9, 355.1, 313.5]",39.0,35.7,"[212.0,76.0,509.0,506.0]",0.131,0.083,True,entire_face,898,506
4017518657_preview_t03-00_f0090_jpg.rf.WZPftOGSgWIetTsrAqyc.jpg,0.14488327503204346,"[404.1, 270.1, 426.6, 296.0]",22.4,25.9,"[212.0,76.0,509.0,506.0]",0.076,0.06,True,chin_neck,898,506
4017518657_preview_t03-00_f0090_jpg.rf.WZPftOGSgWIetTsrAqyc.jpg,0.0669950395822525,"[230.7, 105.0, 273.2, 141.1]",42.5,36.1,"[212.0,76.0,509.0,506.0]",0.143,0.084,True,upper_face_eyes,898,506
4017518657_preview_t03-27_f0098_jpg.rf.HJSEqUlwl9aFPcSbobfr.jpg,0.07202032953500748,"[282.1, 275.3, 322.4, 315.0]",40.3,39.8,"[224.0,59.0,507.0,506.0]",0.142,0.089,True,entire_face,898,506
4017518657_preview_t03-97_f0119_jpg.rf.qHdDzSSG2ij9kqrvC9q0.jpg,0.06384771317243576,"[521.6, 380.1, 591.3, 418.5]",69.7,38.4,"[548.0,43.0,898.0,506.0]",0.199,0.083,True,entire_face,898,506
4017518657_preview_t03-97_f0119_jpg.rf.qHdDzSSG2ij9kqrvC9q0.jpg,0.05451662838459015,"[615.8, 155.2, 646.8, 183.4]",31.0,28.2,"[548.0,43.0,898.0,506.0]",0.089,0.061,True,nose_and_mouth,898,506
4017518657_preview_t05-37_f0161_jpg.rf.shpSAWitLJtb5EHDepCi.jpg,0.0765380784869194,"[154.1, 180.4, 254.4, 291.4]",100.3,110.9,"[143.0,29.0,364.0,506.0]",0.454,0.233,True,chin_neck,898,506
4048038451_preview_t00-96_f0024_jpg.rf.LgKlZsGDkiGoZiUzaaQJ.jpg,0.06186690554022789,"[310.3, 82.9, 337.0, 103.9]",26.7,21.1,"[219.0,35.0,423.0,506.0]",0.131,0.045,True,upper_face_eyes,898,506
4048038451_preview_t01-92_f0048_jpg.rf.Tntj248JTr5ef3so3Pfe.jpg,0.06569433957338333,"[577.1, 152.9, 618.3, 174.3]",41.2,21.5,"[478.0,112.0,702.0,506.0]",0.184,0.055,True,upper_face_eyes,898,506
4048038451_preview_t02-88_f0072_jpg.rf.2Eughou7r2bjGVcSbH5J.jpg,0.0672122910618782,"[594.6, 137.4, 642.7, 168.8]",48.1,31.4,"[500.0,107.0,738.0,506.0]",0.202,0.079,True,upper_face_eyes,898,506
4048038451_preview_t02-88_f0072_jpg.rf.2Eughou7r2bjGVcSbH5J.jpg,0.06550648808479309,"[280.5, 84.0, 304.1, 100.2]",23.6,16.2,"[212.0,31.0,416.0,506.0]",0.116,0.034,True,upper_face_eyes,898,506
4048038451_preview_t03-36_f0084_jpg.rf.bKXaJnmiBq4YOMMJNRJa.jpg,0.05029504746198654,"[593.5, 152.9, 639.1, 177.7]",45.7,24.8,"[501.0,113.0,745.0,506.0]",0.187,0.063,True,upper_face_eyes,898,506
4048038451_preview_t03-84_f0096_jpg.rf.j3tXKATACBaFBmSvtNiy.jpg,0.05993161350488663,"[593.6, 151.2, 633.5, 177.1]",39.9,25.9,"[500.0,113.0,732.0,506.0]",0.172,0.066,True,upper_face_eyes,898,506
4048038451_preview_t04-32_f0108_jpg.rf.1VQ2mbqxx5UWVyCciv62.jpg,0.11343282461166382,"[588.5, 140.4, 636.7, 174.4]",48.3,34.0,"[497.0,111.0,725.0,506.0]",0.212,0.086,True,upper_face_eyes,898,506
4048038451_preview_t04-32_f0108_jpg.rf.1VQ2mbqxx5UWVyCciv62.jpg,0.08152475208044052,"[588.8, 152.2, 634.7, 178.2]",45.9,26.0,"[497.0,111.0,725.0,506.0]",0.201,0.066,True,upper_face_eyes,898,506
4048038451_preview_t04-32_f0108_jpg.rf.1VQ2mbqxx5UWVyCciv62.jpg,0.054611366242170334,"[594.0, 157.1, 634.0, 179.9]",40.1,22.9,"[497.0,111.0,725.0,506.0]",0.176,0.058,True,upper_face_eyes,898,506
4048038451_preview_t05-04_f0126_jpg.rf.OmczhqOY3DOSfchLQJcp.jpg,0.17279310524463654,"[300.2, 80.5, 329.9, 103.0]",29.6,22.5,"[193.0,37.0,401.0,501.0]",0.143,0.048,True,upper_face_eyes,898,506
4048038451_preview_t05-28_f0132_jpg.rf.0Ygbvwf02GcXTlqcaFx6.jpg,0.07238182425498962,"[300.0, 76.4, 329.9, 101.6]",29.8,25.2,"[183.0,23.0,405.0,506.0]",0.134,0.052,True,upper_face_eyes,898,506
4048038451_preview_t05-28_f0132_jpg.rf.0Ygbvwf02GcXTlqcaFx6.jpg,0.05172373354434967,"[625.6, 157.0, 660.9, 177.6]",35.3,20.6,"[505.0,111.0,761.0,506.0]",0.138,0.052,True,upper_face_eyes,898,506
4048038451_preview_t05-52_f0138_jpg.rf.fHMIigvmwdvllFzZAfBm.jpg,0.1509154736995697,"[297.1, 75.8, 330.1, 103.1]",33.1,27.3,"[192.0,23.0,411.0,506.0]",0.151,0.056,True,upper_face_eyes,898,506
4048038451_preview_t05-52_f0138_jpg.rf.fHMIigvmwdvllFzZAfBm.jpg,0.05803205072879791,"[622.0, 153.9, 658.0, 173.9]",36.0,20.0,"[510.0,106.0,766.0,506.0]",0.141,0.05,True,upper_face_eyes,898,506
4048038451_preview_t06-24_f0156_jpg.rf.mxXwu73lIQFvdUokrmtj.jpg,0.08490408211946487,"[284.7, 84.7, 315.4, 110.6]",30.7,25.9,"[187.0,32.0,406.0,506.0]",0.14,0.055,True,upper_face_eyes,898,506
4048038451_preview_t06-72_f0168_jpg.rf.hcvSAMKD811GrWfd7XLD.jpg,0.06367489695549011,"[277.1, 80.2, 306.3, 106.8]",29.2,26.7,"[172.0,33.0,410.0,506.0]",0.123,0.056,True,upper_face_eyes,898,506
4048038451_preview_t10-32_f0258_jpg.rf.5wSInsCjCLGP9lGkBkOq.jpg,0.05181048437952995,"[592.7, 148.4, 647.7, 185.5]",55.0,37.1,"[471.0,111.0,738.0,506.0]",0.206,0.094,True,upper_face_eyes,898,506
8482302_hd_1920_1080_25fps_t09-12_f0228_jpg.rf.KMEnlHwugkd49PgBqPzq.jpg,0.0677822008728981,"[1108.9, 555.1, 1332.6, 728.5]",223.6,173.4,"[134.0,0.0,1236.0,1080.0]",0.203,0.161,True,entire_face,1920,1080
gloves_mask_t00-00_f0000 - Copy_jpg.rf.7LrwzIlP8VQduj4C5JXk.jpg,0.10892079025506973,"[251.6, 196.8, 281.8, 237.0]",30.2,40.1,"[139.0,156.0,345.0,719.0]",0.147,0.071,True,upper_face_eyes,1280,720
gloves_mask_t04-50_f0108_jpg.rf.LvLxWrAh6Ah4mrFX6l76.jpg,0.051692426204681396,"[228.2, 200.7, 268.1, 231.8]",40.0,31.1,"[116.0,153.0,347.0,718.0]",0.173,0.055,True,upper_face_eyes,1280,720
gloves_mask_t04-75_f0114_jpg.rf.6FgMbbTGuliWYvJKdOg4.jpg,0.14272639155387878,"[236.5, 206.3, 275.0, 239.6]",38.6,33.3,"[122.0,164.0,347.0,711.0]",0.172,0.061,True,upper_face_eyes,1280,720
gloves_mask_t08-25_f0198_jpg.rf.Qcby27NMbT8cVhUsXn88.jpg,0.10453721135854721,"[208.4, 202.0, 237.1, 233.4]",28.8,31.4,"[90.0,154.0,299.0,720.0]",0.138,0.055,True,upper_face_eyes,1280,720
gloves_mask_t08-25_f0198_jpg.rf.Qcby27NMbT8cVhUsXn88.jpg,0.09367687255144119,"[202.9, 203.0, 235.9, 228.3]",33.0,25.3,"[90.0,154.0,299.0,720.0]",0.158,0.045,True,upper_face_eyes,1280,720
istockphoto_2258622635_640_adpp_is_t00000_f000034_jpg.rf.J2gvPIZOWiShMaGcDC4X.jpg,0.08278340101242065,"[291.8, 104.4, 329.8, 146.2]",38.0,41.9,"[124.0,26.0,352.0,431.0]",0.167,0.103,True,nose_and_mouth,768,432
istockphoto_2258622635_640_adpp_is_t00001_f000051_jpg.rf.mAO4YU5CS9tK3jTZhhHS.jpg,0.22424617409706116,"[282.9, 117.9, 324.2, 154.3]",41.3,36.4,"[240.0,38.0,403.0,430.0]",0.253,0.093,True,nose_and_mouth,768,432
istockphoto_2258622635_640_adpp_is_t00001_f000068_jpg.rf.Ts5g3BGKYh0vvBEPc2v8.jpg,0.24132801592350006,"[273.1, 112.7, 312.3, 152.0]",39.2,39.3,"[238.0,36.0,396.0,432.0]",0.248,0.099,True,nose_and_mouth,768,432
istockphoto_2258622635_640_adpp_is_t00002_f000102_jpg.rf.3q7PyKS4Bp6bg1AmunE1.jpg,0.24841594696044922,"[243.9, 112.9, 270.8, 151.0]",26.9,38.1,"[143.0,48.0,324.0,432.0]",0.148,0.099,True,nose_and_mouth,768,432
no_safety_t00-23_f0007_jpg.rf.kC70RQoMztyIvBkzWRIH.jpg,0.05020870268344879,"[756.0, 172.6, 767.3, 185.7]",11.3,13.1,"[557.0,109.0,768.0,432.0]",0.054,0.041,True,nose_and_mouth,768,432
no_safety_t02-80_f0084_jpg.rf.H2ozPYxyhiporzmIP2pT.jpg,0.06544075161218643,"[314.6, 194.4, 367.2, 227.9]",52.6,33.5,"[193.0,109.0,451.0,432.0]",0.204,0.104,True,nose_and_mouth,768,432
no_safety_t03-00_f0090_jpg.rf.4u47KYXT72ycWFQBKC1d.jpg,0.11525987088680267,"[313.9, 194.6, 367.3, 229.0]",53.4,34.4,"[194.0,110.0,449.0,427.0]",0.209,0.109,True,lower_face_mouth,768,432
no_safety_t04-90_f0147_jpg.rf.ruDCxq5sMg9Rwl3B3WNE.jpg,0.10297741740942001,"[672.5, 207.2, 709.7, 242.8]",37.2,35.6,"[599.0,135.0,768.0,432.0]",0.22,0.12,True,nose_and_mouth,768,432
no_safety_t08-41_f0252_jpg.rf.esHL5w1vGJTXLMuJNqIF.jpg,0.054959896951913834,"[719.0, 169.6, 739.7, 189.5]",20.7,19.9,"[600.0,124.0,768.0,432.0]",0.123,0.065,True,nose_and_mouth,768,432
