img_name,category,match_a,match_b,img_w,img_h,box_a,conf_a,box_b,conf_b,iou,w_a,h_a,area_a,cx_a,cy_a,w_b,h_b,area_b,cx_b,cy_b,center_dist,norm_dist_diag_large,norm_dist_diag_small,norm_dist_img_w,norm_dist_img_h,norm_dist_img_diag,norm_dx_large_w,norm_dy_large_h,ioa_a_in_b,ioa_b_in_a,max_containment,min_containment,area_ratio,width_ratio,height_ratio,ar_a,ar_b,ar_diff,horiz_overlap_ratio,vert_overlap_ratio,conf_diff
19832490_hd_1920_1080_25fps_t00-00_f0000_jpg.rf.UeCbzC5MR4GrzgtfKxrk.jpg,PARTIAL_FP,5,-1,1920,1080,"[1602.8, 0.0, 1892.1, 377.6]",0.7746,"[1465.6, 0.0, 1895.6, 450.2]",0.5639,0.5642,289.2319,377.6238,109220.8647,1747.463,188.8119,429.9888,450.2316,193594.5308,1680.5688,225.1158,76.1105,0.1223,0.16,0.0348,0.0336,0.0346,0.1556,0.0806,1.0,0.5642,1.0,0.5642,0.5642,0.6726,0.8387,0.7659,0.955,0.1891,1.0,1.0,0.2107
19832490_hd_1920_1080_25fps_t00-96_f0024_jpg.rf.uLKsWCF1xoyowB0Sy520.jpg,TRUE_DUPLICATE,1,1,1920,1080,"[299.6, 92.3, 716.6, 648.5]",0.8854,"[292.5, 106.8, 723.4, 855.1]",0.7736,0.6876,416.9915,556.2433,231948.7111,508.0692,370.4117,430.9358,748.2802,322460.7022,507.9345,480.9568,110.5452,0.128,0.159,0.0001,0.1024,0.0502,0.0003,0.1477,0.9739,0.7005,0.9739,0.7005,0.7193,0.9676,0.7434,0.7497,0.5759,0.1738,1.0,0.9739,0.1118
19832490_hd_1920_1080_25fps_t01-92_f0048_jpg.rf.UTygC2gDWYBtiMHMADtn.jpg,TRUE_DUPLICATE,0,0,1920,1080,"[1614.1, 0.0, 1891.6, 348.2]",0.8303,"[1573.1, 0.0, 1896.3, 460.9]",0.5821,0.6487,277.4668,348.2081,96616.186,1752.8214,174.104,323.1501,460.8939,148937.9381,1734.7064,230.447,59.1834,0.1051,0.1329,0.0094,0.0522,0.0269,0.0561,0.1222,1.0,0.6487,1.0,0.6487,0.6487,0.8586,0.7555,0.7968,0.7011,0.0957,1.0,1.0,0.2482
19832490_hd_1920_1080_25fps_t01-92_f0048_jpg.rf.UTygC2gDWYBtiMHMADtn.jpg,TRUE_DUPLICATE,4,4,1920,1080,"[225.5, 191.0, 552.0, 790.9]",0.7926,"[235.4, 195.7, 685.7, 717.2]",0.7404,0.6218,326.5485,599.877,195888.933,388.7638,490.9119,450.3379,521.4686,234837.066,460.5204,456.4407,79.607,0.1155,0.1166,0.0374,0.0319,0.0361,0.1593,0.0575,0.843,0.7032,0.843,0.7032,0.8341,0.7251,0.8693,0.5444,0.8636,0.3192,0.9698,1.0,0.0522
19832490_hd_1920_1080_25fps_t02-64_f0066_jpg.rf.FVn1QGkiaMdlt4gVYBJ9.jpg,TRUE_DUPLICATE,3,3,1920,1080,"[252.3, 173.1, 730.2, 658.1]",0.7263,"[269.3, 178.2, 632.9, 833.3]",0.5497,0.5905,477.8618,485.0268,231775.7851,491.2234,415.5829,363.5684,655.0583,238158.5095,451.0885,505.7647,98.7095,0.1318,0.145,0.0209,0.0835,0.0448,0.084,0.1377,0.7527,0.7325,0.7527,0.7325,0.9732,0.7608,0.7404,0.9852,0.555,0.4302,1.0,0.9893,0.1766
19832490_hd_1920_1080_25fps_t02-88_f0072_jpg.rf.jfbblZScl1ao9ZMsg5d4.jpg,TRUE_DUPLICATE,2,2,1920,1080,"[225.8, 196.1, 670.7, 658.0]",0.8396,"[228.7, 197.1, 649.0, 976.7]",0.5441,0.5708,444.8699,461.9491,205507.2498,448.2643,427.0731,420.3581,779.6352,327725.9265,438.849,586.8912,160.0953,0.1807,0.2496,0.0049,0.148,0.0727,0.0212,0.205,0.9429,0.5913,0.9429,0.5913,0.6271,0.9449,0.5925,0.963,0.5392,0.4239,1.0,0.9979,0.2955
19832490_hd_1920_1080_25fps_t03-60_f0090_jpg.rf.IhFG6PXrlOkVkkM0GCoQ.jpg,TRUE_DUPLICATE,1,1,1920,1080,"[323.5, 152.0, 554.8, 574.5]",0.8267,"[303.5, 133.6, 663.3, 671.6]",0.5506,0.505,231.2928,422.5796,97739.6269,439.195,363.2481,359.7277,538.0309,193544.6079,483.3991,402.6265,59.2002,0.0915,0.1229,0.023,0.0365,0.0269,0.1229,0.0732,1.0,0.505,1.0,0.505,0.505,0.643,0.7854,0.5473,0.6686,0.1213,1.0,1.0,0.2761
19832490_hd_1920_1080_25fps_t03-60_f0090_jpg.rf.IhFG6PXrlOkVkkM0GCoQ.jpg,TRUE_DUPLICATE,6,6,1920,1080,"[1538.0, 0.4, 1889.1, 345.4]",0.7789,"[1592.6, 0.0, 1900.5, 418.7]",0.576,0.6925,351.0785,345.0644,121144.6819,1713.5134,172.9111,307.9033,418.6555,128905.4333,1746.5182,209.3278,49.1477,0.0946,0.0998,0.0172,0.0337,0.0223,0.094,0.087,0.8445,0.7937,0.8445,0.7937,0.9398,0.877,0.8242,1.0174,0.7355,0.282,0.9629,1.0,0.2029
19832490_hd_1920_1080_25fps_t04-32_f0108_jpg.rf.N7sG4fytCoZvR482nVl0.jpg,PARTIAL_FP,6,-1,1920,1080,"[1557.5, 0.0, 1887.9, 344.1]",0.7894,"[1599.5, 0.0, 1897.6, 480.7]",0.571,0.629,330.4075,344.0827,113687.5056,1722.6785,172.0414,298.0773,480.6922,143283.4097,1748.5401,240.3461,73.0367,0.1291,0.1531,0.0135,0.0632,0.0332,0.0783,0.1421,0.8728,0.6925,0.8728,0.6925,0.7934,0.9022,0.7158,0.9603,0.6201,0.3402,0.9675,1.0,0.2183
19832490_hd_1920_1080_25fps_t05-28_f0132_jpg.rf.muDMNThQPgDAX0tev2Qz.jpg,TRUE_DUPLICATE,1,1,1920,1080,"[244.8, 252.5, 568.7, 736.5]",0.7478,"[248.1, 255.8, 701.9, 741.0]",0.5775,0.6916,323.903,484.0487,156784.7959,406.7446,494.5229,453.7939,485.1319,220149.9032,475.0242,498.3885,68.389,0.103,0.1174,0.0356,0.0036,0.031,0.1505,0.008,0.9829,0.7,0.9829,0.7,0.7122,0.7138,0.9978,0.6692,0.9354,0.2662,0.9897,0.9931,0.1703
19832490_hd_1920_1080_25fps_t05-28_f0132_jpg.rf.muDMNThQPgDAX0tev2Qz.jpg,TRUE_DUPLICATE,6,6,1920,1080,"[1546.3, 2.0, 1855.3, 320.4]",0.7131,"[1608.1, 0.0, 1897.2, 341.2]",0.5096,0.6651,309.0059,318.3869,98383.4238,1700.7936,161.2022,289.062,341.2135,98631.8698,1752.6609,170.6068,52.713,0.1179,0.1188,0.027,0.0087,0.0239,0.1679,0.0276,0.7999,0.7979,0.7999,0.7979,0.9975,0.9355,0.9331,0.9705,0.8472,0.1234,0.8551,1.0,0.2035
4017518657_preview_t03-50_f0105_jpg.rf.RKAnkMDvrSU8SUXC2nPT.jpg,TRUE_DUPLICATE,0,0,898,506,"[185.1, 43.5, 465.9, 503.1]",0.8417,"[186.5, 111.4, 406.1, 504.7]",0.6471,0.6645,280.7876,459.6316,129058.8526,325.4635,273.3094,219.5348,393.2634,86335.0057,296.2939,308.0586,45.3693,0.0842,0.1007,0.0325,0.0687,0.044,0.1039,0.0756,0.6663,0.996,0.996,0.6663,0.669,0.7819,0.8556,0.6109,0.5582,0.0527,1.0,0.996,0.1946
4017518657_preview_t04-90_f0147_jpg.rf.KNOIXW0DLHHTTrUoVsOA.jpg,TRUE_DUPLICATE,0,0,898,506,"[405.3, 96.3, 853.8, 501.3]",0.8866,"[410.2, 100.1, 698.0, 501.9]",0.624,0.6351,448.5648,405.0504,181691.3457,629.5609,298.7932,287.8398,401.832,115663.2279,554.0966,300.9926,75.4963,0.1249,0.1527,0.084,0.0043,0.0732,0.1682,0.0054,0.6357,0.9985,0.9985,0.6357,0.6366,0.6417,0.9921,1.1074,0.7163,0.3911,1.0,0.9985,0.2627
4017518657_preview_t05-00_f0150_jpg.rf.JY7xOeBRAb1d3MNVwsFC.jpg,TRUE_DUPLICATE,1,1,898,506,"[395.0, 94.4, 837.9, 502.0]",0.8408,"[395.0, 101.2, 685.3, 494.0]",0.7102,0.6315,442.929,407.6019,180538.7044,616.4774,298.2445,290.2689,392.8066,114019.5389,540.119,297.6344,76.3609,0.1269,0.1563,0.085,0.0012,0.0741,0.1724,0.0015,0.6315,0.9999,0.9999,0.6315,0.6316,0.6553,0.9637,1.0867,0.739,0.3477,0.9999,1.0,0.1306
4017518657_preview_t07-71_f0231_jpg.rf.D0PAuQ3630S6NMVaGjeN.jpg,TRUE_DUPLICATE,0,0,898,506,"[404.2, 97.9, 863.0, 503.5]",0.7853,"[411.4, 102.6, 729.9, 503.2]",0.7267,0.6858,458.788,405.5287,186051.7156,633.622,300.7076,318.4904,400.6281,127596.2246,570.6549,302.8869,63.0048,0.1029,0.1231,0.0701,0.0043,0.0611,0.1372,0.0054,0.6858,1.0,1.0,0.6858,0.6858,0.6942,0.9879,1.1313,0.795,0.3364,1.0,1.0,0.0586
8482302_hd_1920_1080_25fps_t00-00_f0000_jpg.rf.nzZ3fDlKWaIBmXllCm0Q.jpg,TRUE_DUPLICATE,0,0,1920,1080,"[205.4, 83.5, 1019.3, 1080.0]",0.9129,"[208.1, 84.4, 717.8, 1080.0]",0.6186,0.6257,813.9213,996.481,811057.1153,612.3555,581.7595,509.7157,995.5922,507468.9814,462.9798,582.2039,149.3763,0.1161,0.1336,0.0778,0.0004,0.0678,0.1835,0.0004,0.6257,1.0,1.0,0.6257,0.6257,0.6262,0.9991,0.8168,0.512,0.3048,1.0,1.0,0.2943
8482302_hd_1920_1080_25fps_t00-00_f0000_jpg.rf.nzZ3fDlKWaIBmXllCm0Q.jpg,PARTIAL_FP,1,-1,1920,1080,"[575.9, 193.2, 935.8, 1080.0]",0.8777,"[576.4, 188.2, 938.5, 726.2]",0.8295,0.5942,359.9064,886.8258,319174.3015,755.8919,636.5871,362.0785,537.9881,194793.9078,757.4562,457.1592,179.4347,0.1875,0.2767,0.0008,0.1661,0.0815,0.0043,0.2023,0.6002,0.9834,0.9834,0.6002,0.6103,0.994,0.6066,0.4058,0.673,0.2672,0.9987,0.9907,0.0483
8482302_hd_1920_1080_25fps_t00-24_f0006_jpg.rf.LCEuFKEGcH3R2gL47TZu.jpg,TRUE_DUPLICATE,0,0,1920,1080,"[215.5, 82.3, 1017.2, 1080.0]",0.904,"[219.2, 82.2, 771.4, 1080.0]",0.615,0.6889,801.6694,997.7424,799859.61,616.3791,581.1288,552.285,997.8224,551082.3783,495.3057,581.0888,121.0734,0.0946,0.1062,0.0631,0.0,0.055,0.151,0.0,0.6889,0.9999,0.9999,0.6889,0.689,0.6889,0.9999,0.8035,0.5535,0.25,1.0,1.0,0.289
8482302_hd_1920_1080_25fps_t00-96_f0024_jpg.rf.ZMTMPwnwtq6nPPsNrFBt.jpg,PARTIAL_FP,1,-1,1920,1080,"[616.4, 195.6, 974.1, 1080.0]",0.7858,"[615.1, 187.5, 993.6, 724.6]",0.7421,0.5727,357.7163,884.4051,316366.1351,795.2899,637.7974,378.494,537.119,203296.3145,804.3413,456.0315,181.9912,0.1908,0.277,0.0047,0.1683,0.0826,0.0239,0.2055,0.5981,0.9308,0.9308,0.5981,0.6426,0.9451,0.6073,0.4045,0.7047,0.3002,1.0,0.9849,0.0438
8482302_hd_1920_1080_25fps_t01-92_f0048_jpg.rf.mHTPmFLozWdcHKr1Dk7G.jpg,TRUE_DUPLICATE,0,0,1920,1080,"[177.4, 80.8, 1251.1, 1075.7]",0.7025,"[183.2, 76.7, 755.2, 1079.4]",0.585,0.5305,1073.6823,994.9269,1068235.4418,714.2245,578.2339,571.9549,1002.7331,573518.1383,469.2192,578.0794,245.0053,0.1674,0.2122,0.1276,0.0001,0.1112,0.2282,0.0002,0.5327,0.9922,0.9922,0.5327,0.5369,0.5327,0.9922,1.0792,0.5704,0.5088,1.0,1.0,0.1175
8482302_hd_1920_1080_25fps_t02-40_f0060_jpg.rf.d3Sy8Vmto5BYhul6IPHj.jpg,TRUE_DUPLICATE,0,0,1920,1080,"[164.4, 77.5, 1333.6, 1068.8]",0.6527,"[167.8, 69.5, 761.4, 1074.6]",0.5815,0.5042,1169.2123,991.2957,1159035.2199,748.9568,573.1767,593.6496,1005.1124,596684.5691,464.6061,572.0844,284.3528,0.1855,0.2436,0.1481,0.001,0.1291,0.2432,0.0011,0.5077,0.9863,0.9863,0.5077,0.5148,0.5077,0.9863,1.1795,0.5906,0.5888,1.0,1.0,0.0712
8482302_hd_1920_1080_25fps_t10-32_f0258_jpg.rf.uTX7S1etU0qcMlZXNj0x.jpg,TRUE_DUPLICATE,2,2,1920,1080,"[939.2, 203.9, 1419.5, 940.2]",0.6994,"[799.1, 202.5, 1417.4, 806.3]",0.5184,0.6562,480.3029,736.3159,353654.6616,1179.378,572.089,618.3164,603.8241,373354.3738,1108.2273,504.4067,98.2004,0.1117,0.1136,0.0371,0.0627,0.0446,0.1151,0.0919,0.8145,0.7715,0.8145,0.7715,0.9472,0.7768,0.8201,0.6523,1.024,0.3717,0.9955,0.9976,0.181
8482302_hd_1920_1080_25fps_t11-04_f0276_jpg.rf.Zd9VieC4sRToBl9uJnDd.jpg,TRUE_DUPLICATE,2,2,1920,1080,"[899.0, 198.0, 1418.1, 841.0]",0.6658,"[828.2, 193.9, 1419.2, 1064.6]",0.5955,0.6488,519.1811,642.9851,333825.7018,1158.5536,519.5102,590.9387,870.6912,514525.1485,1123.6888,629.2709,115.1649,0.1094,0.1394,0.0182,0.1016,0.0523,0.059,0.1261,1.0,0.6488,1.0,0.6488,0.6488,0.8786,0.7385,0.8075,0.6787,0.1288,1.0,1.0,0.0703
8482302_hd_1920_1080_25fps_t11-76_f0294_jpg.rf.NQGgA0s9VUQaZT2AdlwI.jpg,TRUE_DUPLICATE,2,2,1920,1080,"[938.2, 197.0, 1435.5, 1065.8]",0.7733,"[936.1, 197.6, 1426.6, 773.1]",0.6196,0.6487,497.3735,868.8083,432122.2726,1186.8508,631.4191,490.509,575.4872,282281.6414,1181.3698,485.3809,146.141,0.146,0.1933,0.0029,0.1352,0.0663,0.011,0.1681,0.6505,0.9958,0.9958,0.6505,0.6532,0.9862,0.6624,0.5725,0.8523,0.2799,0.9958,1.0,0.1537
8482302_hd_1920_1080_25fps_t11-76_f0294_jpg.rf.NQGgA0s9VUQaZT2AdlwI.jpg,FALSE_POSITIVE,-1,-1,1920,1080,"[586.2, 98.4, 999.4, 770.5]",0.7136,"[591.3, 102.3, 994.8, 1042.2]",0.6801,0.6961,413.2266,672.1141,277735.4581,792.8193,434.4648,403.4934,939.9715,379272.2966,793.024,572.2381,137.7734,0.1347,0.1746,0.0001,0.1276,0.0625,0.0005,0.1466,0.9709,0.7109,0.9709,0.7109,0.7323,0.9764,0.715,0.6148,0.4293,0.1856,1.0,0.9943,0.0334
8482302_hd_1920_1080_25fps_t12-24_f0306_jpg.rf.afsiGOyxNtfdmGuHw469.jpg,TRUE_DUPLICATE,1,1,1920,1080,"[580.7, 106.9, 1247.0, 1070.0]",0.6087,"[588.4, 104.7, 1056.3, 1079.9]",0.5725,0.6961,666.2889,963.0864,641693.7703,913.8211,588.4277,467.8776,975.1234,456238.3523,822.3338,592.2897,91.5688,0.0782,0.0847,0.0476,0.0036,0.0416,0.1373,0.004,0.7022,0.9877,0.9877,0.7022,0.711,0.7022,0.9877,0.6918,0.4798,0.212,1.0,1.0,0.0362
8482302_hd_1920_1080_25fps_t12-48_f0312_jpg.rf.d0UJ6jhzOPwUXoNsdhu1.jpg,TRUE_DUPLICATE,1,1,1920,1080,"[586.7, 105.5, 1258.6, 1071.5]",0.6802,"[578.1, 107.0, 1053.4, 1080.0]",0.5103,0.6806,671.877,965.9375,648991.1598,922.6508,588.4824,475.3557,972.973,462508.2666,815.7516,593.5135,107.0175,0.091,0.0988,0.0557,0.0047,0.0486,0.1591,0.0052,0.6936,0.9732,0.9732,0.6936,0.7127,0.7075,0.9928,0.6956,0.4886,0.207,0.9818,0.9984,0.1699
gloves_mask_t00-00_f0000 - Copy_jpg.rf.7LrwzIlP8VQduj4C5JXk.jpg,TRUE_DUPLICATE,2,2,1280,720,"[931.7, 167.6, 1103.9, 717.6]",0.8937,"[926.0, 170.0, 1249.4, 713.7]",0.6498,0.5294,172.2266,549.989,94722.7172,1017.7672,442.6379,323.3456,543.6997,175802.9161,1087.7001,441.8469,69.9374,0.1106,0.1214,0.0546,0.0011,0.0476,0.2163,0.0014,0.9886,0.5326,0.9886,0.5326,0.5388,0.5326,0.9886,0.3131,0.5947,0.2816,1.0,1.0,0.2439
gloves_mask_t00-00_f0000 - Copy_jpg.rf.7LrwzIlP8VQduj4C5JXk.jpg,TRUE_DUPLICATE,1,1,1280,720,"[548.2, 206.1, 706.0, 457.4]",0.7454,"[546.1, 204.7, 700.0, 641.3]",0.6557,0.5553,157.75,251.3587,39651.8331,627.1071,331.7641,153.8539,436.603,67173.0878,623.0398,422.9592,91.2857,0.1972,0.3076,0.0032,0.1267,0.0622,0.0258,0.2089,0.9619,0.5678,0.9619,0.5678,0.5903,0.9753,0.5757,0.6276,0.3524,0.2752,0.9862,1.0,0.0897
gloves_mask_t02-50_f0060 - Copy_jpg.rf.m41obDZvqvXjYBdQ9piQ.jpg,TRUE_DUPLICATE,1,1,1280,720,"[546.9, 203.9, 699.9, 642.0]",0.6464,"[548.5, 206.7, 703.4, 442.8]",0.6261,0.5267,153.0151,438.0413,67026.9282,623.384,422.945,154.9583,236.0286,36574.5761,625.9363,324.7594,98.2188,0.2117,0.3479,0.002,0.1364,0.0669,0.0165,0.2241,0.5333,0.9773,0.9773,0.5333,0.5457,0.9875,0.5388,0.3493,0.6565,0.3072,0.9897,1.0,0.0203
gloves_mask_t02-75_f0066 - Copy_jpg.rf.8PEXHTy696pGOBrbvdVp.jpg,TRUE_DUPLICATE,2,2,1280,720,"[854.7, 167.2, 1085.8, 714.2]",0.9538,"[723.3, 158.4, 1085.9, 712.0]",0.6718,0.6256,231.0815,546.9796,126396.8528,970.2235,440.6982,362.5656,553.5676,200704.5355,904.5786,435.1807,65.8765,0.0996,0.1109,0.0513,0.0077,0.0449,0.1811,0.01,0.9959,0.6272,0.9959,0.6272,0.6298,0.6374,0.9881,0.4225,0.655,0.2325,1.0,0.9959,0.2819
gloves_mask_t03-25_f0078_jpg.rf.mypZL3x70d9zwU6p8Nce.jpg,TRUE_DUPLICATE,2,2,1280,720,"[889.7, 165.9, 1080.7, 714.1]",0.9637,"[753.7, 156.9, 1081.8, 712.3]",0.6271,0.5717,191.0059,548.218,104712.8507,985.2178,440.008,328.0588,555.3618,182191.3232,917.7674,434.6092,67.6661,0.1049,0.1166,0.0527,0.0075,0.0461,0.2056,0.0097,0.9967,0.5728,0.9967,0.5728,0.5747,0.5822,0.9871,0.3484,0.5907,0.2423,1.0,0.9967,0.3365
gloves_mask_t04-50_f0108_jpg.rf.LvLxWrAh6Ah4mrFX6l76.jpg,TRUE_DUPLICATE,0,0,1280,720,"[886.8, 162.5, 1109.0, 716.4]",0.9432,"[780.5, 167.3, 1113.6, 710.3]",0.514,0.6583,222.2078,553.8549,123070.8901,997.943,439.4615,333.1075,542.979,180870.3693,947.0853,438.7693,50.8624,0.0798,0.0852,0.0397,0.001,0.0346,0.1527,0.0012,0.9804,0.6671,0.9804,0.6671,0.6804,0.6671,0.9804,0.4012,0.6135,0.2123,1.0,1.0,0.4292
gloves_mask_t04-50_f0108_jpg.rf.LvLxWrAh6Ah4mrFX6l76.jpg,TRUE_DUPLICATE,1,1,1280,720,"[535.1, 204.2, 703.8, 639.1]",0.6929,"[535.9, 208.7, 705.6, 446.1]",0.6746,0.54,168.7559,434.8694,73386.7593,619.464,421.6834,169.6732,237.3551,40272.7988,620.7747,327.3754,94.3171,0.2022,0.3233,0.001,0.131,0.0642,0.0077,0.2169,0.5431,0.9896,0.9896,0.5431,0.5488,0.9946,0.5458,0.3881,0.7148,0.3268,0.995,1.0,0.0183
gloves_mask_t06-75_f0162_jpg.rf.37OsR32Hx9VrsFVXWifp.jpg,TRUE_DUPLICATE,1,1,1280,720,"[529.9, 202.2, 689.7, 454.8]",0.7047,"[528.0, 209.3, 694.3, 649.4]",0.6207,0.5276,159.7607,252.5278,40344.0363,609.8074,328.498,166.3387,440.0549,73198.1481,611.1358,429.3402,100.8509,0.2144,0.3375,0.001,0.1401,0.0687,0.008,0.2292,0.972,0.5357,0.972,0.5357,0.5512,0.9605,0.5739,0.6326,0.378,0.2547,1.0,0.972,0.084
gloves_mask_t07-50_f0180_jpg.rf.Q2CkAxJ8u52NOOFzuVyZ.jpg,TRUE_DUPLICATE,1,1,1280,720,"[530.1, 206.8, 720.1, 639.9]",0.7645,"[531.8, 206.9, 719.0, 492.3]",0.5909,0.6494,189.9843,433.0928,82280.807,625.0797,423.3926,187.2084,285.4171,53432.471,625.3896,349.6007,73.7925,0.156,0.2162,0.0002,0.1025,0.0502,0.0016,0.1704,0.6494,1.0,1.0,0.6494,0.6494,0.9854,0.659,0.4387,0.6559,0.2172,1.0,1.0,0.1736
gloves_mask_t07-75_f0186_jpg.rf.nNKcROlgOQzdk1HgdVMN.jpg,TRUE_DUPLICATE,2,2,1280,720,"[893.7, 168.7, 1098.5, 714.3]",0.9427,"[759.2, 165.6, 1101.4, 712.0]",0.6168,0.5938,204.843,545.5535,111752.7913,996.0717,441.4886,342.1166,546.3758,186924.2549,930.3036,438.7712,65.8242,0.1021,0.113,0.0514,0.0038,0.0448,0.1922,0.005,0.9958,0.5953,0.9958,0.5953,0.5979,0.5988,0.9985,0.3755,0.6262,0.2507,1.0,0.9958,0.3259
gloves_mask_t07-75_f0186_jpg.rf.nNKcROlgOQzdk1HgdVMN.jpg,TRUE_DUPLICATE,1,1,1280,720,"[528.8, 209.1, 695.5, 648.2]",0.7001,"[530.3, 204.0, 692.0, 465.3]",0.5099,0.5595,166.7266,439.109,73211.1331,612.1324,428.6096,161.6743,261.3258,42249.6685,611.1778,334.6173,93.9972,0.2001,0.3059,0.0007,0.1305,0.064,0.0057,0.2141,0.5658,0.9805,0.9805,0.5658,0.5771,0.9697,0.5951,0.3797,0.6187,0.239,1.0,0.9805,0.1902
gloves_mask_t08-25_f0198_jpg.rf.Qcby27NMbT8cVhUsXn88.jpg,TRUE_DUPLICATE,1,1,1280,720,"[528.4, 204.6, 687.0, 467.8]",0.5872,"[526.6, 209.9, 694.2, 646.6]",0.551,0.5525,158.6826,263.1406,41755.8358,607.702,336.1897,167.6516,436.7218,73217.1061,610.4163,428.2694,92.1197,0.1969,0.2998,0.0021,0.1279,0.0627,0.0162,0.2108,0.9799,0.5588,0.9799,0.5588,0.5703,0.9465,0.6025,0.603,0.3839,0.2191,1.0,0.9799,0.0362
istockphoto_2258622635_640_adpp_is_t00000_f000000_jpg.rf.YmP53mKslfE2WBLpORCB.jpg,TRUE_DUPLICATE,0,0,768,432,"[157.4, 32.1, 301.6, 431.0]",0.9417,"[156.7, 26.6, 400.5, 430.7]",0.9224,0.583,144.2128,398.8156,57514.297,229.5044,231.5574,243.8627,404.1105,98547.4841,278.5838,228.6363,49.1662,0.1042,0.1159,0.0639,0.0068,0.0558,0.2013,0.0072,0.9993,0.5832,0.9993,0.5832,0.5836,0.5914,0.9869,0.3616,0.6035,0.2419,1.0,0.9993,0.0193
istockphoto_2258622635_640_adpp_is_t00000_f000000_jpg.rf.YmP53mKslfE2WBLpORCB.jpg,LEGITIMATE_OVERLAP,0,1,768,432,"[156.7, 26.6, 400.5, 430.7]",0.9224,"[243.1, 32.8, 406.5, 430.3]",0.871,0.6198,243.8627,404.1105,98547.4841,278.5838,228.6363,163.4316,397.4582,64957.2438,324.8206,231.53,46.3273,0.0982,0.1078,0.0602,0.0067,0.0526,0.1896,0.0072,0.6349,0.9632,0.9632,0.6349,0.6591,0.6702,0.9835,0.6035,0.4112,0.1923,0.9632,1.0,0.0514
istockphoto_2258622635_640_adpp_is_t00000_f000017_jpg.rf.Ls3ZAi6V7aVeUw9LTwfW.jpg,LEGITIMATE_OVERLAP,0,1,768,432,"[145.1, 11.4, 404.3, 429.8]",0.9311,"[239.3, 19.6, 401.9, 428.3]",0.7264,0.6127,259.1861,418.4042,108444.5448,274.7006,220.602,162.5816,408.6636,66441.1769,320.5658,223.9239,45.9853,0.0934,0.1046,0.0597,0.0077,0.0522,0.177,0.0079,0.6127,1.0,1.0,0.6127,0.6127,0.6273,0.9767,0.6195,0.3978,0.2216,1.0,1.0,0.2048
istockphoto_2258622635_640_adpp_is_t00000_f000034_jpg.rf.J2gvPIZOWiShMaGcDC4X.jpg,TRUE_DUPLICATE,0,0,768,432,"[119.6, 19.3, 412.1, 430.6]",0.9131,"[120.7, 23.9, 276.1, 429.9]",0.8903,0.5244,292.5038,411.2641,120296.3039,265.8242,224.9331,155.382,406.0154,63087.4699,198.4396,226.906,67.4135,0.1336,0.1551,0.0877,0.0046,0.0765,0.2304,0.0048,0.5244,1.0,1.0,0.5244,0.5244,0.5312,0.9872,0.7112,0.3827,0.3285,1.0,1.0,0.0228
istockphoto_2258622635_640_adpp_is_t00000_f000034_jpg.rf.J2gvPIZOWiShMaGcDC4X.jpg,LEGITIMATE_OVERLAP,0,1,768,432,"[119.6, 19.3, 412.1, 430.6]",0.9131,"[230.6, 31.4, 405.6, 426.0]",0.7385,0.5741,292.5038,411.2641,120296.3039,265.8242,224.9331,175.0073,394.6306,69063.241,318.1145,228.6746,52.4239,0.1039,0.1214,0.0681,0.0087,0.0595,0.1788,0.0091,0.5741,1.0,1.0,0.5741,0.5741,0.5983,0.9596,0.7112,0.4435,0.2678,1.0,1.0,0.1747
istockphoto_2258622635_640_adpp_is_t00001_f000051_jpg.rf.mAO4YU5CS9tK3jTZhhHS.jpg,LEGITIMATE_OVERLAP,1,0,768,432,"[113.6, 23.4, 397.0, 430.7]",0.8886,"[207.4, 38.8, 398.7, 429.3]",0.5549,0.6378,283.4498,407.3154,115453.4687,255.313,227.0197,191.312,390.4686,74701.3284,303.0435,234.047,48.245,0.0972,0.111,0.0621,0.0163,0.0548,0.1684,0.0173,0.6414,0.9913,0.9913,0.6414,0.647,0.6749,0.9586,0.6959,0.49,0.2059,0.9913,1.0,0.3337
istockphoto_2258622635_640_adpp_is_t00001_f000051_jpg.rf.mAO4YU5CS9tK3jTZhhHS.jpg,TRUE_DUPLICATE,1,1,768,432,"[113.6, 23.4, 397.0, 430.7]",0.8886,"[116.6, 30.9, 286.8, 430.7]",0.5292,0.5893,283.4498,407.3154,115453.4687,255.313,227.0197,170.172,399.8501,68043.2913,201.6883,230.7927,53.7573,0.1083,0.1237,0.0698,0.0087,0.061,0.1892,0.0093,0.5893,0.9999,0.9999,0.5893,0.5894,0.6004,0.9817,0.6959,0.4256,0.2703,1.0,0.9999,0.3594
istockphoto_2258622635_640_adpp_is_t00001_f000068_jpg.rf.Ts5g3BGKYh0vvBEPc2v8.jpg,TRUE_DUPLICATE,1,1,768,432,"[119.8, 25.7, 376.5, 430.1]",0.8369,"[120.9, 33.8, 273.2, 429.2]",0.83,0.5803,256.6592,404.4138,103796.5338,248.1519,227.8761,152.3178,395.4384,60232.3256,197.0535,231.4988,51.2267,0.1069,0.1209,0.0665,0.0084,0.0581,0.1991,0.009,0.5803,1.0,1.0,0.5803,0.5803,0.5935,0.9778,0.6346,0.3852,0.2495,1.0,1.0,0.007
istockphoto_2258622635_640_adpp_is_t00001_f000068_jpg.rf.Ts5g3BGKYh0vvBEPc2v8.jpg,LEGITIMATE_OVERLAP,1,0,768,432,"[119.8, 25.7, 376.5, 430.1]",0.8369,"[202.5, 37.0, 377.3, 427.2]",0.7884,0.652,256.6592,404.4138,103796.5338,248.1519,227.8761,174.7723,390.1471,68186.9196,289.8936,232.0875,41.9535,0.0876,0.0981,0.0544,0.0097,0.0476,0.1626,0.0104,0.6539,0.9954,0.9954,0.6539,0.6569,0.681,0.9647,0.6346,0.448,0.1867,0.9954,1.0,0.0486
istockphoto_2258622635_640_adpp_is_t00001_f000085_jpg.rf.fDzh5wMkC2vfx3QX3Q8v.jpg,LEGITIMATE_OVERLAP,0,1,768,432,"[128.0, 47.0, 386.6, 430.4]",0.7904,"[207.3, 44.8, 396.5, 427.7]",0.7815,0.6604,258.6228,383.4822,99177.2328,257.288,238.6954,189.1799,382.872,72431.6722,301.9146,236.2369,44.6943,0.0966,0.1047,0.0581,0.0057,0.0507,0.1726,0.0064,0.6882,0.9423,0.9423,0.6882,0.7303,0.7315,0.9984,0.6744,0.4941,0.1803,0.9476,0.9944,0.009
istockphoto_2258622635_640_adpp_is_t00001_f000085_jpg.rf.fDzh5wMkC2vfx3QX3Q8v.jpg,LEGITIMATE_OVERLAP,1,0,768,432,"[207.3, 44.8, 396.5, 427.7]",0.7815,"[206.4, 44.4, 340.0, 367.5]",0.5341,0.5881,189.1799,382.872,72431.6722,301.9146,236.2369,133.5522,323.0654,43146.0796,273.1832,205.946,41.7496,0.0978,0.1194,0.0374,0.0701,0.0474,0.1519,0.0791,0.5909,0.9919,0.9919,0.5909,0.5957,0.706,0.8438,0.4941,0.4134,0.0807,0.9931,0.9988,0.2473
istockphoto_2258622635_640_adpp_is_t00002_f000119_jpg.rf.sExXTRUD12G3exI54dXe.jpg,PARTIAL_FP,-1,1,768,432,"[244.9, 60.9, 348.3, 422.0]",0.8268,"[242.5, 58.4, 403.3, 429.2]",0.7582,0.6265,103.4602,361.0631,37355.6615,296.6111,241.4542,160.7812,370.8566,59626.7862,322.8762,243.8216,26.3716,0.0652,0.0702,0.0342,0.0055,0.0299,0.1634,0.0064,1.0,0.6265,1.0,0.6265,0.6265,0.6435,0.9736,0.2865,0.4335,0.147,1.0,1.0,0.0687
istockphoto_2258622635_640_adpp_is_t00004_f000238_jpg.rf.7L0nct1ggUCgdFvveQWY.jpg,TRUE_DUPLICATE,1,1,768,432,"[142.4, 50.7, 332.7, 430.6]",0.9177,"[143.0, 44.1, 411.3, 430.4]",0.7266,0.6929,190.2797,379.949,72296.5824,237.5243,240.6647,268.3071,386.3215,103652.8137,277.1674,237.2515,39.7898,0.0846,0.0936,0.0516,0.0079,0.0452,0.1478,0.0088,0.9961,0.6948,0.9961,0.6948,0.6975,0.7092,0.9835,0.5008,0.6945,0.1937,0.9967,0.9994,0.1911
istockphoto_2258622635_640_adpp_is_t00004_f000238_jpg.rf.7L0nct1ggUCgdFvveQWY.jpg,LEGITIMATE_OVERLAP,0,1,768,432,"[250.4, 50.4, 417.8, 430.5]",0.8732,"[143.0, 44.1, 411.3, 430.4]",0.7266,0.5762,167.4941,380.0874,63662.3929,334.0971,240.4694,268.3071,386.3215,103652.8137,277.1674,237.2515,57.0206,0.1212,0.1373,0.0741,0.0074,0.0647,0.2122,0.0083,0.9608,0.5901,0.9608,0.5901,0.6142,0.6243,0.9839,0.4407,0.6945,0.2538,0.9611,0.9997,0.1466
istockphoto_2258622635_640_adpp_is_t00005_f000289_jpg.rf.ErWc5Qq28MmxdDoSjkRT.jpg,TRUE_DUPLICATE,0,0,768,432,"[138.5, 62.5, 325.8, 430.4]",0.8843,"[138.1, 61.2, 428.4, 431.0]",0.8652,0.6421,187.3067,367.955,68920.4532,232.1389,246.4299,290.2566,369.7804,107331.1938,283.2491,246.0958,51.1113,0.1087,0.1238,0.0665,0.0008,0.058,0.1761,0.0009,1.0,0.6421,1.0,0.6421,0.6421,0.6453,0.9951,0.509,0.7849,0.2759,1.0,1.0,0.0191
istockphoto_2258622635_640_adpp_is_t00005_f000289_jpg.rf.ErWc5Qq28MmxdDoSjkRT.jpg,LEGITIMATE_OVERLAP,0,1,768,432,"[138.1, 61.2, 428.4, 431.0]",0.8652,"[238.8, 57.1, 427.9, 431.3]",0.7531,0.6466,290.2566,369.7804,107331.1938,283.2491,246.0958,189.1274,374.1496,70761.9346,333.3591,244.1893,50.1462,0.1067,0.1196,0.0652,0.0044,0.0569,0.1726,0.0051,0.6516,0.9883,0.9883,0.6516,0.6593,0.6516,0.9883,0.7849,0.5055,0.2795,1.0,1.0,0.112
no_safety_t00-23_f0007_jpg.rf.kC70RQoMztyIvBkzWRIH.jpg,LEGITIMATE_OVERLAP,1,2,768,432,"[539.4, 108.8, 768.0, 430.3]",0.9109,"[526.9, 108.1, 691.8, 428.9]",0.5462,0.6288,228.632,321.5243,73510.7585,653.684,269.5276,164.85,320.8327,52889.279,609.3529,268.503,44.343,0.1124,0.1229,0.0577,0.0024,0.0503,0.1939,0.0032,0.6638,0.9226,0.9226,0.6638,0.7195,0.721,0.9978,0.7111,0.5138,0.1973,0.9245,0.9979,0.3647
no_safety_t02-34_f0070_jpg.rf.VKeU9P600jAwco5mqlsZ.jpg,LEGITIMATE_OVERLAP,1,2,768,432,"[561.7, 127.7, 768.0, 431.3]",0.965,"[562.5, 140.0, 675.7, 432.0]",0.8068,0.5257,206.2788,303.6341,62633.2887,664.8606,279.4703,113.1874,291.9748,33047.8825,619.1091,286.0126,46.2169,0.1259,0.1476,0.0596,0.0151,0.0524,0.2218,0.0215,0.5264,0.9976,0.9976,0.5264,0.5276,0.5487,0.9616,0.6794,0.3877,0.2917,1.0,0.9976,0.1582
no_safety_t02-80_f0084_jpg.rf.H2ozPYxyhiporzmIP2pT.jpg,LEGITIMATE_OVERLAP,1,2,768,432,"[560.9, 128.3, 768.0, 431.5]",0.9626,"[557.2, 140.7, 676.6, 432.0]",0.7083,0.5262,207.1441,303.1645,62798.7429,664.4279,279.9061,119.3961,291.2523,34774.3786,616.8634,286.3738,48.0022,0.1307,0.1525,0.0619,0.015,0.0545,0.2296,0.0213,0.5357,0.9674,0.9674,0.5357,0.5537,0.5764,0.9607,0.6833,0.4099,0.2733,0.9691,0.9982,0.2543
no_safety_t03-00_f0090_jpg.rf.4u47KYXT72ycWFQBKC1d.jpg,LEGITIMATE_OVERLAP,1,2,768,432,"[561.8, 129.1, 768.0, 431.4]",0.9625,"[559.3, 140.8, 676.4, 432.0]",0.7291,0.5279,206.2182,302.2894,62337.5758,664.8909,280.2887,117.123,291.1686,34102.5565,617.875,286.4157,47.4135,0.1296,0.1511,0.0612,0.0142,0.0538,0.228,0.0203,0.5345,0.977,0.977,0.5345,0.5471,0.568,0.9632,0.6822,0.4023,0.2799,0.9789,0.9981,0.2334
no_safety_t03-27_f0098_jpg.rf.4fDwIy7bKmQpsReCosHU.jpg,LEGITIMATE_OVERLAP,1,2,768,432,"[559.4, 131.3, 768.0, 431.5]",0.9449,"[554.6, 142.8, 677.7, 432.0]",0.7077,0.5331,208.5818,300.1582,62607.5408,663.7091,281.4228,123.1535,289.1835,35613.9595,616.153,287.4083,47.9312,0.1311,0.1525,0.0619,0.0139,0.0544,0.228,0.0199,0.5455,0.959,0.959,0.5455,0.5688,0.5904,0.9634,0.6949,0.4259,0.269,0.9607,0.9983,0.2372
no_safety_t03-50_f0105_jpg.rf.OZg4aYivsKJD7eI4cl9U.jpg,LEGITIMATE_OVERLAP,2,1,768,432,"[562.0, 132.3, 768.0, 431.4]",0.9485,"[562.8, 143.4, 676.8, 431.6]",0.6815,0.5329,205.9775,299.1125,61610.4667,665.0112,281.8568,114.0084,288.2118,32858.5508,619.8425,287.4623,45.5152,0.1253,0.1469,0.0588,0.013,0.0517,0.2193,0.0187,0.533,0.9995,0.9995,0.533,0.5333,0.5535,0.9636,0.6886,0.3956,0.2931,1.0,0.9995,0.2669
no_safety_t03-74_f0112_jpg.rf.sios0IdCoXYGflrdvoCF.jpg,LEGITIMATE_OVERLAP,2,1,768,432,"[564.1, 133.4, 768.0, 431.4]",0.9562,"[561.4, 145.1, 677.4, 430.9]",0.5888,0.5264,203.89,297.9843,60755.9955,666.055,282.3717,116.0123,285.7883,33154.9645,619.4327,287.9662,46.9568,0.1301,0.1522,0.0607,0.013,0.0533,0.2287,0.0188,0.5331,0.9769,0.9769,0.5331,0.5457,0.569,0.9591,0.6842,0.4059,0.2783,0.9769,1.0,0.3674
no_safety_t04-90_f0147_jpg.rf.ruDCxq5sMg9Rwl3B3WNE.jpg,LEGITIMATE_OVERLAP,1,2,768,432,"[558.9, 140.0, 768.0, 430.1]",0.854,"[557.9, 141.3, 694.0, 430.6]",0.8307,0.6394,209.0478,290.1089,60646.6154,663.4496,285.0637,136.1754,289.2567,39389.6354,625.9467,285.9702,37.5138,0.1049,0.1173,0.0488,0.0021,0.0426,0.1794,0.0031,0.6433,0.9905,0.9905,0.6433,0.6495,0.6514,0.9971,0.7206,0.4708,0.2498,0.9922,0.9983,0.0233
no_safety_t04-90_f0147_jpg.rf.ruDCxq5sMg9Rwl3B3WNE.jpg,TRUE_DUPLICATE,1,1,768,432,"[558.9, 140.0, 768.0, 430.1]",0.854,"[629.2, 136.4, 768.0, 430.3]",0.7323,0.6579,209.0478,290.1089,60646.6154,663.4496,285.0637,138.7646,293.8807,40780.2551,698.6177,283.3853,35.2081,0.0985,0.1083,0.0458,0.0039,0.04,0.1682,0.0057,0.6637,0.987,0.987,0.6637,0.6724,0.6638,0.9872,0.7206,0.4722,0.2484,0.9998,1.0,0.1217
no_safety_t05-84_f0175_jpg.rf.6ze36rZ0zVjhTaAS4Xrb.jpg,LEGITIMATE_OVERLAP,2,1,768,432,"[566.7, 135.4, 768.0, 431.2]",0.9124,"[561.4, 136.4, 680.7, 432.0]",0.6547,0.5495,201.3495,295.8671,59572.7154,667.3252,283.2874,119.2885,295.6186,35263.886,621.0619,284.1645,46.2716,0.1293,0.1452,0.0602,0.002,0.0525,0.2298,0.003,0.5645,0.9537,0.9537,0.5645,0.5919,0.5924,0.9992,0.6805,0.4035,0.277,0.9561,0.9975,0.2577
no_safety_t06-77_f0203_jpg.rf.fVspZAR9vPylB1ky2Lh1.jpg,TRUE_DUPLICATE,1,1,768,432,"[569.1, 134.8, 768.0, 431.2]",0.8957,"[637.6, 131.6, 768.0, 431.2]",0.7185,0.6509,198.9025,296.4568,58966.0071,668.5487,283.0024,130.3856,299.5785,39060.7234,702.8072,281.4001,34.2959,0.0961,0.105,0.0446,0.0037,0.0389,0.1722,0.0053,0.6554,0.9894,0.9894,0.6554,0.6624,0.6555,0.9896,0.6709,0.4352,0.2357,1.0,0.9999,0.1772
no_safety_t06-77_f0203_jpg.rf.fVspZAR9vPylB1ky2Lh1.jpg,LEGITIMATE_OVERLAP,1,2,768,432,"[569.1, 134.8, 768.0, 431.2]",0.8957,"[561.7, 136.1, 681.8, 431.3]",0.6722,0.5439,198.9025,296.4568,58966.0071,668.5487,283.0024,120.1204,295.2245,35462.4974,621.7498,283.7162,46.8043,0.1311,0.1468,0.0609,0.0017,0.0531,0.2353,0.0024,0.5641,0.938,0.938,0.5641,0.6014,0.6039,0.9958,0.6709,0.4069,0.2641,0.9383,0.9997,0.2234
