Feature,TD_Min,TD_P25,TD_Median,TD_Mean,TD_P75,TD_Max,LO_Min,LO_P25,LO_Median,LO_Mean,LO_P75,LO_Max
iou,0.5042,0.5624,0.6286,0.6138,0.6582,0.6961,0.5257,0.533,0.5762,0.5843,0.6333,0.6604
center_dist,34.2959,55.1138,74.6444,88.1533,98.5868,284.3528,37.5138,45.1047,46.3273,46.606,47.9667,57.0206
norm_dist_diag_large,0.0782,0.1002,0.11,0.1267,0.1429,0.2144,0.0876,0.098,0.1124,0.1133,0.1294,0.1311
norm_dist_diag_small,0.0847,0.1131,0.1234,0.1608,0.1847,0.3479,0.0981,0.1141,0.1229,0.1294,0.1472,0.1525
norm_dist_img_w,0.0001,0.0114,0.0422,0.0424,0.0637,0.1481,0.0374,0.0585,0.0602,0.0595,0.0619,0.0741
norm_dist_img_h,0.0,0.0037,0.0081,0.044,0.0971,0.148,0.0017,0.0051,0.0087,0.0121,0.014,0.0701
norm_dist_img_diag,0.0223,0.0442,0.0513,0.0546,0.0642,0.1291,0.0426,0.0512,0.0526,0.0529,0.0544,0.0647
norm_dx_large_w,0.0003,0.0568,0.1507,0.1247,0.1798,0.2432,0.1519,0.1748,0.1939,0.1989,0.228,0.2353
norm_dy_large_h,0.0,0.005,0.0095,0.0691,0.1348,0.2292,0.0024,0.0058,0.0091,0.0149,0.0194,0.0791
max_containment,0.7527,0.9779,0.9909,0.9684,0.9999,1.0,0.9226,0.9599,0.977,0.9745,0.9937,1.0
min_containment,0.505,0.569,0.6389,0.6309,0.6881,0.7979,0.5264,0.5406,0.5901,0.5938,0.6424,0.6882
area_ratio,0.505,0.5779,0.6394,0.6578,0.6882,0.9975,0.5276,0.5613,0.6014,0.6099,0.6532,0.7303
width_ratio,0.5077,0.6384,0.7049,0.7484,0.9212,0.9946,0.5487,0.5834,0.6243,0.6284,0.6726,0.7315
height_ratio,0.5388,0.7412,0.9791,0.8605,0.9881,0.9999,0.8438,0.9612,0.9647,0.9694,0.9921,0.9992
ar_diff,0.0527,0.2177,0.2527,0.2695,0.3162,0.5888,0.0807,0.2016,0.2641,0.2391,0.2777,0.2931
horiz_overlap_ratio,0.8551,0.9975,1.0,0.9933,1.0,1.0,0.9245,0.9609,0.9789,0.9762,0.9977,1.0
vert_overlap_ratio,0.972,0.9977,1.0,0.9968,1.0,1.0,0.9944,0.9981,0.9995,0.9988,1.0,1.0
conf_diff,0.007,0.0705,0.1719,0.1646,0.2471,0.4292,0.009,0.1293,0.2234,0.1955,0.256,0.3674
conf_a,0.5872,0.7068,0.8285,0.8039,0.8924,0.9637,0.7815,0.8692,0.9124,0.9008,0.9467,0.965
conf_b,0.5096,0.5734,0.6191,0.6393,0.7013,0.9224,0.5341,0.6635,0.7264,0.7053,0.7673,0.871
