image,person_index,person_confidence,person_bbox,helmet_detected,helmet_confidence,helmet_score,mask_detected,mask_confidence,mask_score,head_visibility,face_visibility,touches_left,touches_right,touches_top,touches_bottom,safety_status
19832490_hd_1920_1080_25fps_t00-00_f0000_jpg.rf.UeCbzC5MR4GrzgtfKxrk.jpg,1,0.5683,"[0.7933228015899658, 0.0, 317.9377136230469, 1070.9552001953125]",UNKNOWN,N/A,N/A,NO,N/A,N/A,CROPPED,VISIBLE,True,False,True,False,UNCERTAIN
19832490_hd_1920_1080_25fps_t00-00_f0000_jpg.rf.UeCbzC5MR4GrzgtfKxrk.jpg,2,0.9050,"[360.5754089355469, 70.634033203125, 724.5397338867188, 667.6956787109375]",YES,0.3937,0.9256,NO,N/A,N/A,VISIBLE,VISIBLE,False,False,False,False,NO_MASK
19832490_hd_1920_1080_25fps_t00-00_f0000_jpg.rf.UeCbzC5MR4GrzgtfKxrk.jpg,3,0.9675,"[678.852294921875, 77.39958190917969, 974.85400390625, 661.5980224609375]",YES,0.9808,0.9732,NO,N/A,N/A,VISIBLE,VISIBLE,False,False,False,False,NO_MASK
19832490_hd_1920_1080_25fps_t00-00_f0000_jpg.rf.UeCbzC5MR4GrzgtfKxrk.jpg,4,0.7295,"[865.1179809570312, 299.38873291015625, 1555.373046875, 1074.0419921875]",NO,N/A,N/A,NO,N/A,N/A,VISIBLE,VISIBLE,False,False,False,False,NO_HELMET_AND_MASK
19832490_hd_1920_1080_25fps_t00-00_f0000_jpg.rf.UeCbzC5MR4GrzgtfKxrk.jpg,5,0.5639,"[1465.574462890625, 0.0, 1895.563232421875, 450.2315979003906]",UNKNOWN,N/A,N/A,YES,0.2447,0.9612,CROPPED,VISIBLE,False,False,True,False,UNCERTAIN
19832490_hd_1920_1080_25fps_t00-00_f0000_jpg.rf.UeCbzC5MR4GrzgtfKxrk.jpg,6,0.7746,"[1602.8470458984375, 0.0, 1892.0789794921875, 377.6238098144531]",UNKNOWN,N/A,N/A,NO,N/A,N/A,CROPPED,VISIBLE,False,False,True,False,UNCERTAIN
19832490_hd_1920_1080_25fps_t00-24_f0006_jpg.rf.i0ayu2Jr01GvGL2WeCm6.jpg,1,0.5501,"[0.0, 0.0, 78.79663848876953, 1080.0]",UNKNOWN,N/A,N/A,NO,N/A,N/A,CROPPED,VISIBLE,True,False,True,True,UNCERTAIN
19832490_hd_1920_1080_25fps_t00-24_f0006_jpg.rf.i0ayu2Jr01GvGL2WeCm6.jpg,2,0.5320,"[1.04937744140625, 0.0, 296.5967102050781, 1071.8504638671875]",UNKNOWN,N/A,N/A,NO,N/A,N/A,CROPPED,VISIBLE,True,False,True,False,UNCERTAIN
19832490_hd_1920_1080_25fps_t00-24_f0006_jpg.rf.i0ayu2Jr01GvGL2WeCm6.jpg,3,0.9169,"[361.60540771484375, 72.25691986083984, 713.0355224609375, 639.4722900390625]",YES,0.4705,0.9013,NO,N/A,N/A,VISIBLE,VISIBLE,False,False,False,False,NO_MASK
19832490_hd_1920_1080_25fps_t00-24_f0006_jpg.rf.i0ayu2Jr01GvGL2WeCm6.jpg,4,0.9182,"[664.7686767578125, 74.8995132446289, 893.6238403320312, 632.2854614257812]",YES,0.9840,0.9232,NO,N/A,N/A,VISIBLE,VISIBLE,False,False,False,False,NO_MASK
19832490_hd_1920_1080_25fps_t00-24_f0006_jpg.rf.i0ayu2Jr01GvGL2WeCm6.jpg,5,0.8191,"[816.0991821289062, 173.83030700683594, 1008.8225708007812, 539.3125]",YES,0.9895,0.9416,NO,N/A,N/A,VISIBLE,VISIBLE,False,False,False,False,NO_MASK
19832490_hd_1920_1080_25fps_t00-24_f0006_jpg.rf.i0ayu2Jr01GvGL2WeCm6.jpg,6,0.7154,"[890.5349731445312, 284.10821533203125, 1560.1072998046875, 1035.7587890625]",NO,N/A,N/A,NO,N/A,N/A,VISIBLE,VISIBLE,False,False,False,False,NO_HELMET_AND_MASK
19832490_hd_1920_1080_25fps_t00-24_f0006_jpg.rf.i0ayu2Jr01GvGL2WeCm6.jpg,7,0.7294,"[1604.5313720703125, 0.0, 1892.6651611328125, 420.4276123046875]",UNKNOWN,N/A,N/A,YES,0.4276,0.9509,CROPPED,VISIBLE,False,False,True,False,UNCERTAIN
19832490_hd_1920_1080_25fps_t00-96_f0024_jpg.rf.uLKsWCF1xoyowB0Sy520.jpg,1,0.5664,"[0.0, 0.0, 80.9879379272461, 1080.0]",UNKNOWN,N/A,N/A,NO,N/A,N/A,CROPPED,VISIBLE,True,False,True,True,UNCERTAIN
19832490_hd_1920_1080_25fps_t00-96_f0024_jpg.rf.uLKsWCF1xoyowB0Sy520.jpg,2,0.5948,"[0.3793030083179474, 0.0, 256.7857666015625, 1072.188232421875]",UNKNOWN,N/A,N/A,NO,N/A,N/A,CROPPED,VISIBLE,True,False,True,False,UNCERTAIN
19832490_hd_1920_1080_25fps_t00-96_f0024_jpg.rf.uLKsWCF1xoyowB0Sy520.jpg,3,0.7731,"[104.01786041259766, 0.24749451875686646, 326.89544677734375, 292.7817687988281]",UNKNOWN,N/A,N/A,NO,N/A,N/A,CROPPED,VISIBLE,False,False,True,False,UNCERTAIN
19832490_hd_1920_1080_25fps_t00-96_f0024_jpg.rf.uLKsWCF1xoyowB0Sy520.jpg,4,0.7736,"[292.46661376953125, 106.81670379638672, 723.4024047851562, 855.0968627929688]",YES,0.6426,0.9429,NO,N/A,N/A,VISIBLE,VISIBLE,False,False,False,False,NO_MASK
19832490_hd_1920_1080_25fps_t00-96_f0024_jpg.rf.uLKsWCF1xoyowB0Sy520.jpg,5,0.8854,"[299.5734558105469, 92.29004669189453, 716.56494140625, 648.5333251953125]",NO,N/A,N/A,NO,N/A,N/A,VISIBLE,VISIBLE,False,False,False,False,NO_HELMET_AND_MASK
19832490_hd_1920_1080_25fps_t00-96_f0024_jpg.rf.uLKsWCF1xoyowB0Sy520.jpg,6,0.9600,"[687.3470458984375, 75.17556762695312, 967.5778198242188, 601.7008666992188]",YES,0.9416,0.9101,YES,0.4152,0.6842,VISIBLE,VISIBLE,False,False,False,False,SAFE
19832490_hd_1920_1080_25fps_t00-96_f0024_jpg.rf.uLKsWCF1xoyowB0Sy520.jpg,7,0.8949,"[867.9346313476562, 251.48130798339844, 1578.2144775390625, 1050.60205078125]",NO,N/A,N/A,NO,N/A,N/A,VISIBLE,VISIBLE,False,False,False,False,NO_HELMET_AND_MASK
19832490_hd_1920_1080_25fps_t00-96_f0024_jpg.rf.uLKsWCF1xoyowB0Sy520.jpg,8,0.9115,"[902.6241455078125, 137.72454833984375, 1133.08251953125, 510.3256530761719]",YES,0.9754,0.9026,NO,N/A,N/A,VISIBLE,VISIBLE,False,False,False,False,NO_MASK
19832490_hd_1920_1080_25fps_t00-96_f0024_jpg.rf.uLKsWCF1xoyowB0Sy520.jpg,9,0.5458,"[1577.721435546875, 0.0, 1886.6793212890625, 428.8268127441406]",UNKNOWN,N/A,N/A,NO,N/A,N/A,CROPPED,VISIBLE,False,False,True,False,UNCERTAIN
19832490_hd_1920_1080_25fps_t01-20_f0030_jpg.rf.S7NmGa5j29eyxvYDm1V6.jpg,1,0.6006,"[1.153839111328125, 0.0, 270.86077880859375, 1071.4361572265625]",UNKNOWN,N/A,N/A,NO,N/A,N/A,CROPPED,VISIBLE,True,False,True,False,UNCERTAIN
19832490_hd_1920_1080_25fps_t01-20_f0030_jpg.rf.S7NmGa5j29eyxvYDm1V6.jpg,2,0.6958,"[160.8951873779297, 0.0, 361.9115295410156, 297.201171875]",YES,0.5791,0.8907,NO,N/A,N/A,CROPPED,VISIBLE,False,False,True,False,NO_MASK
19832490_hd_1920_1080_25fps_t01-20_f0030_jpg.rf.S7NmGa5j29eyxvYDm1V6.jpg,3,0.9363,"[284.6203918457031, 112.46206665039062, 556.9437866210938, 665.3109130859375]",YES,0.3516,0.8812,NO,N/A,N/A,VISIBLE,VISIBLE,False,False,False,False,NO_MASK
19832490_hd_1920_1080_25fps_t01-20_f0030_jpg.rf.S7NmGa5j29eyxvYDm1V6.jpg,4,0.9359,"[688.052978515625, 82.62905883789062, 985.6954345703125, 605.8460083007812]",YES,0.9547,0.8972,YES,0.6639,0.7236,VISIBLE,VISIBLE,False,False,False,False,SAFE
19832490_hd_1920_1080_25fps_t01-20_f0030_jpg.rf.S7NmGa5j29eyxvYDm1V6.jpg,5,0.8955,"[921.218017578125, 142.6748046875, 1136.1070556640625, 514.7583618164062]",YES,0.9906,0.8975,NO,N/A,N/A,VISIBLE,VISIBLE,False,False,False,False,NO_MASK
19832490_hd_1920_1080_25fps_t01-20_f0030_jpg.rf.S7NmGa5j29eyxvYDm1V6.jpg,6,0.8873,"[923.81005859375, 259.19183349609375, 1581.5194091796875, 1027.319580078125]",NO,N/A,N/A,NO,N/A,N/A,VISIBLE,VISIBLE,False,False,False,False,NO_HELMET_AND_MASK
19832490_hd_1920_1080_25fps_t01-20_f0030_jpg.rf.S7NmGa5j29eyxvYDm1V6.jpg,7,0.6805,"[1611.16015625, 0.0, 1887.32568359375, 389.1652526855469]",UNKNOWN,N/A,N/A,NO,N/A,N/A,CROPPED,VISIBLE,False,False,True,False,UNCERTAIN
19832490_hd_1920_1080_25fps_t01-92_f0048_jpg.rf.UTygC2gDWYBtiMHMADtn.jpg,1,0.6277,"[0.48768311738967896, 0.0, 267.76202392578125, 1069.87646484375]",YES,0.2502,0.6107,NO,N/A,N/A,CROPPED,VISIBLE,True,False,True,False,NO_MASK
19832490_hd_1920_1080_25fps_t01-92_f0048_jpg.rf.UTygC2gDWYBtiMHMADtn.jpg,2,0.7926,"[225.48956298828125, 190.97344970703125, 552.0380859375, 790.8504028320312]",YES,0.8082,0.9277,NO,N/A,N/A,VISIBLE,VISIBLE,False,False,False,False,NO_MASK
19832490_hd_1920_1080_25fps_t01-92_f0048_jpg.rf.UTygC2gDWYBtiMHMADtn.jpg,3,0.7404,"[235.35147094726562, 195.70635986328125, 685.6893310546875, 717.1749877929688]",YES,0.9628,0.6561,NO,N/A,N/A,VISIBLE,VISIBLE,False,False,False,False,NO_MASK
19832490_hd_1920_1080_25fps_t01-92_f0048_jpg.rf.UTygC2gDWYBtiMHMADtn.jpg,4,0.9219,"[699.6967163085938, 98.53140258789062, 1039.77685546875, 607.2496337890625]",YES,0.9895,0.9053,NO,N/A,N/A,VISIBLE,VISIBLE,False,False,False,False,NO_MASK
19832490_hd_1920_1080_25fps_t01-92_f0048_jpg.rf.UTygC2gDWYBtiMHMADtn.jpg,5,0.8550,"[937.489501953125, 117.71814727783203, 1282.966552734375, 563.4802856445312]",YES,0.9851,0.9238,NO,N/A,N/A,VISIBLE,VISIBLE,False,False,False,False,NO_MASK
19832490_hd_1920_1080_25fps_t01-92_f0048_jpg.rf.UTygC2gDWYBtiMHMADtn.jpg,6,0.8887,"[945.8165283203125, 280.24530029296875, 1591.8651123046875, 1038.2392578125]",YES,0.3104,0.8993,NO,N/A,N/A,VISIBLE,VISIBLE,False,False,False,False,NO_MASK
19832490_hd_1920_1080_25fps_t01-92_f0048_jpg.rf.UTygC2gDWYBtiMHMADtn.jpg,7,0.5821,"[1573.13134765625, 0.0, 1896.281494140625, 460.8939208984375]",UNKNOWN,N/A,N/A,NO,N/A,N/A,CROPPED,VISIBLE,False,False,True,False,UNCERTAIN
19832490_hd_1920_1080_25fps_t01-92_f0048_jpg.rf.UTygC2gDWYBtiMHMADtn.jpg,8,0.8303,"[1614.0880126953125, 0.0, 1891.5548095703125, 348.2080993652344]",UNKNOWN,N/A,N/A,NO,N/A,N/A,CROPPED,VISIBLE,False,False,True,False,UNCERTAIN
19832490_hd_1920_1080_25fps_t02-64_f0066_jpg.rf.FVn1QGkiaMdlt4gVYBJ9.jpg,1,0.5538,"[0.0, 0.0, 87.08059692382812, 1079.3734130859375]",UNKNOWN,N/A,N/A,NO,N/A,N/A,CROPPED,VISIBLE,True,False,True,True,UNCERTAIN
19832490_hd_1920_1080_25fps_t02-64_f0066_jpg.rf.FVn1QGkiaMdlt4gVYBJ9.jpg,2,0.6192,"[0.8484192490577698, 0.0, 286.9452209472656, 1079.3377685546875]",UNKNOWN,N/A,N/A,NO,N/A,N/A,CROPPED,VISIBLE,True,False,True,True,UNCERTAIN
19832490_hd_1920_1080_25fps_t02-64_f0066_jpg.rf.FVn1QGkiaMdlt4gVYBJ9.jpg,3,0.5839,"[116.05847930908203, 176.2305908203125, 334.87017822265625, 832.0702514648438]",YES,0.9561,0.9858,NO,N/A,N/A,VISIBLE,VISIBLE,False,False,False,False,NO_MASK
19832490_hd_1920_1080_25fps_t02-64_f0066_jpg.rf.FVn1QGkiaMdlt4gVYBJ9.jpg,4,0.5712,"[154.63604736328125, 82.6305923461914, 351.61871337890625, 293.901123046875]",YES,0.5646,0.8110,NO,N/A,N/A,VISIBLE,VISIBLE,False,False,False,False,NO_MASK
19832490_hd_1920_1080_25fps_t02-64_f0066_jpg.rf.FVn1QGkiaMdlt4gVYBJ9.jpg,5,0.7263,"[252.29246520996094, 173.0695343017578, 730.154296875, 658.0963134765625]",NO,N/A,N/A,NO,N/A,N/A,VISIBLE,VISIBLE,False,False,False,False,NO_HELMET_AND_MASK
19832490_hd_1920_1080_25fps_t02-64_f0066_jpg.rf.FVn1QGkiaMdlt4gVYBJ9.jpg,6,0.5497,"[269.3042907714844, 178.23553466796875, 632.8726806640625, 833.2938842773438]",YES,0.5980,0.9160,NO,N/A,N/A,VISIBLE,VISIBLE,False,False,False,False,NO_MASK
19832490_hd_1920_1080_25fps_t02-64_f0066_jpg.rf.FVn1QGkiaMdlt4gVYBJ9.jpg,7,0.9367,"[708.8402099609375, 117.56067657470703, 1038.08154296875, 610.7994384765625]",YES,0.9869,0.9218,NO,N/A,N/A,VISIBLE,VISIBLE,False,False,False,False,NO_MASK
19832490_hd_1920_1080_25fps_t02-64_f0066_jpg.rf.FVn1QGkiaMdlt4gVYBJ9.jpg,8,0.8191,"[938.9658813476562, 198.1631622314453, 1545.980224609375, 1041.639892578125]",YES,0.8777,0.9646,NO,N/A,N/A,VISIBLE,VISIBLE,False,False,False,False,NO_MASK
19832490_hd_1920_1080_25fps_t02-64_f0066_jpg.rf.FVn1QGkiaMdlt4gVYBJ9.jpg,9,0.5457,"[943.7994384765625, 222.98480224609375, 1370.2899169921875, 606.602783203125]",YES,0.4074,0.2755,NO,N/A,N/A,VISIBLE,VISIBLE,False,False,False,False,NO_MASK
19832490_hd_1920_1080_25fps_t02-64_f0066_jpg.rf.FVn1QGkiaMdlt4gVYBJ9.jpg,10,0.6333,"[1592.5738525390625, 0.0, 1888.124755859375, 350.77001953125]",UNKNOWN,N/A,N/A,NO,N/A,N/A,CROPPED,VISIBLE,False,False,True,False,UNCERTAIN
19832490_hd_1920_1080_25fps_t02-88_f0072_jpg.rf.jfbblZScl1ao9ZMsg5d4.jpg,1,0.8396,"[225.82933044433594, 196.09849548339844, 670.69921875, 658.047607421875]",YES,0.9641,0.8429,NO,N/A,N/A,VISIBLE,VISIBLE,False,False,False,False,NO_MASK
19832490_hd_1920_1080_25fps_t02-88_f0072_jpg.rf.jfbblZScl1ao9ZMsg5d4.jpg,2,0.5441,"[228.67001342773438, 197.07363891601562, 649.028076171875, 976.7088012695312]",YES,0.3804,0.9441,NO,N/A,N/A,VISIBLE,VISIBLE,False,False,False,False,NO_MASK
19832490_hd_1920_1080_25fps_t02-88_f0072_jpg.rf.jfbblZScl1ao9ZMsg5d4.jpg,3,0.9315,"[709.7932739257812, 117.2425308227539, 1041.079345703125, 614.7410888671875]",YES,0.9885,0.9273,NO,N/A,N/A,VISIBLE,VISIBLE,False,False,False,False,NO_MASK
19832490_hd_1920_1080_25fps_t02-88_f0072_jpg.rf.jfbblZScl1ao9ZMsg5d4.jpg,4,0.7752,"[900.7654418945312, 198.30982971191406, 1555.9471435546875, 1042.2215576171875]",YES,0.6133,0.9576,NO,N/A,N/A,VISIBLE,VISIBLE,False,False,False,False,NO_MASK
19832490_hd_1920_1080_25fps_t02-88_f0072_jpg.rf.jfbblZScl1ao9ZMsg5d4.jpg,5,0.7142,"[941.6076049804688, 222.33070373535156, 1343.649169921875, 617.0114135742188]",NO,N/A,N/A,NO,N/A,N/A,VISIBLE,VISIBLE,False,False,False,False,NO_HELMET_AND_MASK
19832490_hd_1920_1080_25fps_t02-88_f0072_jpg.rf.jfbblZScl1ao9ZMsg5d4.jpg,6,0.5112,"[1552.3375244140625, 2.0634522438049316, 1858.9852294921875, 352.7247619628906]",NO,N/A,N/A,NO,N/A,N/A,VISIBLE,VISIBLE,False,False,True,False,NO_HELMET_AND_MASK
19832490_hd_1920_1080_25fps_t03-60_f0090_jpg.rf.IhFG6PXrlOkVkkM0GCoQ.jpg,1,0.5531,"[0.0, 0.0, 78.0986328125, 1080.0]",UNKNOWN,N/A,N/A,NO,N/A,N/A,CROPPED,VISIBLE,True,False,True,True,UNCERTAIN
19832490_hd_1920_1080_25fps_t03-60_f0090_jpg.rf.IhFG6PXrlOkVkkM0GCoQ.jpg,2,0.5691,"[1.0758545398712158, 0.0, 302.59661865234375, 1072.0377197265625]",UNKNOWN,N/A,N/A,NO,N/A,N/A,CROPPED,VISIBLE,True,False,True,False,UNCERTAIN
19832490_hd_1920_1080_25fps_t03-60_f0090_jpg.rf.IhFG6PXrlOkVkkM0GCoQ.jpg,3,0.8028,"[104.36678314208984, 2.5479493141174316, 324.69696044921875, 315.8844909667969]",NO,N/A,N/A,NO,N/A,N/A,VISIBLE,VISIBLE,False,False,True,False,NO_HELMET_AND_MASK
19832490_hd_1920_1080_25fps_t03-60_f0090_jpg.rf.IhFG6PXrlOkVkkM0GCoQ.jpg,4,0.5506,"[303.5352783203125, 133.6110382080078, 663.262939453125, 671.6419677734375]",NO,N/A,N/A,NO,N/A,N/A,VISIBLE,VISIBLE,False,False,False,False,NO_HELMET_AND_MASK
19832490_hd_1920_1080_25fps_t03-60_f0090_jpg.rf.IhFG6PXrlOkVkkM0GCoQ.jpg,5,0.8267,"[323.5485534667969, 151.9582977294922, 554.8413696289062, 574.5379028320312]",YES,0.3170,0.8730,NO,N/A,N/A,VISIBLE,VISIBLE,False,False,False,False,NO_MASK
19832490_hd_1920_1080_25fps_t03-60_f0090_jpg.rf.IhFG6PXrlOkVkkM0GCoQ.jpg,6,0.9458,"[712.150390625, 113.12226867675781, 1012.12841796875, 619.0908813476562]",YES,0.9585,0.9107,NO,N/A,N/A,VISIBLE,VISIBLE,False,False,False,False,NO_MASK
19832490_hd_1920_1080_25fps_t03-60_f0090_jpg.rf.IhFG6PXrlOkVkkM0GCoQ.jpg,7,0.8266,"[868.31005859375, 214.3028106689453, 1548.53515625, 1027.515625]",YES,0.8660,0.9752,NO,N/A,N/A,VISIBLE,VISIBLE,False,False,False,False,NO_MASK
19832490_hd_1920_1080_25fps_t03-60_f0090_jpg.rf.IhFG6PXrlOkVkkM0GCoQ.jpg,8,0.5840,"[949.4849243164062, 203.2863311767578, 1310.132568359375, 531.9520874023438]",NO,N/A,N/A,NO,N/A,N/A,VISIBLE,VISIBLE,False,False,False,False,NO_HELMET_AND_MASK
19832490_hd_1920_1080_25fps_t03-60_f0090_jpg.rf.IhFG6PXrlOkVkkM0GCoQ.jpg,9,0.7789,"[1537.97412109375, 0.37891846895217896, 1889.0526123046875, 345.44329833984375]",UNKNOWN,N/A,N/A,NO,N/A,N/A,CROPPED,VISIBLE,False,False,True,False,UNCERTAIN
19832490_hd_1920_1080_25fps_t03-60_f0090_jpg.rf.IhFG6PXrlOkVkkM0GCoQ.jpg,10,0.5760,"[1592.5665283203125, 0.0, 1900.4698486328125, 418.6555480957031]",UNKNOWN,N/A,N/A,NO,N/A,N/A,CROPPED,VISIBLE,False,False,True,False,UNCERTAIN
19832490_hd_1920_1080_25fps_t04-32_f0108_jpg.rf.N7sG4fytCoZvR482nVl0.jpg,1,0.7017,"[443.4999084472656, 85.62905883789062, 756.7327270507812, 678.5474243164062]",YES,0.2704,0.7390,NO,N/A,N/A,VISIBLE,VISIBLE,False,False,False,False,NO_MASK
19832490_hd_1920_1080_25fps_t04-32_f0108_jpg.rf.N7sG4fytCoZvR482nVl0.jpg,2,0.9448,"[707.5542602539062, 118.22798156738281, 1018.2116088867188, 612.0751953125]",YES,0.9649,0.9056,NO,N/A,N/A,VISIBLE,VISIBLE,False,False,False,False,NO_MASK
19832490_hd_1920_1080_25fps_t04-32_f0108_jpg.rf.N7sG4fytCoZvR482nVl0.jpg,3,0.8322,"[945.9993286132812, 190.88072204589844, 1542.9058837890625, 1030.675537109375]",YES,0.9479,0.9813,NO,N/A,N/A,VISIBLE,VISIBLE,False,False,False,False,NO_MASK
19832490_hd_1920_1080_25fps_t04-32_f0108_jpg.rf.N7sG4fytCoZvR482nVl0.jpg,4,0.5223,"[962.9370727539062, 209.35679626464844, 1305.8564453125, 540.1495361328125]",NO,N/A,N/A,NO,N/A,N/A,VISIBLE,VISIBLE,False,False,False,False,NO_HELMET_AND_MASK
19832490_hd_1920_1080_25fps_t04-32_f0108_jpg.rf.N7sG4fytCoZvR482nVl0.jpg,5,0.7894,"[1557.4747314453125, 0.0, 1887.8822021484375, 344.0827331542969]",UNKNOWN,N/A,N/A,NO,N/A,N/A,CROPPED,VISIBLE,False,False,True,False,UNCERTAIN
19832490_hd_1920_1080_25fps_t04-32_f0108_jpg.rf.N7sG4fytCoZvR482nVl0.jpg,6,0.5710,"[1599.50146484375, 0.0, 1897.5787353515625, 480.6921691894531]",UNKNOWN,N/A,N/A,NO,N/A,N/A,CROPPED,VISIBLE,False,False,True,False,UNCERTAIN
19832490_hd_1920_1080_25fps_t05-28_f0132_jpg.rf.muDMNThQPgDAX0tev2Qz.jpg,1,0.7478,"[244.7930908203125, 252.49856567382812, 568.696044921875, 736.5472412109375]",YES,0.5075,0.8168,NO,N/A,N/A,VISIBLE,VISIBLE,False,False,False,False,NO_MASK
19832490_hd_1920_1080_25fps_t05-28_f0132_jpg.rf.muDMNThQPgDAX0tev2Qz.jpg,2,0.5775,"[248.1272735595703, 255.8225860595703, 701.9212036132812, 740.9544677734375]",NO,N/A,N/A,NO,N/A,N/A,VISIBLE,VISIBLE,False,False,False,False,NO_HELMET_AND_MASK
19832490_hd_1920_1080_25fps_t05-28_f0132_jpg.rf.muDMNThQPgDAX0tev2Qz.jpg,3,0.9261,"[680.687255859375, 123.4303970336914, 1026.889404296875, 616.15283203125]",YES,0.9769,0.9145,NO,N/A,N/A,VISIBLE,VISIBLE,False,False,False,False,NO_MASK
19832490_hd_1920_1080_25fps_t05-28_f0132_jpg.rf.muDMNThQPgDAX0tev2Qz.jpg,4,0.8374,"[936.3848266601562, 158.3558807373047, 1554.9754638671875, 1040.033447265625]",YES,0.9138,0.9355,NO,N/A,N/A,VISIBLE,VISIBLE,False,False,False,False,NO_MASK
19832490_hd_1920_1080_25fps_t05-28_f0132_jpg.rf.muDMNThQPgDAX0tev2Qz.jpg,5,0.7131,"[1546.2906494140625, 2.0087404251098633, 1855.2965087890625, 320.3956604003906]",NO,N/A,N/A,NO,N/A,N/A,VISIBLE,VISIBLE,False,False,True,False,NO_HELMET_AND_MASK
19832490_hd_1920_1080_25fps_t05-28_f0132_jpg.rf.muDMNThQPgDAX0tev2Qz.jpg,6,0.5096,"[1608.1298828125, 0.0, 1897.19189453125, 341.2135314941406]",UNKNOWN,N/A,N/A,NO,N/A,N/A,CROPPED,VISIBLE,False,False,True,False,UNCERTAIN
4017518657_preview_t00-00_f0000_jpg.rf.RXqRGj7RwdJiQUGq8615.jpg,1,0.8305,"[211.66864013671875, 42.841007232666016, 531.7255859375, 506.0]",NO,N/A,N/A,NO,N/A,N/A,VISIBLE,VISIBLE,False,False,False,True,NO_HELMET_AND_MASK
4017518657_preview_t00-70_f0021_jpg.rf.scWlhPE6qLhKAIWQCaI6.jpg,1,0.7453,"[212.88670349121094, 42.5443000793457, 538.8306274414062, 506.0]",NO,N/A,N/A,NO,N/A,N/A,VISIBLE,VISIBLE,False,False,False,True,NO_HELMET_AND_MASK
4017518657_preview_t01-00_f0030_jpg.rf.V8PgVIdVZpds1ZtWG8Sr.jpg,1,0.8421,"[208.8759002685547, 37.9538459777832, 540.6182250976562, 506.0]",YES,0.3089,0.3917,NO,N/A,N/A,VISIBLE,VISIBLE,False,False,False,True,NO_MASK
4017518657_preview_t01-00_f0030_jpg.rf.V8PgVIdVZpds1ZtWG8Sr.jpg,2,0.8445,"[507.8834228515625, 2.1696367263793945, 891.068603515625, 501.0760498046875]",YES,0.6845,0.9249,NO,N/A,N/A,VISIBLE,VISIBLE,False,False,True,False,NO_MASK
4017518657_preview_t01-40_f0042_jpg.rf.qmjAdsM7vTGulB1dOaoK.jpg,1,0.8576,"[212.24417114257812, 39.064884185791016, 534.5530395507812, 506.0]",YES,0.3431,0.3795,NO,N/A,N/A,VISIBLE,VISIBLE,False,False,False,True,NO_MASK
4017518657_preview_t01-40_f0042_jpg.rf.qmjAdsM7vTGulB1dOaoK.jpg,2,0.8566,"[517.3442993164062, 11.60191822052002, 878.001953125, 501.5559387207031]",YES,0.6572,0.9262,NO,N/A,N/A,VISIBLE,VISIBLE,False,False,False,False,NO_MASK
4017518657_preview_t02-00_f0060_jpg.rf.0XaMcNVXpInQSjV6jeW8.jpg,1,0.8161,"[216.0156707763672, 55.13176345825195, 549.808837890625, 505.2546691894531]",NO,N/A,N/A,NO,N/A,N/A,VISIBLE,VISIBLE,False,False,False,True,NO_HELMET_AND_MASK
4017518657_preview_t02-00_f0060_jpg.rf.0XaMcNVXpInQSjV6jeW8.jpg,2,0.8279,"[492.3824768066406, 22.814584732055664, 880.3991088867188, 502.9346923828125]",YES,0.4333,0.9070,NO,N/A,N/A,VISIBLE,VISIBLE,False,False,False,False,NO_MASK
4017518657_preview_t02-34_f0070_jpg.rf.3lDPgh1wLXjBxdS9V0V4.jpg,1,0.7461,"[252.30313110351562, 59.63856506347656, 543.3328857421875, 506.0]",NO,N/A,N/A,NO,N/A,N/A,VISIBLE,VISIBLE,False,False,False,True,NO_HELMET_AND_MASK
4017518657_preview_t02-34_f0070_jpg.rf.3lDPgh1wLXjBxdS9V0V4.jpg,2,0.6892,"[427.4648742675781, 14.143609046936035, 896.0191650390625, 503.9991149902344]",YES,0.4440,0.8733,NO,N/A,N/A,VISIBLE,VISIBLE,False,True,False,True,NO_MASK
4017518657_preview_t02-50_f0075_jpg.rf.FxpbdBOgXOHw9RRDCoql.jpg,1,0.6701,"[255.6426544189453, 57.16721725463867, 524.7543334960938, 505.17486572265625]",YES,0.3186,0.5038,NO,N/A,N/A,VISIBLE,VISIBLE,False,False,False,True,NO_MASK
4017518657_preview_t02-50_f0075_jpg.rf.FxpbdBOgXOHw9RRDCoql.jpg,2,0.6466,"[431.2692565917969, 20.963735580444336, 896.8219604492188, 499.5035095214844]",YES,0.6310,0.8778,NO,N/A,N/A,VISIBLE,VISIBLE,False,True,False,False,NO_MASK
4017518657_preview_t02-57_f0077_jpg.rf.z5UjNsV1dX3dup5W9fwo.jpg,1,0.5956,"[244.38790893554688, 61.21680450439453, 513.4830322265625, 506.0]",YES,0.4950,0.5079,NO,N/A,N/A,VISIBLE,VISIBLE,False,False,False,True,NO_MASK
4017518657_preview_t02-57_f0077_jpg.rf.z5UjNsV1dX3dup5W9fwo.jpg,2,0.6235,"[434.8919677734375, 20.859254837036133, 898.0, 497.95965576171875]",YES,0.5569,0.8769,NO,N/A,N/A,VISIBLE,VISIBLE,False,True,False,False,NO_MASK
4017518657_preview_t02-80_f0084_jpg.rf.g0wgvXMpAiWqeFSHZWLm.jpg,1,0.6398,"[217.5341033935547, 94.40016174316406, 495.69342041015625, 503.2842712402344]",NO,N/A,N/A,NO,N/A,N/A,VISIBLE,VISIBLE,False,False,False,True,NO_HELMET_AND_MASK
4017518657_preview_t02-80_f0084_jpg.rf.g0wgvXMpAiWqeFSHZWLm.jpg,2,0.7020,"[477.51904296875, 23.71198844909668, 897.7196044921875, 500.8505859375]",YES,0.5846,0.8896,NO,N/A,N/A,VISIBLE,VISIBLE,False,True,False,False,NO_MASK
4017518657_preview_t03-00_f0090_jpg.rf.WZPftOGSgWIetTsrAqyc.jpg,1,0.8255,"[205.40711975097656, 79.62547302246094, 511.3005676269531, 503.7552185058594]",NO,N/A,N/A,NO,N/A,N/A,VISIBLE,VISIBLE,False,False,False,True,NO_HELMET_AND_MASK
4017518657_preview_t03-00_f0090_jpg.rf.WZPftOGSgWIetTsrAqyc.jpg,2,0.6568,"[399.6689758300781, 13.021588325500488, 894.6895141601562, 502.91180419921875]",YES,0.3705,0.8710,NO,N/A,N/A,VISIBLE,VISIBLE,False,False,False,False,NO_MASK
4017518657_preview_t03-27_f0098_jpg.rf.HJSEqUlwl9aFPcSbobfr.jpg,1,0.8669,"[218.61851501464844, 96.9736099243164, 507.5851745605469, 500.5628356933594]",NO,N/A,N/A,NO,N/A,N/A,VISIBLE,VISIBLE,False,False,False,False,NO_HELMET_AND_MASK
4017518657_preview_t03-27_f0098_jpg.rf.HJSEqUlwl9aFPcSbobfr.jpg,2,0.8911,"[488.3537292480469, 13.968320846557617, 891.8270874023438, 501.81500244140625]",YES,0.6392,0.9016,NO,N/A,N/A,VISIBLE,VISIBLE,False,False,False,False,NO_MASK
4017518657_preview_t03-50_f0105_jpg.rf.RKAnkMDvrSU8SUXC2nPT.jpg,1,0.8417,"[185.06973266601562, 43.49358367919922, 465.8573303222656, 503.12518310546875]",NO,N/A,N/A,NO,N/A,N/A,VISIBLE,VISIBLE,False,False,False,True,NO_HELMET_AND_MASK
4017518657_preview_t03-50_f0105_jpg.rf.RKAnkMDvrSU8SUXC2nPT.jpg,2,0.6471,"[186.52655029296875, 111.42684173583984, 406.06134033203125, 504.6902770996094]",NO,N/A,N/A,NO,N/A,N/A,VISIBLE,VISIBLE,False,False,False,True,NO_HELMET_AND_MASK
4017518657_preview_t03-50_f0105_jpg.rf.RKAnkMDvrSU8SUXC2nPT.jpg,3,0.8777,"[538.7760009765625, 5.613013744354248, 898.0, 501.5105285644531]",YES,0.7585,0.9175,NO,N/A,N/A,VISIBLE,VISIBLE,False,True,False,False,NO_MASK
4017518657_preview_t03-74_f0112_jpg.rf.wZDb5KeDHunzVnfL7z6Y.jpg,1,0.8342,"[143.16893005371094, 23.56153678894043, 420.8563232421875, 503.6429138183594]",NO,N/A,N/A,NO,N/A,N/A,VISIBLE,VISIBLE,False,False,False,True,NO_HELMET_AND_MASK
4017518657_preview_t03-74_f0112_jpg.rf.wZDb5KeDHunzVnfL7z6Y.jpg,2,0.8035,"[560.6470947265625, 2.046041250228882, 898.0, 506.0]",YES,0.5809,0.9444,NO,N/A,N/A,VISIBLE,VISIBLE,False,True,True,True,NO_MASK
4017518657_preview_t03-97_f0119_jpg.rf.qHdDzSSG2ij9kqrvC9q0.jpg,1,0.8317,"[136.33567810058594, 25.05475425720215, 382.70465087890625, 503.660888671875]",YES,0.2649,0.3393,NO,N/A,N/A,VISIBLE,VISIBLE,False,False,False,True,NO_MASK
4017518657_preview_t03-97_f0119_jpg.rf.qHdDzSSG2ij9kqrvC9q0.jpg,2,0.8986,"[542.8612060546875, 60.5540885925293, 890.6871337890625, 506.0]",YES,0.5923,0.9538,NO,N/A,N/A,VISIBLE,VISIBLE,False,False,False,True,NO_MASK
4017518657_preview_t04-20_f0126_jpg.rf.9VexcDQY3RSiOI6nDhwp.jpg,1,0.6963,"[137.84934997558594, 29.785402297973633, 369.3211975097656, 502.837646484375]",YES,0.5006,0.3654,NO,N/A,N/A,VISIBLE,VISIBLE,False,False,False,False,NO_MASK
4017518657_preview_t04-20_f0126_jpg.rf.9VexcDQY3RSiOI6nDhwp.jpg,2,0.8249,"[498.01116943359375, 80.53080749511719, 876.4235229492188, 505.8597106933594]",YES,0.5429,0.9259,NO,N/A,N/A,VISIBLE,VISIBLE,False,False,False,True,NO_MASK
4017518657_preview_t04-44_f0133_jpg.rf.3X2LGcbWeFKqgz6shCy7.jpg,1,0.6917,"[135.8426971435547, 31.870393753051758, 360.2086486816406, 502.70361328125]",YES,0.3885,0.3585,NO,N/A,N/A,VISIBLE,VISIBLE,False,False,False,False,NO_MASK
4017518657_preview_t04-44_f0133_jpg.rf.3X2LGcbWeFKqgz6shCy7.jpg,2,0.8774,"[510.4943542480469, 94.34280395507812, 846.4304809570312, 506.0]",YES,0.5047,0.9112,NO,N/A,N/A,VISIBLE,VISIBLE,False,False,False,True,NO_MASK
4017518657_preview_t04-90_f0147_jpg.rf.KNOIXW0DLHHTTrUoVsOA.jpg,1,0.7502,"[135.3165740966797, 44.04082489013672, 362.5621643066406, 502.56671142578125]",YES,0.5046,0.3948,NO,N/A,N/A,VISIBLE,VISIBLE,False,False,False,False,NO_MASK
4017518657_preview_t04-90_f0147_jpg.rf.KNOIXW0DLHHTTrUoVsOA.jpg,2,0.8866,"[405.2784423828125, 96.26802062988281, 853.84326171875, 501.3183898925781]",YES,0.5617,0.9479,NO,N/A,N/A,VISIBLE,VISIBLE,False,False,False,False,NO_MASK
4017518657_preview_t04-90_f0147_jpg.rf.KNOIXW0DLHHTTrUoVsOA.jpg,3,0.6240,"[410.1767272949219, 100.07658386230469, 698.0164794921875, 501.9085998535156]",NO,N/A,N/A,NO,N/A,N/A,VISIBLE,VISIBLE,False,False,False,False,NO_HELMET_AND_MASK
4017518657_preview_t05-00_f0150_jpg.rf.JY7xOeBRAb1d3MNVwsFC.jpg,1,0.7155,"[136.2327423095703, 40.24694061279297, 364.66156005859375, 502.2591247558594]",YES,0.4585,0.3863,NO,N/A,N/A,VISIBLE,VISIBLE,False,False,False,False,NO_MASK
4017518657_preview_t05-00_f0150_jpg.rf.JY7xOeBRAb1d3MNVwsFC.jpg,2,0.7102,"[394.9845886230469, 101.2310791015625, 685.2534790039062, 494.0376892089844]",NO,N/A,N/A,NO,N/A,N/A,VISIBLE,VISIBLE,False,False,False,False,NO_HELMET_AND_MASK
4017518657_preview_t05-00_f0150_jpg.rf.JY7xOeBRAb1d3MNVwsFC.jpg,3,0.8408,"[395.012939453125, 94.44355010986328, 837.9419555664062, 502.0454406738281]",YES,0.5309,0.9562,NO,N/A,N/A,VISIBLE,VISIBLE,False,False,False,False,NO_MASK
4017518657_preview_t05-14_f0154_jpg.rf.G1TknyeMMcPC9aHP6pX4.jpg,1,0.7444,"[137.5554656982422, 42.57209777832031, 365.234375, 502.0391845703125]",YES,0.4260,0.3904,NO,N/A,N/A,VISIBLE,VISIBLE,False,False,False,False,NO_MASK
4017518657_preview_t05-14_f0154_jpg.rf.G1TknyeMMcPC9aHP6pX4.jpg,2,0.5325,"[354.01507568359375, 94.08163452148438, 714.1471557617188, 462.7180480957031]",NO,N/A,N/A,NO,N/A,N/A,VISIBLE,VISIBLE,False,False,False,False,NO_HELMET_AND_MASK
4017518657_preview_t05-14_f0154_jpg.rf.G1TknyeMMcPC9aHP6pX4.jpg,3,0.8370,"[528.211181640625, 89.4520034790039, 858.5971069335938, 502.368408203125]",YES,0.6308,0.8906,NO,N/A,N/A,VISIBLE,VISIBLE,False,False,False,False,NO_MASK
4017518657_preview_t05-37_f0161_jpg.rf.shpSAWitLJtb5EHDepCi.jpg,1,0.7622,"[138.50962829589844, 39.43390655517578, 364.7364807128906, 503.03570556640625]",YES,0.5410,0.3877,NO,N/A,N/A,VISIBLE,VISIBLE,False,False,False,True,NO_MASK
4017518657_preview_t05-37_f0161_jpg.rf.shpSAWitLJtb5EHDepCi.jpg,2,0.8507,"[351.378173828125, 91.03077697753906, 700.90283203125, 501.72332763671875]",YES,0.7835,0.8757,NO,N/A,N/A,VISIBLE,VISIBLE,False,False,False,False,NO_MASK
4017518657_preview_t05-51_f0165_jpg.rf.7OHE81USIOgPSJX8f5aF.jpg,1,0.7689,"[140.74237060546875, 29.87940216064453, 365.85504150390625, 503.149169921875]",YES,0.4424,0.3628,NO,N/A,N/A,VISIBLE,VISIBLE,False,False,False,True,NO_MASK
4017518657_preview_t05-51_f0165_jpg.rf.7OHE81USIOgPSJX8f5aF.jpg,2,0.8401,"[355.5374755859375, 90.76313781738281, 702.3351440429688, 500.5430908203125]",NO,N/A,N/A,NO,N/A,N/A,VISIBLE,VISIBLE,False,False,False,False,NO_HELMET_AND_MASK
4017518657_preview_t05-51_f0165_jpg.rf.7OHE81USIOgPSJX8f5aF.jpg,3,0.5241,"[526.2353515625, 85.6509780883789, 862.1818237304688, 502.7373352050781]",YES,0.7498,0.9007,NO,N/A,N/A,VISIBLE,VISIBLE,False,False,False,False,NO_MASK
4017518657_preview_t05-84_f0175_jpg.rf.LJzQl3xpyK4qLvLcCdCo.jpg,1,0.7887,"[147.76947021484375, 23.28026008605957, 378.0645446777344, 502.90032958984375]",NO,N/A,N/A,NO,N/A,N/A,VISIBLE,VISIBLE,False,False,False,False,NO_HELMET_AND_MASK
4017518657_preview_t05-84_f0175_jpg.rf.LJzQl3xpyK4qLvLcCdCo.jpg,2,0.7231,"[346.4989013671875, 91.6224136352539, 704.97509765625, 498.698974609375]",NO,N/A,N/A,NO,N/A,N/A,VISIBLE,VISIBLE,False,False,False,False,NO_HELMET_AND_MASK
4017518657_preview_t05-84_f0175_jpg.rf.LJzQl3xpyK4qLvLcCdCo.jpg,3,0.6264,"[526.2785034179688, 86.77560424804688, 865.6447143554688, 502.70294189453125]",YES,0.6439,0.9001,NO,N/A,N/A,VISIBLE,VISIBLE,False,False,False,False,NO_MASK
4017518657_preview_t06-01_f0180_jpg.rf.QjChQbjlIJwtko8AoFVf.jpg,1,0.8478,"[148.50494384765625, 25.932632446289062, 377.0184020996094, 503.11358642578125]",NO,N/A,N/A,NO,N/A,N/A,VISIBLE,VISIBLE,False,False,False,True,NO_HELMET_AND_MASK
4017518657_preview_t06-01_f0180_jpg.rf.QjChQbjlIJwtko8AoFVf.jpg,2,0.7317,"[351.128173828125, 91.9295883178711, 709.9878540039062, 502.0274353027344]",NO,N/A,N/A,NO,N/A,N/A,VISIBLE,VISIBLE,False,False,False,False,NO_HELMET_AND_MASK
4017518657_preview_t06-01_f0180_jpg.rf.QjChQbjlIJwtko8AoFVf.jpg,3,0.6551,"[527.5955810546875, 85.97918701171875, 867.0707397460938, 503.5160827636719]",YES,0.6320,0.9006,NO,N/A,N/A,VISIBLE,VISIBLE,False,False,False,True,NO_MASK
4017518657_preview_t06-31_f0189_jpg.rf.awNnUvpNF8gHNou0nCoD.jpg,1,0.8826,"[151.8898162841797, 24.600862503051758, 379.73712158203125, 503.15606689453125]",NO,N/A,N/A,NO,N/A,N/A,VISIBLE,VISIBLE,False,False,False,True,NO_HELMET_AND_MASK
4017518657_preview_t06-31_f0189_jpg.rf.awNnUvpNF8gHNou0nCoD.jpg,2,0.7029,"[355.7547302246094, 91.72977447509766, 709.084228515625, 500.0561828613281]",NO,N/A,N/A,NO,N/A,N/A,VISIBLE,VISIBLE,False,False,False,False,NO_HELMET_AND_MASK
4017518657_preview_t06-31_f0189_jpg.rf.awNnUvpNF8gHNou0nCoD.jpg,3,0.6642,"[540.0023193359375, 86.6826171875, 871.895751953125, 503.3357849121094]",YES,0.6005,0.8923,NO,N/A,N/A,VISIBLE,VISIBLE,False,False,False,True,NO_MASK
4017518657_preview_t06-77_f0203_jpg.rf.mWER1HM27CRtmni9UELp.jpg,1,0.8638,"[153.90277099609375, 23.515668869018555, 381.65301513671875, 502.9818420410156]",NO,N/A,N/A,NO,N/A,N/A,VISIBLE,VISIBLE,False,False,False,False,NO_HELMET_AND_MASK
4017518657_preview_t06-77_f0203_jpg.rf.mWER1HM27CRtmni9UELp.jpg,2,0.7720,"[357.9148254394531, 93.96077728271484, 716.9141845703125, 500.9638977050781]",YES,0.6491,0.8712,NO,N/A,N/A,VISIBLE,VISIBLE,False,False,False,False,NO_MASK
4017518657_preview_t07-24_f0217_jpg.rf.ZYjZWoFpM2AGNEZYvnvm.jpg,1,0.7884,"[155.1361541748047, 26.260326385498047, 383.236572265625, 502.77960205078125]",NO,N/A,N/A,NO,N/A,N/A,VISIBLE,VISIBLE,False,False,False,False,NO_HELMET_AND_MASK
4017518657_preview_t07-24_f0217_jpg.rf.ZYjZWoFpM2AGNEZYvnvm.jpg,2,0.7187,"[356.0456237792969, 95.87275695800781, 707.3284912109375, 500.63470458984375]",YES,0.6923,0.8548,NO,N/A,N/A,VISIBLE,VISIBLE,False,False,False,False,NO_MASK
4017518657_preview_t07-71_f0231_jpg.rf.D0PAuQ3630S6NMVaGjeN.jpg,1,0.7505,"[157.6316680908203, 31.34247398376465, 379.3783874511719, 502.16033935546875]",NO,N/A,N/A,NO,N/A,N/A,VISIBLE,VISIBLE,False,False,False,False,NO_HELMET_AND_MASK
4017518657_preview_t07-71_f0231_jpg.rf.D0PAuQ3630S6NMVaGjeN.jpg,2,0.7853,"[404.22796630859375, 97.94327545166016, 863.0159912109375, 503.47198486328125]",YES,0.5442,0.9514,NO,N/A,N/A,VISIBLE,VISIBLE,False,False,False,True,NO_MASK
4017518657_preview_t07-71_f0231_jpg.rf.D0PAuQ3630S6NMVaGjeN.jpg,3,0.7267,"[411.40966796875, 102.57281494140625, 729.9000854492188, 503.2009582519531]",NO,N/A,N/A,NO,N/A,N/A,VISIBLE,VISIBLE,False,False,False,True,NO_HELMET_AND_MASK
4048038451_preview_t00-00_f0000_jpg.rf.t1oVyFn9pfMmo1o8bhrt.jpg,1,0.9840,"[244.83221435546875, 25.476858139038086, 451.1609191894531, 502.69073486328125]",NO,N/A,N/A,YES,0.2409,0.9244,VISIBLE,VISIBLE,False,False,False,False,NO_HELMET
4048038451_preview_t00-00_f0000_jpg.rf.t1oVyFn9pfMmo1o8bhrt.jpg,2,0.9591,"[499.4879150390625, 102.89608764648438, 719.09423828125, 504.78253173828125]",NO,N/A,N/A,YES,0.7622,0.9386,VISIBLE,VISIBLE,False,False,False,True,NO_HELMET
4048038451_preview_t00-24_f0006_jpg.rf.Iyf9Z0S4ufVXscbJZhR9.jpg,1,0.9599,"[236.3156280517578, 29.17622947692871, 438.68365478515625, 505.2590637207031]",NO,N/A,N/A,YES,0.3694,0.9177,VISIBLE,VISIBLE,False,False,False,True,NO_HELMET
4048038451_preview_t00-24_f0006_jpg.rf.Iyf9Z0S4ufVXscbJZhR9.jpg,2,0.9316,"[486.8214416503906, 107.1158447265625, 718.2973022460938, 504.7182312011719]",NO,N/A,N/A,NO,N/A,N/A,VISIBLE,VISIBLE,False,False,False,True,NO_HELMET_AND_MASK
4048038451_preview_t00-48_f0012_jpg.rf.LLRFkPiBxWjRUJlbIByq.jpg,1,0.9769,"[228.21615600585938, 29.426298141479492, 430.7242126464844, 505.15087890625]",NO,N/A,N/A,YES,0.2556,0.9288,VISIBLE,VISIBLE,False,False,False,True,NO_HELMET
4048038451_preview_t00-48_f0012_jpg.rf.LLRFkPiBxWjRUJlbIByq.jpg,2,0.9550,"[485.0923767089844, 112.83772277832031, 713.5673828125, 504.7577819824219]",NO,N/A,N/A,YES,0.2832,0.9444,VISIBLE,VISIBLE,False,False,False,True,NO_HELMET
4048038451_preview_t00-72_f0018_jpg.rf.fQ5vvDLcwe9ke2A091bF.jpg,1,0.9729,"[221.73141479492188, 32.083740234375, 421.115966796875, 504.0999755859375]",NO,N/A,N/A,NO,N/A,N/A,VISIBLE,VISIBLE,False,False,False,True,NO_HELMET_AND_MASK
4048038451_preview_t00-72_f0018_jpg.rf.fQ5vvDLcwe9ke2A091bF.jpg,2,0.9468,"[479.5707092285156, 110.3962631225586, 705.7474365234375, 504.3659973144531]",NO,N/A,N/A,YES,0.7566,0.9415,VISIBLE,VISIBLE,False,False,False,True,NO_HELMET
4048038451_preview_t00-96_f0024_jpg.rf.LgKlZsGDkiGoZiUzaaQJ.jpg,1,0.9640,"[209.74754333496094, 36.157596588134766, 419.14935302734375, 505.08831787109375]",NO,N/A,N/A,YES,0.2010,0.9269,VISIBLE,VISIBLE,False,False,False,True,NO_HELMET
4048038451_preview_t00-96_f0024_jpg.rf.LgKlZsGDkiGoZiUzaaQJ.jpg,2,0.9228,"[474.77069091796875, 106.41339111328125, 698.0748901367188, 503.9253234863281]",NO,N/A,N/A,NO,N/A,N/A,VISIBLE,VISIBLE,False,False,False,True,NO_HELMET_AND_MASK
4048038451_preview_t01-92_f0048_jpg.rf.Tntj248JTr5ef3so3Pfe.jpg,1,0.9644,"[210.32264709472656, 15.432524681091309, 416.5913391113281, 501.86187744140625]",NO,N/A,N/A,NO,N/A,N/A,VISIBLE,VISIBLE,False,False,False,False,NO_HELMET_AND_MASK
4048038451_preview_t01-92_f0048_jpg.rf.Tntj248JTr5ef3so3Pfe.jpg,2,0.9496,"[476.4230041503906, 110.49485778808594, 706.127685546875, 503.8744201660156]",NO,N/A,N/A,YES,0.6107,0.9497,VISIBLE,VISIBLE,False,False,False,True,NO_HELMET
4048038451_preview_t02-16_f0054_jpg.rf.jMAxMucpEUyzRPcWgCbM.jpg,1,0.9621,"[214.52786254882812, 14.559202194213867, 416.7987365722656, 505.284423828125]",NO,N/A,N/A,YES,0.2542,0.9412,VISIBLE,VISIBLE,False,False,False,True,NO_HELMET
4048038451_preview_t02-16_f0054_jpg.rf.jMAxMucpEUyzRPcWgCbM.jpg,2,0.9634,"[475.98211669921875, 106.76410675048828, 713.8883666992188, 504.0716857910156]",NO,N/A,N/A,YES,0.5324,0.9463,VISIBLE,VISIBLE,False,False,False,True,NO_HELMET
4048038451_preview_t02-64_f0066_jpg.rf.yWVOdEMOI0gktgxnJuNn.jpg,1,0.9569,"[219.24217224121094, 24.315031051635742, 416.7881774902344, 503.2848815917969]",NO,N/A,N/A,YES,0.4241,0.9271,VISIBLE,VISIBLE,False,False,False,True,NO_HELMET
4048038451_preview_t02-64_f0066_jpg.rf.yWVOdEMOI0gktgxnJuNn.jpg,2,0.9667,"[491.80401611328125, 103.10313415527344, 733.3552856445312, 505.02435302734375]",NO,N/A,N/A,YES,0.2746,0.9543,VISIBLE,VISIBLE,False,False,False,True,NO_HELMET
4048038451_preview_t02-88_f0072_jpg.rf.2Eughou7r2bjGVcSbH5J.jpg,1,0.9686,"[210.70899963378906, 30.13477897644043, 416.8373718261719, 501.4710388183594]",NO,N/A,N/A,YES,0.2419,0.9297,VISIBLE,VISIBLE,False,False,False,False,NO_HELMET
4048038451_preview_t02-88_f0072_jpg.rf.2Eughou7r2bjGVcSbH5J.jpg,2,0.9391,"[494.3304443359375, 104.32574462890625, 738.113525390625, 503.7637634277344]",NO,N/A,N/A,NO,N/A,N/A,VISIBLE,VISIBLE,False,False,False,True,NO_HELMET_AND_MASK
4048038451_preview_t03-12_f0078_jpg.rf.qduJlf3ogtLvcunBfdl9.jpg,1,0.9668,"[204.41009521484375, 29.12607765197754, 416.5957946777344, 503.8153076171875]",NO,N/A,N/A,YES,0.2912,0.9160,VISIBLE,VISIBLE,False,False,False,True,NO_HELMET
4048038451_preview_t03-12_f0078_jpg.rf.qduJlf3ogtLvcunBfdl9.jpg,2,0.9559,"[498.4149475097656, 108.79661560058594, 740.7471923828125, 504.1692810058594]",NO,N/A,N/A,YES,0.3254,0.9608,VISIBLE,VISIBLE,False,False,False,True,NO_HELMET
4048038451_preview_t03-36_f0084_jpg.rf.bKXaJnmiBq4YOMMJNRJa.jpg,1,0.9690,"[197.84254455566406, 27.676502227783203, 413.92938232421875, 504.4034729003906]",NO,N/A,N/A,YES,0.6401,0.9206,VISIBLE,VISIBLE,False,False,False,True,NO_HELMET
4048038451_preview_t03-36_f0084_jpg.rf.bKXaJnmiBq4YOMMJNRJa.jpg,2,0.9221,"[498.28704833984375, 112.29932403564453, 747.3910522460938, 504.50653076171875]",NO,N/A,N/A,YES,0.4410,0.9575,VISIBLE,VISIBLE,False,False,False,True,NO_HELMET
4048038451_preview_t03-84_f0096_jpg.rf.j3tXKATACBaFBmSvtNiy.jpg,1,0.9671,"[175.7692108154297, 31.070173263549805, 403.434326171875, 502.6657409667969]",NO,N/A,N/A,YES,0.2602,0.9243,VISIBLE,VISIBLE,False,False,False,False,NO_HELMET
4048038451_preview_t03-84_f0096_jpg.rf.j3tXKATACBaFBmSvtNiy.jpg,2,0.9399,"[487.5160217285156, 110.7195053100586, 732.9339599609375, 504.5794677734375]",NO,N/A,N/A,NO,N/A,N/A,VISIBLE,VISIBLE,False,False,False,True,NO_HELMET_AND_MASK
4048038451_preview_t04-32_f0108_jpg.rf.1VQ2mbqxx5UWVyCciv62.jpg,1,0.9710,"[179.46592712402344, 37.297157287597656, 399.20404052734375, 505.6725158691406]",NO,N/A,N/A,YES,0.2086,0.9417,VISIBLE,VISIBLE,False,False,False,True,NO_HELMET
4048038451_preview_t04-32_f0108_jpg.rf.1VQ2mbqxx5UWVyCciv62.jpg,2,0.9317,"[489.3540954589844, 112.66685485839844, 722.3361206054688, 504.9947814941406]",NO,N/A,N/A,YES,0.2611,0.9508,VISIBLE,VISIBLE,False,False,False,True,NO_HELMET
4048038451_preview_t05-04_f0126_jpg.rf.OmczhqOY3DOSfchLQJcp.jpg,1,0.9495,"[187.5126190185547, 30.80989646911621, 401.4570007324219, 503.34716796875]",NO,N/A,N/A,NO,N/A,N/A,VISIBLE,VISIBLE,False,False,False,True,NO_HELMET_AND_MASK
4048038451_preview_t05-04_f0126_jpg.rf.OmczhqOY3DOSfchLQJcp.jpg,2,0.9418,"[474.8236083984375, 116.6220474243164, 746.8854370117188, 504.29656982421875]",NO,N/A,N/A,YES,0.2853,0.9409,VISIBLE,VISIBLE,False,False,False,True,NO_HELMET
4048038451_preview_t05-28_f0132_jpg.rf.0Ygbvwf02GcXTlqcaFx6.jpg,1,0.9556,"[190.0756378173828, 26.887176513671875, 406.39276123046875, 506.0]",NO,N/A,N/A,NO,N/A,N/A,VISIBLE,VISIBLE,False,False,False,True,NO_HELMET_AND_MASK
4048038451_preview_t05-28_f0132_jpg.rf.0Ygbvwf02GcXTlqcaFx6.jpg,2,0.9522,"[480.5061340332031, 111.40719604492188, 757.0377197265625, 504.2146911621094]",NO,N/A,N/A,YES,0.4922,0.9450,VISIBLE,VISIBLE,False,False,False,True,NO_HELMET
4048038451_preview_t05-52_f0138_jpg.rf.fHMIigvmwdvllFzZAfBm.jpg,1,0.9635,"[191.3123016357422, 22.18797492980957, 408.64691162109375, 505.13995361328125]",NO,N/A,N/A,YES,0.2058,0.9458,VISIBLE,VISIBLE,False,False,False,True,NO_HELMET
4048038451_preview_t05-52_f0138_jpg.rf.fHMIigvmwdvllFzZAfBm.jpg,2,0.9476,"[487.493408203125, 107.4913101196289, 762.3339233398438, 504.98876953125]",NO,N/A,N/A,YES,0.6264,0.9496,VISIBLE,VISIBLE,False,False,False,True,NO_HELMET
4048038451_preview_t06-00_f0150_jpg.rf.5QmS3vfdULDSCQ2VMvlf.jpg,1,0.9740,"[190.9673614501953, 32.029544830322266, 408.82183837890625, 506.0]",NO,N/A,N/A,NO,N/A,N/A,VISIBLE,VISIBLE,False,False,False,True,NO_HELMET_AND_MASK
4048038451_preview_t06-00_f0150_jpg.rf.5QmS3vfdULDSCQ2VMvlf.jpg,2,0.9801,"[482.7076416015625, 112.9825210571289, 758.027099609375, 504.3431091308594]",NO,N/A,N/A,YES,0.6161,0.9573,VISIBLE,VISIBLE,False,False,False,True,NO_HELMET
4048038451_preview_t06-24_f0156_jpg.rf.mxXwu73lIQFvdUokrmtj.jpg,1,0.9467,"[189.26791381835938, 34.21699523925781, 407.0794372558594, 506.0]",NO,N/A,N/A,NO,N/A,N/A,VISIBLE,VISIBLE,False,False,False,True,NO_HELMET_AND_MASK
4048038451_preview_t06-24_f0156_jpg.rf.mxXwu73lIQFvdUokrmtj.jpg,2,0.9621,"[481.343505859375, 119.77164459228516, 752.4142456054688, 504.2784423828125]",NO,N/A,N/A,NO,N/A,N/A,VISIBLE,VISIBLE,False,False,False,True,NO_HELMET_AND_MASK
4048038451_preview_t06-72_f0168_jpg.rf.hcvSAMKD811GrWfd7XLD.jpg,1,0.9694,"[172.55442810058594, 31.50494956970215, 408.8681335449219, 505.1412658691406]",NO,N/A,N/A,NO,N/A,N/A,VISIBLE,VISIBLE,False,False,False,True,NO_HELMET_AND_MASK
4048038451_preview_t06-72_f0168_jpg.rf.hcvSAMKD811GrWfd7XLD.jpg,2,0.9264,"[479.0823669433594, 113.39849090576172, 735.1156616210938, 504.2818298339844]",NO,N/A,N/A,NO,N/A,N/A,VISIBLE,VISIBLE,False,False,False,True,NO_HELMET_AND_MASK
4048038451_preview_t07-44_f0186_jpg.rf.h7N7lbyX4CjYGjeRvoB7.jpg,1,0.9628,"[168.45489501953125, 32.532012939453125, 408.5481872558594, 503.5521545410156]",NO,N/A,N/A,NO,N/A,N/A,VISIBLE,VISIBLE,False,False,False,True,NO_HELMET_AND_MASK
4048038451_preview_t07-44_f0186_jpg.rf.h7N7lbyX4CjYGjeRvoB7.jpg,2,0.9293,"[462.08868408203125, 123.43407440185547, 740.8594360351562, 504.403076171875]",NO,N/A,N/A,NO,N/A,N/A,VISIBLE,VISIBLE,False,False,False,True,NO_HELMET_AND_MASK
4048038451_preview_t07-92_f0198_jpg.rf.8oiy9lzOzaCByOSahsjm.jpg,1,0.9755,"[168.2997589111328, 32.1389274597168, 406.8636169433594, 504.278564453125]",NO,N/A,N/A,NO,N/A,N/A,VISIBLE,VISIBLE,False,False,False,True,NO_HELMET_AND_MASK
4048038451_preview_t07-92_f0198_jpg.rf.8oiy9lzOzaCByOSahsjm.jpg,2,0.9366,"[479.9757995605469, 114.8163833618164, 758.47021484375, 506.0]",NO,N/A,N/A,NO,N/A,N/A,VISIBLE,VISIBLE,False,False,False,True,NO_HELMET_AND_MASK
4048038451_preview_t08-16_f0204_jpg.rf.iK1TkBwTF08kiKwOb5Zh.jpg,1,0.9670,"[170.0137481689453, 19.17615509033203, 407.96673583984375, 505.5702209472656]",NO,N/A,N/A,YES,0.2045,0.9438,VISIBLE,VISIBLE,False,False,False,True,NO_HELMET
4048038451_preview_t08-16_f0204_jpg.rf.iK1TkBwTF08kiKwOb5Zh.jpg,2,0.9458,"[482.1342468261719, 109.43922424316406, 765.3731079101562, 505.5259094238281]",NO,N/A,N/A,NO,N/A,N/A,VISIBLE,VISIBLE,False,False,False,True,NO_HELMET_AND_MASK
4048038451_preview_t08-40_f0210_jpg.rf.oG5YjvTWQwkaGSXU2VKW.jpg,1,0.9700,"[174.0156707763672, 18.19208335876465, 409.2550354003906, 505.19659423828125]",NO,N/A,N/A,YES,0.2131,0.9501,VISIBLE,VISIBLE,False,False,False,True,NO_HELMET
4048038451_preview_t08-40_f0210_jpg.rf.oG5YjvTWQwkaGSXU2VKW.jpg,2,0.9187,"[479.926025390625, 109.31912231445312, 766.8984985351562, 505.6058654785156]",NO,N/A,N/A,NO,N/A,N/A,VISIBLE,VISIBLE,False,False,False,True,NO_HELMET_AND_MASK
4048038451_preview_t08-64_f0216_jpg.rf.3O2BZpw9Do1nVY7YGWub.jpg,1,0.9671,"[172.01296997070312, 21.20859718322754, 410.2992858886719, 504.4639587402344]",NO,N/A,N/A,NO,N/A,N/A,VISIBLE,VISIBLE,False,False,False,True,NO_HELMET_AND_MASK
4048038451_preview_t08-64_f0216_jpg.rf.3O2BZpw9Do1nVY7YGWub.jpg,2,0.9379,"[490.11956787109375, 115.76477813720703, 759.4058227539062, 504.3200988769531]",NO,N/A,N/A,NO,N/A,N/A,VISIBLE,VISIBLE,False,False,False,True,NO_HELMET_AND_MASK
4048038451_preview_t09-12_f0228_jpg.rf.jeawCqdYeJnzEBacdmCX.jpg,1,0.9683,"[173.1259002685547, 32.34103775024414, 402.9245910644531, 504.9466247558594]",NO,N/A,N/A,NO,N/A,N/A,VISIBLE,VISIBLE,False,False,False,True,NO_HELMET_AND_MASK
4048038451_preview_t09-12_f0228_jpg.rf.jeawCqdYeJnzEBacdmCX.jpg,2,0.9535,"[483.2033996582031, 124.04692840576172, 756.2147827148438, 504.5626220703125]",NO,N/A,N/A,NO,N/A,N/A,VISIBLE,VISIBLE,False,False,False,True,NO_HELMET_AND_MASK
4048038451_preview_t09-36_f0234_jpg.rf.9iukiIZfVzWeHe7crwcP.jpg,1,0.9669,"[160.40170288085938, 33.95740509033203, 397.86669921875, 504.1810302734375]",NO,N/A,N/A,NO,N/A,N/A,VISIBLE,VISIBLE,False,False,False,True,NO_HELMET_AND_MASK
4048038451_preview_t09-36_f0234_jpg.rf.9iukiIZfVzWeHe7crwcP.jpg,2,0.9479,"[479.2262878417969, 114.06588745117188, 744.1239624023438, 504.7687683105469]",NO,N/A,N/A,YES,0.3746,0.9725,VISIBLE,VISIBLE,False,False,False,True,NO_HELMET
4048038451_preview_t10-08_f0252_jpg.rf.GB0fq0Fzn1dEcFBk9vnO.jpg,1,0.9821,"[130.57659912109375, 12.821910858154297, 393.0627746582031, 503.2912292480469]",NO,N/A,N/A,YES,0.5867,0.9594,VISIBLE,VISIBLE,False,False,False,True,NO_HELMET
4048038451_preview_t10-08_f0252_jpg.rf.GB0fq0Fzn1dEcFBk9vnO.jpg,2,0.9343,"[451.93939208984375, 109.42462921142578, 726.8099365234375, 504.3576965332031]",NO,N/A,N/A,YES,0.5045,0.9539,VISIBLE,VISIBLE,False,False,False,True,NO_HELMET
4048038451_preview_t10-32_f0258_jpg.rf.5wSInsCjCLGP9lGkBkOq.jpg,1,0.9870,"[127.35472106933594, 13.130180358886719, 384.98968505859375, 504.50506591796875]",NO,N/A,N/A,YES,0.6162,0.9633,VISIBLE,VISIBLE,False,False,False,True,NO_HELMET
4048038451_preview_t10-32_f0258_jpg.rf.5wSInsCjCLGP9lGkBkOq.jpg,2,0.9357,"[459.30133056640625, 112.77383422851562, 738.86572265625, 504.17041015625]",NO,N/A,N/A,NO,N/A,N/A,VISIBLE,VISIBLE,False,False,False,True,NO_HELMET_AND_MASK
4048038451_preview_t10-80_f0270_jpg.rf.emP36hgrlubJyIWLETYw.jpg,1,0.9704,"[123.92532348632812, 19.522619247436523, 382.4337158203125, 504.35174560546875]",NO,N/A,N/A,YES,0.3912,0.9648,VISIBLE,VISIBLE,False,False,False,True,NO_HELMET
4048038451_preview_t10-80_f0270_jpg.rf.emP36hgrlubJyIWLETYw.jpg,2,0.9456,"[456.7565612792969, 105.6915512084961, 765.9978637695312, 503.61065673828125]",NO,N/A,N/A,NO,N/A,N/A,VISIBLE,VISIBLE,False,False,False,True,NO_HELMET_AND_MASK
4048038451_preview_t11-28_f0282_jpg.rf.c1nRlKHV5CVUOtkMyeHX.jpg,1,0.9498,"[116.02446746826172, 14.512785911560059, 372.2368469238281, 505.6490478515625]",NO,N/A,N/A,YES,0.5611,0.9524,VISIBLE,VISIBLE,False,False,False,True,NO_HELMET
4048038451_preview_t11-28_f0282_jpg.rf.c1nRlKHV5CVUOtkMyeHX.jpg,2,0.9430,"[459.56048583984375, 106.05623626708984, 769.6630249023438, 505.62353515625]",NO,N/A,N/A,NO,N/A,N/A,VISIBLE,VISIBLE,False,False,False,True,NO_HELMET_AND_MASK
4048038451_preview_t11-76_f0294_jpg.rf.eWiuRnVAZWan2HB6Zpxy.jpg,1,0.9684,"[125.42127990722656, 7.426867485046387, 380.636474609375, 505.3511657714844]",NO,N/A,N/A,YES,0.5177,0.9660,VISIBLE,VISIBLE,False,False,False,True,NO_HELMET
4048038451_preview_t11-76_f0294_jpg.rf.eWiuRnVAZWan2HB6Zpxy.jpg,2,0.9520,"[447.9889831542969, 118.86585235595703, 770.4085083007812, 503.7620544433594]",NO,N/A,N/A,YES,0.2160,0.9769,VISIBLE,VISIBLE,False,False,False,True,NO_HELMET
8482302_hd_1920_1080_25fps_t00-00_f0000_jpg.rf.nzZ3fDlKWaIBmXllCm0Q.jpg,1,0.9129,"[205.39483642578125, 83.51895141601562, 1019.3161010742188, 1080.0]",NO,N/A,N/A,YES,0.9027,0.9218,VISIBLE,VISIBLE,False,False,False,True,NO_HELMET
8482302_hd_1920_1080_25fps_t00-00_f0000_jpg.rf.nzZ3fDlKWaIBmXllCm0Q.jpg,2,0.6186,"[208.12193298339844, 84.4078140258789, 717.837646484375, 1080.0]",YES,0.7161,0.9457,NO,N/A,N/A,VISIBLE,VISIBLE,False,False,False,True,NO_MASK
8482302_hd_1920_1080_25fps_t00-00_f0000_jpg.rf.nzZ3fDlKWaIBmXllCm0Q.jpg,3,0.8777,"[575.938720703125, 193.17422485351562, 935.8451538085938, 1080.0]",YES,0.7607,0.9281,YES,0.9707,0.8735,VISIBLE,VISIBLE,False,False,False,True,SAFE
8482302_hd_1920_1080_25fps_t00-00_f0000_jpg.rf.nzZ3fDlKWaIBmXllCm0Q.jpg,4,0.8295,"[576.4169311523438, 188.16519165039062, 938.4954223632812, 726.1532592773438]",NO,N/A,N/A,NO,N/A,N/A,VISIBLE,VISIBLE,False,False,False,False,NO_HELMET_AND_MASK
8482302_hd_1920_1080_25fps_t00-00_f0000_jpg.rf.nzZ3fDlKWaIBmXllCm0Q.jpg,5,0.6660,"[876.3760375976562, 269.47979736328125, 1262.094482421875, 1079.037353515625]",YES,0.7266,0.9341,YES,0.9397,0.9305,VISIBLE,VISIBLE,False,False,False,True,SAFE
8482302_hd_1920_1080_25fps_t00-24_f0006_jpg.rf.LCEuFKEGcH3R2gL47TZu.jpg,1,0.9040,"[215.54437255859375, 82.257568359375, 1017.2138061523438, 1080.0]",NO,N/A,N/A,YES,0.8550,0.9238,VISIBLE,VISIBLE,False,False,False,True,NO_HELMET
8482302_hd_1920_1080_25fps_t00-24_f0006_jpg.rf.LCEuFKEGcH3R2gL47TZu.jpg,2,0.6150,"[219.1631317138672, 82.17762756347656, 771.4481811523438, 1080.0]",YES,0.6843,0.9588,NO,N/A,N/A,VISIBLE,VISIBLE,False,False,False,True,NO_MASK
8482302_hd_1920_1080_25fps_t00-24_f0006_jpg.rf.LCEuFKEGcH3R2gL47TZu.jpg,3,0.8819,"[580.8948974609375, 190.59228515625, 947.1109619140625, 1080.0]",YES,0.8075,0.9225,YES,0.9604,0.8899,VISIBLE,VISIBLE,False,False,False,True,SAFE
8482302_hd_1920_1080_25fps_t00-24_f0006_jpg.rf.LCEuFKEGcH3R2gL47TZu.jpg,4,0.7166,"[905.2031860351562, 270.24310302734375, 1271.3946533203125, 1078.2423095703125]",YES,0.6388,0.9206,YES,0.9622,0.9169,VISIBLE,VISIBLE,False,False,False,True,SAFE
8482302_hd_1920_1080_25fps_t00-72_f0018_jpg.rf.ILMvmzUamKx98RmMZlmD.jpg,1,0.9072,"[231.14553833007812, 84.53189086914062, 1073.9947509765625, 1080.0]",YES,0.7578,0.9392,YES,0.9046,0.9236,VISIBLE,VISIBLE,False,False,False,True,SAFE
8482302_hd_1920_1080_25fps_t00-72_f0018_jpg.rf.ILMvmzUamKx98RmMZlmD.jpg,2,0.8471,"[603.3303833007812, 186.96441650390625, 1006.5965576171875, 1064.5107421875]",YES,0.7471,0.9472,YES,0.9736,0.9276,VISIBLE,VISIBLE,False,False,False,False,SAFE
8482302_hd_1920_1080_25fps_t00-72_f0018_jpg.rf.ILMvmzUamKx98RmMZlmD.jpg,3,0.6721,"[863.2890014648438, 272.09027099609375, 1288.022216796875, 1077.4205322265625]",YES,0.5202,0.9394,YES,0.8892,0.9381,VISIBLE,VISIBLE,False,False,False,True,SAFE
8482302_hd_1920_1080_25fps_t00-96_f0024_jpg.rf.ZMTMPwnwtq6nPPsNrFBt.jpg,1,0.8663,"[227.51895141601562, 83.2630386352539, 1118.4854736328125, 1080.0]",YES,0.7086,0.9394,YES,0.9124,0.9222,VISIBLE,VISIBLE,False,False,False,True,SAFE
8482302_hd_1920_1080_25fps_t00-96_f0024_jpg.rf.ZMTMPwnwtq6nPPsNrFBt.jpg,2,0.7421,"[615.0943603515625, 187.47195434570312, 993.5883178710938, 724.5910034179688]",NO,N/A,N/A,NO,N/A,N/A,VISIBLE,VISIBLE,False,False,False,False,NO_HELMET_AND_MASK
8482302_hd_1920_1080_25fps_t00-96_f0024_jpg.rf.ZMTMPwnwtq6nPPsNrFBt.jpg,3,0.7858,"[616.4317626953125, 195.59487915039062, 974.1480712890625, 1080.0]",YES,0.7963,0.9347,YES,0.9795,0.9181,VISIBLE,VISIBLE,False,False,False,True,SAFE
8482302_hd_1920_1080_25fps_t00-96_f0024_jpg.rf.ZMTMPwnwtq6nPPsNrFBt.jpg,4,0.7565,"[913.4385375976562, 275.0106506347656, 1293.5616455078125, 1080.0]",YES,0.5504,0.9183,YES,0.9472,0.9168,VISIBLE,VISIBLE,False,False,False,True,SAFE
8482302_hd_1920_1080_25fps_t01-44_f0036_jpg.rf.p8vNKw1dkUhEsCIQnMOK.jpg,1,0.6335,"[203.88475036621094, 84.73176574707031, 737.759765625, 1078.680419921875]",YES,0.7263,0.9064,NO,N/A,N/A,VISIBLE,VISIBLE,False,False,False,True,NO_MASK
8482302_hd_1920_1080_25fps_t01-44_f0036_jpg.rf.p8vNKw1dkUhEsCIQnMOK.jpg,2,0.5834,"[327.50469970703125, 184.18316650390625, 1215.9403076171875, 1080.0]",NO,N/A,N/A,YES,0.7633,0.9477,VISIBLE,VISIBLE,False,False,False,True,NO_HELMET
8482302_hd_1920_1080_25fps_t01-44_f0036_jpg.rf.p8vNKw1dkUhEsCIQnMOK.jpg,3,0.6403,"[647.908203125, 192.25294494628906, 1019.9078979492188, 1080.0]",YES,0.7414,0.9640,YES,0.9589,0.9425,VISIBLE,VISIBLE,False,False,False,True,SAFE
8482302_hd_1920_1080_25fps_t01-44_f0036_jpg.rf.p8vNKw1dkUhEsCIQnMOK.jpg,4,0.6265,"[650.21630859375, 187.46755981445312, 965.484130859375, 677.8533325195312]",NO,N/A,N/A,NO,N/A,N/A,VISIBLE,VISIBLE,False,False,False,False,NO_HELMET_AND_MASK
8482302_hd_1920_1080_25fps_t01-44_f0036_jpg.rf.p8vNKw1dkUhEsCIQnMOK.jpg,5,0.7794,"[923.2703857421875, 280.50177001953125, 1350.681884765625, 1080.0]",YES,0.5591,0.9010,YES,0.8552,0.8984,VISIBLE,VISIBLE,False,False,False,True,SAFE
8482302_hd_1920_1080_25fps_t01-92_f0048_jpg.rf.mHTPmFLozWdcHKr1Dk7G.jpg,1,0.7025,"[177.38336181640625, 80.77046203613281, 1251.065673828125, 1075.6973876953125]",YES,0.8261,0.9514,YES,0.7023,0.9319,VISIBLE,VISIBLE,False,False,False,False,SAFE
8482302_hd_1920_1080_25fps_t01-92_f0048_jpg.rf.mHTPmFLozWdcHKr1Dk7G.jpg,2,0.5850,"[183.2417755126953, 76.71284484863281, 755.1967163085938, 1079.4459228515625]",NO,N/A,N/A,NO,N/A,N/A,VISIBLE,VISIBLE,False,False,False,True,NO_HELMET_AND_MASK
8482302_hd_1920_1080_25fps_t01-92_f0048_jpg.rf.mHTPmFLozWdcHKr1Dk7G.jpg,3,0.5376,"[914.0140380859375, 279.5394287109375, 1356.7073974609375, 1080.0]",YES,0.7306,0.9040,YES,0.8934,0.9026,VISIBLE,VISIBLE,False,False,False,True,SAFE
8482302_hd_1920_1080_25fps_t02-40_f0060_jpg.rf.d3Sy8Vmto5BYhul6IPHj.jpg,1,0.6527,"[164.35064697265625, 77.52883911132812, 1333.56298828125, 1068.8245849609375]",YES,0.7862,0.9441,YES,0.7326,0.9208,VISIBLE,VISIBLE,False,False,False,False,SAFE
8482302_hd_1920_1080_25fps_t02-40_f0060_jpg.rf.d3Sy8Vmto5BYhul6IPHj.jpg,2,0.5815,"[167.78131103515625, 69.52822875976562, 761.430908203125, 1074.640625]",NO,N/A,N/A,NO,N/A,N/A,VISIBLE,VISIBLE,False,False,False,False,NO_HELMET_AND_MASK
8482302_hd_1920_1080_25fps_t02-40_f0060_jpg.rf.d3Sy8Vmto5BYhul6IPHj.jpg,3,0.5759,"[916.32763671875, 279.4418029785156, 1366.3253173828125, 1080.0]",YES,0.6875,0.9003,YES,0.8763,0.8988,VISIBLE,VISIBLE,False,False,False,True,SAFE
8482302_hd_1920_1080_25fps_t07-20_f0180_jpg.rf.y8SOr767ZIyLHUzPE2kq.jpg,1,0.5286,"[64.1805191040039, 10.609058380126953, 1232.182861328125, 1079.1192626953125]",YES,0.8532,0.9657,YES,0.6489,0.9403,VISIBLE,VISIBLE,False,False,False,True,SAFE
8482302_hd_1920_1080_25fps_t07-44_f0186_jpg.rf.wlGlztOVPM0GOD1ZPB5d.jpg,1,0.5783,"[117.07266235351562, 6.538916110992432, 1236.1702880859375, 1080.0]",YES,0.8565,0.9562,YES,0.4853,0.9381,VISIBLE,VISIBLE,False,False,False,True,SAFE
8482302_hd_1920_1080_25fps_t08-40_f0210_jpg.rf.zHoMe6xt3lH3fRTEDPTz.jpg,1,0.5922,"[93.60879516601562, 50.88435363769531, 1266.3349609375, 1076.3409423828125]",YES,0.8166,0.9728,YES,0.4272,0.9659,VISIBLE,VISIBLE,False,False,False,False,SAFE
8482302_hd_1920_1080_25fps_t08-40_f0210_jpg.rf.zHoMe6xt3lH3fRTEDPTz.jpg,2,0.5884,"[870.7015380859375, 204.68687438964844, 1376.691650390625, 1051.145263671875]",YES,0.4379,0.9497,YES,0.9678,0.9210,VISIBLE,VISIBLE,False,False,False,False,SAFE
8482302_hd_1920_1080_25fps_t09-12_f0228_jpg.rf.KMEnlHwugkd49PgBqPzq.jpg,1,0.5512,"[129.80584716796875, 9.3797607421875, 1336.8936767578125, 1080.0]",YES,0.7872,0.9548,YES,0.6094,0.9367,VISIBLE,VISIBLE,False,False,False,True,SAFE
8482302_hd_1920_1080_25fps_t09-60_f0240_jpg.rf.tYiRCkudBx9iqeW4UoQk.jpg,1,0.5747,"[63.01435852050781, 16.2275390625, 1298.822265625, 1079.441650390625]",YES,0.8163,0.9721,YES,0.5711,0.9544,VISIBLE,VISIBLE,False,False,False,True,SAFE
8482302_hd_1920_1080_25fps_t09-60_f0240_jpg.rf.tYiRCkudBx9iqeW4UoQk.jpg,2,0.6043,"[937.8927612304688, 207.54486083984375, 1419.6392822265625, 978.109375]",YES,0.5287,0.9322,YES,0.9708,0.8866,VISIBLE,VISIBLE,False,False,False,False,SAFE
8482302_hd_1920_1080_25fps_t10-08_f0252_jpg.rf.rlQYHMvZpKFDcDUaPmvC.jpg,1,0.6801,"[58.126319885253906, 24.629444122314453, 1299.8243408203125, 1080.0]",YES,0.7503,0.9759,YES,0.4868,0.9574,VISIBLE,VISIBLE,False,False,False,True,SAFE
8482302_hd_1920_1080_25fps_t10-08_f0252_jpg.rf.rlQYHMvZpKFDcDUaPmvC.jpg,2,0.6408,"[937.1331176757812, 205.09967041015625, 1417.2911376953125, 1030.879150390625]",YES,0.4948,0.9369,YES,0.9757,0.9081,VISIBLE,VISIBLE,False,False,False,False,SAFE
8482302_hd_1920_1080_25fps_t10-32_f0258_jpg.rf.uTX7S1etU0qcMlZXNj0x.jpg,1,0.7096,"[49.046634674072266, 27.384010314941406, 1300.3729248046875, 1080.0]",YES,0.6728,0.9786,YES,0.4843,0.9580,VISIBLE,VISIBLE,False,False,False,True,SAFE
8482302_hd_1920_1080_25fps_t10-32_f0258_jpg.rf.uTX7S1etU0qcMlZXNj0x.jpg,2,0.5184,"[799.069091796875, 202.4945831298828, 1417.385498046875, 806.3187255859375]",YES,0.5344,0.9469,YES,0.9898,0.6468,VISIBLE,VISIBLE,False,False,False,False,SAFE
8482302_hd_1920_1080_25fps_t10-32_f0258_jpg.rf.uTX7S1etU0qcMlZXNj0x.jpg,3,0.6994,"[939.2265014648438, 203.93101501464844, 1419.5294189453125, 940.2468872070312]",YES,0.6796,0.3425,YES,0.9758,0.8791,VISIBLE,VISIBLE,False,False,False,False,SAFE
8482302_hd_1920_1080_25fps_t11-04_f0276_jpg.rf.Zd9VieC4sRToBl9uJnDd.jpg,1,0.7437,"[120.8516616821289, 13.65549373626709, 1330.5340576171875, 1080.0]",YES,0.7448,0.9612,YES,0.6607,0.9472,VISIBLE,VISIBLE,False,False,False,True,SAFE
8482302_hd_1920_1080_25fps_t11-04_f0276_jpg.rf.Zd9VieC4sRToBl9uJnDd.jpg,2,0.5955,"[828.219482421875, 193.9252471923828, 1419.158203125, 1064.616455078125]",YES,0.5032,0.9680,YES,0.9799,0.9478,VISIBLE,VISIBLE,False,False,False,False,SAFE
8482302_hd_1920_1080_25fps_t11-04_f0276_jpg.rf.Zd9VieC4sRToBl9uJnDd.jpg,3,0.6658,"[898.9630737304688, 198.0176544189453, 1418.1441650390625, 841.0027465820312]",YES,0.7005,0.4402,NO,N/A,N/A,VISIBLE,VISIBLE,False,False,False,False,NO_MASK
8482302_hd_1920_1080_25fps_t11-28_f0282_jpg.rf.O6DVHM4KauexRGkOnojB.jpg,1,0.7541,"[120.47915649414062, 12.750073432922363, 1132.53515625, 1080.0]",YES,0.7406,0.9848,YES,0.2296,0.9525,VISIBLE,VISIBLE,False,False,False,True,SAFE
8482302_hd_1920_1080_25fps_t11-28_f0282_jpg.rf.O6DVHM4KauexRGkOnojB.jpg,2,0.6267,"[595.0262451171875, 95.14409637451172, 999.690185546875, 789.0994873046875]",YES,0.7089,0.9142,YES,0.9857,0.5960,VISIBLE,VISIBLE,False,False,False,False,SAFE
8482302_hd_1920_1080_25fps_t11-28_f0282_jpg.rf.O6DVHM4KauexRGkOnojB.jpg,3,0.7131,"[932.580078125, 196.07022094726562, 1432.9686279296875, 1064.487548828125]",YES,0.6410,0.9320,YES,0.9843,0.9081,VISIBLE,VISIBLE,False,False,False,False,SAFE
8482302_hd_1920_1080_25fps_t11-76_f0294_jpg.rf.NQGgA0s9VUQaZT2AdlwI.jpg,1,0.7830,"[135.50933837890625, 11.409229278564453, 968.4373779296875, 1080.0]",YES,0.7625,0.9769,YES,0.3031,0.9204,VISIBLE,VISIBLE,False,False,False,True,SAFE
8482302_hd_1920_1080_25fps_t11-76_f0294_jpg.rf.NQGgA0s9VUQaZT2AdlwI.jpg,2,0.7136,"[586.2059936523438, 98.40776824951172, 999.4326171875, 770.5219116210938]",NO,N/A,N/A,NO,N/A,N/A,VISIBLE,VISIBLE,False,False,False,False,NO_HELMET_AND_MASK
8482302_hd_1920_1080_25fps_t11-76_f0294_jpg.rf.NQGgA0s9VUQaZT2AdlwI.jpg,3,0.6801,"[591.27734375, 102.25239562988281, 994.770751953125, 1042.223876953125]",YES,0.7291,0.9188,YES,0.9871,0.7800,VISIBLE,VISIBLE,False,False,False,False,SAFE
8482302_hd_1920_1080_25fps_t11-76_f0294_jpg.rf.NQGgA0s9VUQaZT2AdlwI.jpg,4,0.6196,"[936.1152954101562, 197.63729858398438, 1426.624267578125, 773.12451171875]",NO,N/A,N/A,NO,N/A,N/A,VISIBLE,VISIBLE,False,False,False,False,NO_HELMET_AND_MASK
8482302_hd_1920_1080_25fps_t11-76_f0294_jpg.rf.NQGgA0s9VUQaZT2AdlwI.jpg,5,0.7733,"[938.1640625, 197.01490783691406, 1435.53759765625, 1065.8232421875]",YES,0.5662,0.9287,YES,0.9869,0.9026,VISIBLE,VISIBLE,False,False,False,False,SAFE
8482302_hd_1920_1080_25fps_t12-24_f0306_jpg.rf.afsiGOyxNtfdmGuHw469.jpg,1,0.8509,"[145.8750762939453, 12.665185928344727, 894.5513916015625, 1076.0635986328125]",YES,0.7020,0.9607,YES,0.6192,0.8992,VISIBLE,VISIBLE,False,False,False,False,SAFE
8482302_hd_1920_1080_25fps_t12-24_f0306_jpg.rf.afsiGOyxNtfdmGuHw469.jpg,2,0.6087,"[580.6766967773438, 106.88452911376953, 1246.965576171875, 1069.970947265625]",YES,0.7384,0.9650,YES,0.9826,0.9574,VISIBLE,VISIBLE,False,False,False,False,SAFE
8482302_hd_1920_1080_25fps_t12-24_f0306_jpg.rf.afsiGOyxNtfdmGuHw469.jpg,3,0.5725,"[588.39501953125, 104.72805786132812, 1056.2725830078125, 1079.8514404296875]",NO,N/A,N/A,NO,N/A,N/A,VISIBLE,VISIBLE,False,False,False,True,NO_HELMET_AND_MASK
8482302_hd_1920_1080_25fps_t12-24_f0306_jpg.rf.afsiGOyxNtfdmGuHw469.jpg,4,0.6529,"[940.7584228515625, 204.10415649414062, 1433.8505859375, 1032.3792724609375]",YES,0.5412,0.9260,YES,0.9748,0.8951,VISIBLE,VISIBLE,False,False,False,False,SAFE
8482302_hd_1920_1080_25fps_t12-48_f0312_jpg.rf.d0UJ6jhzOPwUXoNsdhu1.jpg,1,0.9335,"[149.671875, 13.667431831359863, 867.7294311523438, 1076.1744384765625]",YES,0.5925,0.9578,YES,0.8207,0.8943,VISIBLE,VISIBLE,False,False,False,False,SAFE
8482302_hd_1920_1080_25fps_t12-48_f0312_jpg.rf.d0UJ6jhzOPwUXoNsdhu1.jpg,2,0.5103,"[578.07373046875, 107.02701568603516, 1053.429443359375, 1080.0]",NO,N/A,N/A,NO,N/A,N/A,VISIBLE,VISIBLE,False,False,False,True,NO_HELMET_AND_MASK
8482302_hd_1920_1080_25fps_t12-48_f0312_jpg.rf.d0UJ6jhzOPwUXoNsdhu1.jpg,3,0.6802,"[586.7122802734375, 105.5136489868164, 1258.5892333984375, 1071.451171875]",YES,0.7627,0.9622,YES,0.9828,0.9530,VISIBLE,VISIBLE,False,False,False,False,SAFE
8482302_hd_1920_1080_25fps_t12-48_f0312_jpg.rf.d0UJ6jhzOPwUXoNsdhu1.jpg,4,0.6880,"[942.169677734375, 203.33657836914062, 1434.784423828125, 1045.6417236328125]",YES,0.5843,0.9273,YES,0.9795,0.8981,VISIBLE,VISIBLE,False,False,False,False,SAFE
gloves_mask_t00-00_f0000 - Copy_jpg.rf.7LrwzIlP8VQduj4C5JXk.jpg,1,0.9541,"[132.75015258789062, 166.3736572265625, 345.2828063964844, 713.8043212890625]",NO,N/A,N/A,NO,N/A,N/A,VISIBLE,VISIBLE,False,False,False,False,NO_HELMET_AND_MASK
gloves_mask_t00-00_f0000 - Copy_jpg.rf.7LrwzIlP8VQduj4C5JXk.jpg,2,0.6557,"[546.11279296875, 204.65771484375, 699.9667358398438, 641.2606811523438]",NO,N/A,N/A,NO,N/A,N/A,VISIBLE,VISIBLE,False,False,False,False,NO_HELMET_AND_MASK
gloves_mask_t00-00_f0000 - Copy_jpg.rf.7LrwzIlP8VQduj4C5JXk.jpg,3,0.7454,"[548.2320556640625, 206.0847625732422, 705.9820556640625, 457.4434509277344]",NO,N/A,N/A,YES,0.9670,0.9537,VISIBLE,VISIBLE,False,False,False,False,NO_HELMET
gloves_mask_t00-00_f0000 - Copy_jpg.rf.7LrwzIlP8VQduj4C5JXk.jpg,4,0.6498,"[926.0272827148438, 169.99705505371094, 1249.3729248046875, 713.6967163085938]",NO,N/A,N/A,YES,0.3758,0.8307,VISIBLE,VISIBLE,False,False,False,False,NO_HELMET
gloves_mask_t00-00_f0000 - Copy_jpg.rf.7LrwzIlP8VQduj4C5JXk.jpg,5,0.8937,"[931.6539306640625, 167.6434326171875, 1103.8804931640625, 717.6324462890625]",NO,N/A,N/A,YES,0.9754,0.8913,VISIBLE,VISIBLE,False,False,False,True,NO_HELMET
gloves_mask_t02-00_f0048 - Copy_jpg.rf.K4ts7hQCfqSIFYwJyVGs.jpg,1,0.9623,"[136.32371520996094, 156.00401306152344, 355.7776184082031, 713.4820556640625]",NO,N/A,N/A,YES,0.9482,0.9141,VISIBLE,VISIBLE,False,False,False,False,NO_HELMET
gloves_mask_t02-00_f0048 - Copy_jpg.rf.K4ts7hQCfqSIFYwJyVGs.jpg,2,0.8375,"[538.7960815429688, 205.35940551757812, 699.1845703125, 643.4431762695312]",NO,N/A,N/A,YES,0.9445,0.9275,VISIBLE,VISIBLE,False,False,False,False,NO_HELMET
gloves_mask_t02-00_f0048 - Copy_jpg.rf.K4ts7hQCfqSIFYwJyVGs.jpg,3,0.8470,"[912.1676025390625, 166.57737731933594, 1098.9344482421875, 717.7650756835938]",NO,N/A,N/A,YES,0.9723,0.8889,VISIBLE,VISIBLE,False,False,False,True,NO_HELMET
gloves_mask_t02-50_f0060 - Copy_jpg.rf.m41obDZvqvXjYBdQ9piQ.jpg,1,0.9590,"[133.83653259277344, 159.21592712402344, 335.33819580078125, 713.0968627929688]",NO,N/A,N/A,YES,0.9234,0.9099,VISIBLE,VISIBLE,False,False,False,False,NO_HELMET
gloves_mask_t02-50_f0060 - Copy_jpg.rf.m41obDZvqvXjYBdQ9piQ.jpg,2,0.6464,"[546.87646484375, 203.9243621826172, 699.8915405273438, 641.9656982421875]",NO,N/A,N/A,YES,0.9493,0.9458,VISIBLE,VISIBLE,False,False,False,False,NO_HELMET
gloves_mask_t02-50_f0060 - Copy_jpg.rf.m41obDZvqvXjYBdQ9piQ.jpg,3,0.6261,"[548.4572143554688, 206.7450714111328, 703.4154663085938, 442.7736511230469]",NO,N/A,N/A,NO,N/A,N/A,VISIBLE,VISIBLE,False,False,False,False,NO_HELMET_AND_MASK
gloves_mask_t02-50_f0060 - Copy_jpg.rf.m41obDZvqvXjYBdQ9piQ.jpg,4,0.9446,"[870.48876953125, 168.96475219726562, 1089.9686279296875, 714.1339721679688]",NO,N/A,N/A,YES,0.9685,0.9144,VISIBLE,VISIBLE,False,False,False,False,NO_HELMET
gloves_mask_t02-75_f0066 - Copy_jpg.rf.8PEXHTy696pGOBrbvdVp.jpg,1,0.9460,"[124.6578369140625, 162.3741912841797, 328.5977478027344, 712.8295288085938]",NO,N/A,N/A,YES,0.7554,0.9028,VISIBLE,VISIBLE,False,False,False,False,NO_HELMET
gloves_mask_t02-75_f0066 - Copy_jpg.rf.8PEXHTy696pGOBrbvdVp.jpg,2,0.7764,"[536.2937622070312, 204.4081573486328, 701.3617553710938, 642.3652954101562]",NO,N/A,N/A,YES,0.9472,0.9479,VISIBLE,VISIBLE,False,False,False,False,NO_HELMET
gloves_mask_t02-75_f0066 - Copy_jpg.rf.8PEXHTy696pGOBrbvdVp.jpg,3,0.6718,"[723.2957763671875, 158.3968963623047, 1085.861328125, 711.9644775390625]",NO,N/A,N/A,NO,N/A,N/A,VISIBLE,VISIBLE,False,False,False,False,NO_HELMET_AND_MASK
gloves_mask_t02-75_f0066 - Copy_jpg.rf.8PEXHTy696pGOBrbvdVp.jpg,4,0.9538,"[854.6828002929688, 167.20840454101562, 1085.7642822265625, 714.18798828125]",NO,N/A,N/A,YES,0.9421,0.9175,VISIBLE,VISIBLE,False,False,False,False,NO_HELMET
gloves_mask_t03-25_f0078_jpg.rf.mypZL3x70d9zwU6p8Nce.jpg,1,0.9431,"[85.6902084350586, 158.2202606201172, 287.21197509765625, 714.9650268554688]",NO,N/A,N/A,NO,N/A,N/A,VISIBLE,VISIBLE,False,False,False,False,NO_HELMET_AND_MASK
gloves_mask_t03-25_f0078_jpg.rf.mypZL3x70d9zwU6p8Nce.jpg,2,0.7471,"[524.4576416015625, 204.5176239013672, 703.2760009765625, 439.0613708496094]",NO,N/A,N/A,YES,0.9740,0.9118,VISIBLE,VISIBLE,False,False,False,False,NO_HELMET
gloves_mask_t03-25_f0078_jpg.rf.mypZL3x70d9zwU6p8Nce.jpg,3,0.6271,"[753.7379760742188, 156.92832946777344, 1081.7967529296875, 712.2901611328125]",NO,N/A,N/A,YES,0.9729,0.9027,VISIBLE,VISIBLE,False,False,False,False,NO_HELMET
gloves_mask_t03-25_f0078_jpg.rf.mypZL3x70d9zwU6p8Nce.jpg,4,0.9637,"[889.71484375, 165.8990020751953, 1080.720703125, 714.1170043945312]",NO,N/A,N/A,NO,N/A,N/A,VISIBLE,VISIBLE,False,False,False,False,NO_HELMET_AND_MASK
gloves_mask_t04-25_f0102_jpg.rf.rfP1RaidbqU3ctXxEfon.jpg,1,0.9308,"[105.73955535888672, 160.020263671875, 331.780517578125, 715.5135498046875]",NO,N/A,N/A,YES,0.9063,0.9038,VISIBLE,VISIBLE,False,False,False,False,NO_HELMET
gloves_mask_t04-25_f0102_jpg.rf.rfP1RaidbqU3ctXxEfon.jpg,2,0.7368,"[526.1560668945312, 208.07627868652344, 704.595703125, 441.98486328125]",NO,N/A,N/A,YES,0.9804,0.9203,VISIBLE,VISIBLE,False,False,False,False,NO_HELMET
gloves_mask_t04-25_f0102_jpg.rf.rfP1RaidbqU3ctXxEfon.jpg,3,0.9724,"[861.27294921875, 166.9446258544922, 1084.4920654296875, 714.64697265625]",NO,N/A,N/A,YES,0.9081,0.9037,VISIBLE,VISIBLE,False,False,False,False,NO_HELMET
gloves_mask_t04-50_f0108_jpg.rf.LvLxWrAh6Ah4mrFX6l76.jpg,1,0.9697,"[115.2446517944336, 157.6575164794922, 341.1059875488281, 716.6544799804688]",NO,N/A,N/A,YES,0.8373,0.9047,VISIBLE,VISIBLE,False,False,False,False,NO_HELMET
gloves_mask_t04-50_f0108_jpg.rf.LvLxWrAh6Ah4mrFX6l76.jpg,2,0.6929,"[535.0860595703125, 204.2487030029297, 703.8419189453125, 639.1181030273438]",NO,N/A,N/A,YES,0.9593,0.9450,VISIBLE,VISIBLE,False,False,False,False,NO_HELMET
gloves_mask_t04-50_f0108_jpg.rf.LvLxWrAh6Ah4mrFX6l76.jpg,3,0.6746,"[535.9381103515625, 208.69790649414062, 705.611328125, 446.052978515625]",NO,N/A,N/A,NO,N/A,N/A,VISIBLE,VISIBLE,False,False,False,False,NO_HELMET_AND_MASK
gloves_mask_t04-50_f0108_jpg.rf.LvLxWrAh6Ah4mrFX6l76.jpg,4,0.5140,"[780.5315551757812, 167.27978515625, 1113.6390380859375, 710.2587890625]",NO,N/A,N/A,NO,N/A,N/A,VISIBLE,VISIBLE,False,False,False,False,NO_HELMET_AND_MASK
gloves_mask_t04-50_f0108_jpg.rf.LvLxWrAh6Ah4mrFX6l76.jpg,5,0.9432,"[886.8390502929688, 162.53408813476562, 1109.046875, 716.3889770507812]",NO,N/A,N/A,NO,N/A,N/A,VISIBLE,VISIBLE,False,False,False,False,NO_HELMET_AND_MASK
gloves_mask_t04-75_f0114_jpg.rf.6FgMbbTGuliWYvJKdOg4.jpg,1,0.9654,"[124.302978515625, 158.8772735595703, 346.2545471191406, 717.3206176757812]",NO,N/A,N/A,YES,0.6772,0.9004,VISIBLE,VISIBLE,False,False,False,True,NO_HELMET
gloves_mask_t04-75_f0114_jpg.rf.6FgMbbTGuliWYvJKdOg4.jpg,2,0.6925,"[537.637939453125, 204.13052368164062, 697.9496459960938, 640.5275268554688]",NO,N/A,N/A,YES,0.9501,0.9470,VISIBLE,VISIBLE,False,False,False,False,NO_HELMET
gloves_mask_t04-75_f0114_jpg.rf.6FgMbbTGuliWYvJKdOg4.jpg,3,0.9355,"[928.6926879882812, 165.053466796875, 1150.8763427734375, 717.0033569335938]",NO,N/A,N/A,NO,N/A,N/A,VISIBLE,VISIBLE,False,False,False,True,NO_HELMET_AND_MASK
gloves_mask_t05-50_f0132_jpg.rf.ndrqlaQuZDtSRu18cQYw.jpg,1,0.9403,"[123.54039764404297, 158.0886993408203, 325.89312744140625, 711.7711181640625]",NO,N/A,N/A,YES,0.9472,0.8960,VISIBLE,VISIBLE,False,False,False,False,NO_HELMET
gloves_mask_t05-50_f0132_jpg.rf.ndrqlaQuZDtSRu18cQYw.jpg,2,0.5527,"[532.0696411132812, 203.59288024902344, 695.2102661132812, 639.7185668945312]",NO,N/A,N/A,YES,0.2830,0.9584,VISIBLE,VISIBLE,False,False,False,False,NO_HELMET
gloves_mask_t05-50_f0132_jpg.rf.ndrqlaQuZDtSRu18cQYw.jpg,3,0.9263,"[938.8103637695312, 180.6498565673828, 1169.8963623046875, 713.4362182617188]",NO,N/A,N/A,NO,N/A,N/A,VISIBLE,VISIBLE,False,False,False,False,NO_HELMET_AND_MASK
gloves_mask_t06-75_f0162_jpg.rf.37OsR32Hx9VrsFVXWifp.jpg,1,0.9443,"[114.55106353759766, 157.1940155029297, 317.4186706542969, 715.7330932617188]",NO,N/A,N/A,YES,0.9274,0.9003,VISIBLE,VISIBLE,False,False,False,False,NO_HELMET
gloves_mask_t06-75_f0162_jpg.rf.37OsR32Hx9VrsFVXWifp.jpg,2,0.6207,"[527.9664306640625, 209.312744140625, 694.3051147460938, 649.3676147460938]",NO,N/A,N/A,NO,N/A,N/A,VISIBLE,VISIBLE,False,False,False,False,NO_HELMET_AND_MASK
gloves_mask_t06-75_f0162_jpg.rf.37OsR32Hx9VrsFVXWifp.jpg,3,0.7047,"[529.9270629882812, 202.2340850830078, 689.6878051757812, 454.7619323730469]",NO,N/A,N/A,YES,0.9764,0.9533,VISIBLE,VISIBLE,False,False,False,False,NO_HELMET
gloves_mask_t06-75_f0162_jpg.rf.37OsR32Hx9VrsFVXWifp.jpg,4,0.9500,"[790.4198608398438, 161.45909118652344, 1074.447021484375, 714.2984619140625]",NO,N/A,N/A,YES,0.9848,0.9305,VISIBLE,VISIBLE,False,False,False,False,NO_HELMET
gloves_mask_t07-50_f0180_jpg.rf.Q2CkAxJ8u52NOOFzuVyZ.jpg,1,0.9361,"[108.8738784790039, 156.8844451904297, 308.5601501464844, 716.2522583007812]",NO,N/A,N/A,YES,0.9446,0.8903,VISIBLE,VISIBLE,False,False,False,False,NO_HELMET
gloves_mask_t07-50_f0180_jpg.rf.Q2CkAxJ8u52NOOFzuVyZ.jpg,2,0.7645,"[530.0875854492188, 206.84619140625, 720.0718383789062, 639.93896484375]",NO,N/A,N/A,YES,0.2307,0.9175,VISIBLE,VISIBLE,False,False,False,False,NO_HELMET
gloves_mask_t07-50_f0180_jpg.rf.Q2CkAxJ8u52NOOFzuVyZ.jpg,3,0.5909,"[531.7854614257812, 206.89219665527344, 718.9938354492188, 492.3092956542969]",NO,N/A,N/A,YES,0.9845,0.9759,VISIBLE,VISIBLE,False,False,False,False,NO_HELMET
gloves_mask_t07-50_f0180_jpg.rf.Q2CkAxJ8u52NOOFzuVyZ.jpg,4,0.9457,"[873.3528442382812, 175.4029083251953, 1100.1915283203125, 714.0294799804688]",NO,N/A,N/A,YES,0.2374,0.8770,VISIBLE,VISIBLE,False,False,False,False,NO_HELMET
gloves_mask_t07-75_f0186_jpg.rf.nNKcROlgOQzdk1HgdVMN.jpg,1,0.9163,"[105.15351867675781, 156.50376892089844, 312.3876037597656, 716.264892578125]",NO,N/A,N/A,YES,0.8043,0.8933,VISIBLE,VISIBLE,False,False,False,False,NO_HELMET
gloves_mask_t07-75_f0186_jpg.rf.nNKcROlgOQzdk1HgdVMN.jpg,2,0.7001,"[528.7691040039062, 209.0551300048828, 695.4956665039062, 648.1641235351562]",NO,N/A,N/A,NO,N/A,N/A,VISIBLE,VISIBLE,False,False,False,False,NO_HELMET_AND_MASK
gloves_mask_t07-75_f0186_jpg.rf.nNKcROlgOQzdk1HgdVMN.jpg,3,0.5099,"[530.3406372070312, 203.9543914794922, 692.0149536132812, 465.2801818847656]",NO,N/A,N/A,YES,0.9916,0.9636,VISIBLE,VISIBLE,False,False,False,False,NO_HELMET
gloves_mask_t07-75_f0186_jpg.rf.nNKcROlgOQzdk1HgdVMN.jpg,4,0.6168,"[759.2453002929688, 165.5832977294922, 1101.3619384765625, 711.9591064453125]",NO,N/A,N/A,NO,N/A,N/A,VISIBLE,VISIBLE,False,False,False,False,NO_HELMET_AND_MASK
gloves_mask_t07-75_f0186_jpg.rf.nNKcROlgOQzdk1HgdVMN.jpg,5,0.9427,"[893.6502075195312, 168.71182250976562, 1098.4931640625, 714.2653198242188]",NO,N/A,N/A,NO,N/A,N/A,VISIBLE,VISIBLE,False,False,False,False,NO_HELMET_AND_MASK
gloves_mask_t08-25_f0198_jpg.rf.Qcby27NMbT8cVhUsXn88.jpg,1,0.9253,"[87.91621398925781, 157.6462860107422, 302.1822204589844, 714.5372314453125]",NO,N/A,N/A,NO,N/A,N/A,VISIBLE,VISIBLE,False,False,False,False,NO_HELMET_AND_MASK
gloves_mask_t08-25_f0198_jpg.rf.Qcby27NMbT8cVhUsXn88.jpg,2,0.5510,"[526.5905151367188, 209.90855407714844, 694.2421264648438, 646.6303100585938]",NO,N/A,N/A,NO,N/A,N/A,VISIBLE,VISIBLE,False,False,False,False,NO_HELMET_AND_MASK
gloves_mask_t08-25_f0198_jpg.rf.Qcby27NMbT8cVhUsXn88.jpg,3,0.5872,"[528.3606567382812, 204.6194305419922, 687.0432739257812, 467.760009765625]",NO,N/A,N/A,YES,0.9745,0.9652,VISIBLE,VISIBLE,False,False,False,False,NO_HELMET
gloves_mask_t08-25_f0198_jpg.rf.Qcby27NMbT8cVhUsXn88.jpg,4,0.5087,"[555.679931640625, 532.6541137695312, 651.432861328125, 648.7373046875]",NO,N/A,N/A,NO,N/A,N/A,VISIBLE,VISIBLE,False,False,False,False,NO_HELMET_AND_MASK
gloves_mask_t08-25_f0198_jpg.rf.Qcby27NMbT8cVhUsXn88.jpg,5,0.9253,"[889.4140625, 169.6895751953125, 1120.010986328125, 717.6508178710938]",NO,N/A,N/A,YES,0.6554,0.9006,VISIBLE,VISIBLE,False,False,False,True,NO_HELMET
gloves_mask_t08-75_f0210_jpg.rf.VvoFhhOpfqIwImIqPgvv.jpg,1,0.9334,"[87.7996826171875, 165.31858825683594, 308.3709411621094, 714.1181640625]",NO,N/A,N/A,YES,0.8692,0.8898,VISIBLE,VISIBLE,False,False,False,False,NO_HELMET
gloves_mask_t08-75_f0210_jpg.rf.VvoFhhOpfqIwImIqPgvv.jpg,2,0.6378,"[523.3836059570312, 206.3591766357422, 683.2080078125, 455.22802734375]",NO,N/A,N/A,YES,0.9840,0.9532,VISIBLE,VISIBLE,False,False,False,False,NO_HELMET
gloves_mask_t08-75_f0210_jpg.rf.VvoFhhOpfqIwImIqPgvv.jpg,3,0.6087,"[554.3600463867188, 532.4374389648438, 650.0750732421875, 648.2457885742188]",NO,N/A,N/A,NO,N/A,N/A,VISIBLE,VISIBLE,False,False,False,False,NO_HELMET_AND_MASK
gloves_mask_t08-75_f0210_jpg.rf.VvoFhhOpfqIwImIqPgvv.jpg,4,0.9353,"[880.1412353515625, 161.60781860351562, 1106.9361572265625, 718.58447265625]",NO,N/A,N/A,YES,0.9832,0.9048,VISIBLE,VISIBLE,False,False,False,True,NO_HELMET
gloves_mask_t09-25_f0222_jpg.rf.AhqjNH2UPaPXODe5e9gT.jpg,1,0.9428,"[96.23674774169922, 160.37841796875, 289.3539123535156, 716.7938842773438]",NO,N/A,N/A,YES,0.9751,0.8847,VISIBLE,VISIBLE,False,False,False,False,NO_HELMET
gloves_mask_t09-25_f0222_jpg.rf.AhqjNH2UPaPXODe5e9gT.jpg,2,0.9182,"[519.6744384765625, 207.7707061767578, 682.2611694335938, 434.58160400390625]",NO,N/A,N/A,YES,0.9838,0.9140,VISIBLE,VISIBLE,False,False,False,False,NO_HELMET
gloves_mask_t09-25_f0222_jpg.rf.AhqjNH2UPaPXODe5e9gT.jpg,3,0.5032,"[553.0914916992188, 532.92626953125, 649.0305786132812, 648.1803588867188]",NO,N/A,N/A,NO,N/A,N/A,VISIBLE,VISIBLE,False,False,False,False,NO_HELMET_AND_MASK
gloves_mask_t09-25_f0222_jpg.rf.AhqjNH2UPaPXODe5e9gT.jpg,4,0.9358,"[865.6021728515625, 165.3201904296875, 1065.9197998046875, 714.1181030273438]",NO,N/A,N/A,YES,0.9746,0.9098,VISIBLE,VISIBLE,False,False,False,False,NO_HELMET
gloves_mask_t09-50_f0228_jpg.rf.dPfrWmpuyzU6ANDIKPfk.jpg,1,0.9325,"[86.1693344116211, 162.99046325683594, 286.9786071777344, 715.1923828125]",NO,N/A,N/A,YES,0.9133,0.8790,VISIBLE,VISIBLE,False,False,False,False,NO_HELMET
gloves_mask_t09-50_f0228_jpg.rf.dPfrWmpuyzU6ANDIKPfk.jpg,2,0.8757,"[523.2504272460938, 208.18545532226562, 682.3495483398438, 440.94805908203125]",NO,N/A,N/A,YES,0.9798,0.9196,VISIBLE,VISIBLE,False,False,False,False,NO_HELMET
gloves_mask_t09-50_f0228_jpg.rf.dPfrWmpuyzU6ANDIKPfk.jpg,3,0.8985,"[861.0191650390625, 160.25694274902344, 1057.7828369140625, 713.5084838867188]",NO,N/A,N/A,YES,0.9837,0.9067,VISIBLE,VISIBLE,False,False,False,False,NO_HELMET
istockphoto_2258622635_640_adpp_is_t00000_f000000_jpg.rf.YmP53mKslfE2WBLpORCB.jpg,1,0.9224,"[156.65240478515625, 26.581085205078125, 400.51513671875, 430.6915588378906]",NO,N/A,N/A,NO,N/A,N/A,VISIBLE,VISIBLE,False,False,False,True,NO_HELMET_AND_MASK
istockphoto_2258622635_640_adpp_is_t00000_f000000_jpg.rf.YmP53mKslfE2WBLpORCB.jpg,2,0.9417,"[157.3980255126953, 32.14963150024414, 301.61077880859375, 430.9652404785156]",NO,N/A,N/A,NO,N/A,N/A,VISIBLE,VISIBLE,False,False,False,True,NO_HELMET_AND_MASK
istockphoto_2258622635_640_adpp_is_t00000_f000000_jpg.rf.YmP53mKslfE2WBLpORCB.jpg,3,0.8710,"[243.1047821044922, 32.800899505615234, 406.5364074707031, 430.2591247558594]",YES,0.5014,0.9921,NO,N/A,N/A,VISIBLE,VISIBLE,False,False,False,True,NO_MASK
istockphoto_2258622635_640_adpp_is_t00000_f000017_jpg.rf.Ls3ZAi6V7aVeUw9LTwfW.jpg,1,0.5965,"[0.16362304985523224, 0.0, 187.39788818359375, 431.7793884277344]",UNKNOWN,N/A,N/A,NO,N/A,N/A,CROPPED,VISIBLE,True,False,True,True,UNCERTAIN
istockphoto_2258622635_640_adpp_is_t00000_f000017_jpg.rf.Ls3ZAi6V7aVeUw9LTwfW.jpg,2,0.9311,"[145.10760498046875, 11.399883270263672, 404.2936706542969, 429.8041076660156]",NO,N/A,N/A,NO,N/A,N/A,VISIBLE,VISIBLE,False,False,False,True,NO_HELMET_AND_MASK
istockphoto_2258622635_640_adpp_is_t00000_f000017_jpg.rf.Ls3ZAi6V7aVeUw9LTwfW.jpg,3,0.7264,"[239.27503967285156, 19.59210968017578, 401.85662841796875, 428.2557067871094]",YES,0.9500,0.9991,NO,N/A,N/A,VISIBLE,VISIBLE,False,False,False,False,NO_MASK
istockphoto_2258622635_640_adpp_is_t00000_f000034_jpg.rf.J2gvPIZOWiShMaGcDC4X.jpg,1,0.9131,"[119.57232666015625, 19.301103591918945, 412.0761413574219, 430.5651550292969]",NO,N/A,N/A,NO,N/A,N/A,VISIBLE,VISIBLE,False,False,False,True,NO_HELMET_AND_MASK
istockphoto_2258622635_640_adpp_is_t00000_f000034_jpg.rf.J2gvPIZOWiShMaGcDC4X.jpg,2,0.8903,"[120.74862670898438, 23.898252487182617, 276.1305847167969, 429.9136657714844]",YES,0.2975,0.9736,NO,N/A,N/A,VISIBLE,VISIBLE,False,False,False,True,NO_MASK
istockphoto_2258622635_640_adpp_is_t00000_f000034_jpg.rf.J2gvPIZOWiShMaGcDC4X.jpg,3,0.7385,"[230.61082458496094, 31.359289169311523, 405.6181335449219, 425.9898986816406]",YES,0.7480,0.9930,NO,N/A,N/A,VISIBLE,VISIBLE,False,False,False,False,NO_MASK
istockphoto_2258622635_640_adpp_is_t00001_f000051_jpg.rf.mAO4YU5CS9tK3jTZhhHS.jpg,1,0.6120,"[0.0, 5.0780863761901855, 95.24214935302734, 430.3199462890625]",NO,N/A,N/A,NO,N/A,N/A,VISIBLE,VISIBLE,True,False,False,True,NO_HELMET_AND_MASK
istockphoto_2258622635_640_adpp_is_t00001_f000051_jpg.rf.mAO4YU5CS9tK3jTZhhHS.jpg,2,0.8886,"[113.58808898925781, 23.3619441986084, 397.0378723144531, 430.6773681640625]",NO,N/A,N/A,NO,N/A,N/A,VISIBLE,VISIBLE,False,False,False,True,NO_HELMET_AND_MASK
istockphoto_2258622635_640_adpp_is_t00001_f000051_jpg.rf.mAO4YU5CS9tK3jTZhhHS.jpg,3,0.5292,"[116.60224151611328, 30.86762809753418, 286.7742614746094, 430.7176818847656]",YES,0.4508,0.9800,NO,N/A,N/A,VISIBLE,VISIBLE,False,False,False,True,NO_MASK
istockphoto_2258622635_640_adpp_is_t00001_f000051_jpg.rf.mAO4YU5CS9tK3jTZhhHS.jpg,4,0.5549,"[207.38746643066406, 38.81267547607422, 398.699462890625, 429.2812805175781]",YES,0.6647,0.9942,YES,0.2242,0.9758,VISIBLE,VISIBLE,False,False,False,True,SAFE
istockphoto_2258622635_640_adpp_is_t00001_f000051_jpg.rf.mAO4YU5CS9tK3jTZhhHS.jpg,5,0.5397,"[385.0318603515625, 2.391591787338257, 757.814697265625, 432.0]",NO,N/A,N/A,NO,N/A,N/A,VISIBLE,VISIBLE,False,False,True,True,NO_HELMET_AND_MASK
istockphoto_2258622635_640_adpp_is_t00001_f000068_jpg.rf.Ts5g3BGKYh0vvBEPc2v8.jpg,1,0.7614,"[0.0, 5.419424057006836, 98.65637969970703, 430.3289489746094]",NO,N/A,N/A,NO,N/A,N/A,VISIBLE,VISIBLE,True,False,False,True,NO_HELMET_AND_MASK
istockphoto_2258622635_640_adpp_is_t00001_f000068_jpg.rf.Ts5g3BGKYh0vvBEPc2v8.jpg,2,0.8369,"[119.82231903076172, 25.669160842895508, 376.4815368652344, 430.0829772949219]",NO,N/A,N/A,NO,N/A,N/A,VISIBLE,VISIBLE,False,False,False,True,NO_HELMET_AND_MASK
istockphoto_2258622635_640_adpp_is_t00001_f000068_jpg.rf.Ts5g3BGKYh0vvBEPc2v8.jpg,3,0.8300,"[120.89458465576172, 33.7796516418457, 273.2124328613281, 429.2180480957031]",NO,N/A,N/A,NO,N/A,N/A,VISIBLE,VISIBLE,False,False,False,True,NO_HELMET_AND_MASK
istockphoto_2258622635_640_adpp_is_t00001_f000068_jpg.rf.Ts5g3BGKYh0vvBEPc2v8.jpg,4,0.7884,"[202.50738525390625, 37.01395034790039, 377.27972412109375, 427.1610412597656]",YES,0.5946,0.9940,YES,0.2413,0.9757,VISIBLE,VISIBLE,False,False,False,False,SAFE
istockphoto_2258622635_640_adpp_is_t00001_f000068_jpg.rf.Ts5g3BGKYh0vvBEPc2v8.jpg,5,0.5399,"[390.5061340332031, 2.2478320598602295, 762.40283203125, 428.7797546386719]",NO,N/A,N/A,NO,N/A,N/A,VISIBLE,VISIBLE,False,False,True,False,NO_HELMET_AND_MASK
istockphoto_2258622635_640_adpp_is_t00001_f000085_jpg.rf.fDzh5wMkC2vfx3QX3Q8v.jpg,1,0.8421,"[0.0, 2.752500057220459, 111.07071685791016, 429.5333251953125]",NO,N/A,N/A,NO,N/A,N/A,VISIBLE,VISIBLE,True,False,True,True,NO_HELMET_AND_MASK
istockphoto_2258622635_640_adpp_is_t00001_f000085_jpg.rf.fDzh5wMkC2vfx3QX3Q8v.jpg,2,0.7904,"[127.97659301757812, 46.954280853271484, 386.599365234375, 430.4364929199219]",YES,0.3421,0.9345,NO,N/A,N/A,VISIBLE,VISIBLE,False,False,False,True,NO_MASK
istockphoto_2258622635_640_adpp_is_t00001_f000085_jpg.rf.fDzh5wMkC2vfx3QX3Q8v.jpg,3,0.5341,"[206.40716552734375, 44.41330337524414, 339.9593200683594, 367.47869873046875]",NO,N/A,N/A,NO,N/A,N/A,VISIBLE,VISIBLE,False,False,False,False,NO_HELMET_AND_MASK
istockphoto_2258622635_640_adpp_is_t00001_f000085_jpg.rf.fDzh5wMkC2vfx3QX3Q8v.jpg,4,0.7815,"[207.3246307373047, 44.800960540771484, 396.5045166015625, 427.67291259765625]",YES,0.6532,0.9755,NO,N/A,N/A,VISIBLE,VISIBLE,False,False,False,False,NO_MASK
istockphoto_2258622635_640_adpp_is_t00001_f000085_jpg.rf.fDzh5wMkC2vfx3QX3Q8v.jpg,5,0.8740,"[369.82696533203125, 2.547041177749634, 757.0557861328125, 430.438232421875]",NO,N/A,N/A,NO,N/A,N/A,VISIBLE,VISIBLE,False,False,True,True,NO_HELMET_AND_MASK
istockphoto_2258622635_640_adpp_is_t00002_f000102_jpg.rf.3q7PyKS4Bp6bg1AmunE1.jpg,1,0.7381,"[0.0, 3.3757033348083496, 115.01692962646484, 429.2642822265625]",NO,N/A,N/A,NO,N/A,N/A,VISIBLE,VISIBLE,True,False,False,True,NO_HELMET_AND_MASK
istockphoto_2258622635_640_adpp_is_t00002_f000102_jpg.rf.3q7PyKS4Bp6bg1AmunE1.jpg,2,0.8106,"[140.7373809814453, 50.464263916015625, 351.7316589355469, 430.6109313964844]",YES,0.3535,0.9566,YES,0.2484,0.9797,VISIBLE,VISIBLE,False,False,False,True,SAFE
istockphoto_2258622635_640_adpp_is_t00002_f000102_jpg.rf.3q7PyKS4Bp6bg1AmunE1.jpg,3,0.6559,"[223.6066436767578, 46.492618560791016, 322.2508850097656, 368.5727844238281]",NO,N/A,N/A,NO,N/A,N/A,VISIBLE,VISIBLE,False,False,False,False,NO_HELMET_AND_MASK
istockphoto_2258622635_640_adpp_is_t00002_f000102_jpg.rf.3q7PyKS4Bp6bg1AmunE1.jpg,4,0.8101,"[231.0753631591797, 47.55244827270508, 407.62506103515625, 428.0286560058594]",YES,0.6794,0.9473,NO,N/A,N/A,VISIBLE,VISIBLE,False,False,False,False,NO_MASK
istockphoto_2258622635_640_adpp_is_t00002_f000102_jpg.rf.3q7PyKS4Bp6bg1AmunE1.jpg,5,0.8632,"[373.47271728515625, 2.2226953506469727, 756.0990600585938, 431.59918212890625]",NO,N/A,N/A,NO,N/A,N/A,VISIBLE,VISIBLE,False,False,True,True,NO_HELMET_AND_MASK
istockphoto_2258622635_640_adpp_is_t00002_f000119_jpg.rf.sExXTRUD12G3exI54dXe.jpg,1,0.5589,"[0.0, 2.267871141433716, 124.82192993164062, 432.0]",NO,N/A,N/A,NO,N/A,N/A,VISIBLE,VISIBLE,True,False,True,True,NO_HELMET_AND_MASK
istockphoto_2258622635_640_adpp_is_t00002_f000119_jpg.rf.sExXTRUD12G3exI54dXe.jpg,2,0.8809,"[155.84579467773438, 61.471920013427734, 364.6259765625, 430.0423278808594]",NO,N/A,N/A,NO,N/A,N/A,VISIBLE,VISIBLE,False,False,False,True,NO_HELMET_AND_MASK
istockphoto_2258622635_640_adpp_is_t00002_f000119_jpg.rf.sExXTRUD12G3exI54dXe.jpg,3,0.7582,"[242.48556518554688, 58.39331817626953, 403.2668151855469, 429.2499084472656]",NO,N/A,N/A,NO,N/A,N/A,VISIBLE,VISIBLE,False,False,False,True,NO_HELMET_AND_MASK
istockphoto_2258622635_640_adpp_is_t00002_f000119_jpg.rf.sExXTRUD12G3exI54dXe.jpg,4,0.8268,"[244.88096618652344, 60.922603607177734, 348.3411560058594, 421.9857482910156]",YES,0.6635,0.9821,NO,N/A,N/A,VISIBLE,VISIBLE,False,False,False,False,NO_MASK
istockphoto_2258622635_640_adpp_is_t00002_f000119_jpg.rf.sExXTRUD12G3exI54dXe.jpg,5,0.7332,"[407.5543518066406, 2.517832040786743, 762.0689086914062, 431.4823913574219]",NO,N/A,N/A,NO,N/A,N/A,VISIBLE,VISIBLE,False,False,True,True,NO_HELMET_AND_MASK
istockphoto_2258622635_640_adpp_is_t00003_f000187_jpg.rf.XfufOVt4XOuERj3dEhUu.jpg,1,0.8199,"[145.2604217529297, 61.19206237792969, 364.2884216308594, 430.5854797363281]",YES,0.3631,0.9451,NO,N/A,N/A,VISIBLE,VISIBLE,False,False,False,True,NO_MASK
istockphoto_2258622635_640_adpp_is_t00003_f000187_jpg.rf.XfufOVt4XOuERj3dEhUu.jpg,2,0.8685,"[271.6808776855469, 50.95170593261719, 436.3641357421875, 431.3027648925781]",YES,0.6185,0.9789,NO,N/A,N/A,VISIBLE,VISIBLE,False,False,False,True,NO_MASK
istockphoto_2258622635_640_adpp_is_t00003_f000187_jpg.rf.XfufOVt4XOuERj3dEhUu.jpg,3,0.7365,"[422.7586975097656, 2.3433985710144043, 767.4200439453125, 428.4184875488281]",NO,N/A,N/A,NO,N/A,N/A,VISIBLE,VISIBLE,False,True,True,False,NO_HELMET_AND_MASK
istockphoto_2258622635_640_adpp_is_t00004_f000204_jpg.rf.8Rti5Us5Ec7jfNJHMC8o.jpg,1,0.9377,"[146.09315490722656, 67.05744171142578, 382.236572265625, 430.5960388183594]",NO,N/A,N/A,NO,N/A,N/A,VISIBLE,VISIBLE,False,False,False,True,NO_HELMET_AND_MASK
istockphoto_2258622635_640_adpp_is_t00004_f000204_jpg.rf.8Rti5Us5Ec7jfNJHMC8o.jpg,2,0.9354,"[262.6781311035156, 61.999366760253906, 426.5040283203125, 429.59136962890625]",YES,0.4534,0.9880,NO,N/A,N/A,VISIBLE,VISIBLE,False,False,False,True,NO_MASK
istockphoto_2258622635_640_adpp_is_t00004_f000204_jpg.rf.8Rti5Us5Ec7jfNJHMC8o.jpg,3,0.6440,"[420.6954040527344, 2.8492090702056885, 767.9837646484375, 428.74993896484375]",NO,N/A,N/A,NO,N/A,N/A,VISIBLE,VISIBLE,False,True,True,False,NO_HELMET_AND_MASK
istockphoto_2258622635_640_adpp_is_t00004_f000238_jpg.rf.7L0nct1ggUCgdFvveQWY.jpg,1,0.5630,"[0.24317139387130737, 0.0, 121.92037963867188, 432.0]",UNKNOWN,N/A,N/A,NO,N/A,N/A,CROPPED,VISIBLE,True,False,True,True,UNCERTAIN
istockphoto_2258622635_640_adpp_is_t00004_f000238_jpg.rf.7L0nct1ggUCgdFvveQWY.jpg,2,0.9177,"[142.3843994140625, 50.6901741027832, 332.66412353515625, 430.6391296386719]",YES,0.3863,0.9645,NO,N/A,N/A,VISIBLE,VISIBLE,False,False,False,True,NO_MASK
istockphoto_2258622635_640_adpp_is_t00004_f000238_jpg.rf.7L0nct1ggUCgdFvveQWY.jpg,3,0.7266,"[143.01382446289062, 44.09074401855469, 411.3209228515625, 430.41229248046875]",NO,N/A,N/A,NO,N/A,N/A,VISIBLE,VISIBLE,False,False,False,True,NO_HELMET_AND_MASK
istockphoto_2258622635_640_adpp_is_t00004_f000238_jpg.rf.7L0nct1ggUCgdFvveQWY.jpg,4,0.8732,"[250.35006713867188, 50.42573928833008, 417.84417724609375, 430.5130920410156]",YES,0.3757,0.9796,NO,N/A,N/A,VISIBLE,VISIBLE,False,False,False,True,NO_MASK
istockphoto_2258622635_640_adpp_is_t00004_f000238_jpg.rf.7L0nct1ggUCgdFvveQWY.jpg,5,0.7151,"[411.2030944824219, 2.380136728286743, 765.6265258789062, 431.60400390625]",NO,N/A,N/A,NO,N/A,N/A,VISIBLE,VISIBLE,False,True,True,True,NO_HELMET_AND_MASK
istockphoto_2258622635_640_adpp_is_t00005_f000289_jpg.rf.ErWc5Qq28MmxdDoSjkRT.jpg,1,0.6249,"[0.0, 2.6026759147644043, 126.56836700439453, 432.0]",NO,N/A,N/A,NO,N/A,N/A,VISIBLE,VISIBLE,True,False,True,True,NO_HELMET_AND_MASK
istockphoto_2258622635_640_adpp_is_t00005_f000289_jpg.rf.ErWc5Qq28MmxdDoSjkRT.jpg,2,0.8652,"[138.12078857421875, 61.20553970336914, 428.3773498535156, 430.9859619140625]",NO,N/A,N/A,NO,N/A,N/A,VISIBLE,VISIBLE,False,False,False,True,NO_HELMET_AND_MASK
istockphoto_2258622635_640_adpp_is_t00005_f000289_jpg.rf.ErWc5Qq28MmxdDoSjkRT.jpg,3,0.8843,"[138.48548889160156, 62.45238494873047, 325.792236328125, 430.4073791503906]",YES,0.4049,0.9554,NO,N/A,N/A,VISIBLE,VISIBLE,False,False,False,True,NO_MASK
istockphoto_2258622635_640_adpp_is_t00005_f000289_jpg.rf.ErWc5Qq28MmxdDoSjkRT.jpg,4,0.7531,"[238.7953643798828, 57.11449432373047, 427.9227600097656, 431.2640686035156]",YES,0.8045,0.9908,NO,N/A,N/A,VISIBLE,VISIBLE,False,False,False,True,NO_MASK
istockphoto_2258622635_640_adpp_is_t00005_f000289_jpg.rf.ErWc5Qq28MmxdDoSjkRT.jpg,5,0.5272,"[408.4898986816406, 4.557187557220459, 767.1776123046875, 432.0]",NO,N/A,N/A,NO,N/A,N/A,VISIBLE,VISIBLE,False,True,False,True,NO_HELMET_AND_MASK
istockphoto_2258622635_640_adpp_is_t00009_f000459_jpg.rf.kDBWJrlKwchuG5ICqS7e.jpg,1,0.9125,"[150.19735717773438, 53.199745178222656, 330.7323913574219, 432.0]",YES,0.3776,0.9515,NO,N/A,N/A,VISIBLE,VISIBLE,False,False,False,True,NO_MASK
istockphoto_2258622635_640_adpp_is_t00009_f000459_jpg.rf.kDBWJrlKwchuG5ICqS7e.jpg,2,0.8141,"[260.581298828125, 52.104759216308594, 452.13604736328125, 430.79248046875]",YES,0.7536,0.9723,NO,N/A,N/A,VISIBLE,VISIBLE,False,False,False,True,NO_MASK
istockphoto_2258622635_640_adpp_is_t00009_f000459_jpg.rf.kDBWJrlKwchuG5ICqS7e.jpg,3,0.7609,"[409.1321716308594, 4.803867340087891, 765.531494140625, 432.0]",NO,N/A,N/A,NO,N/A,N/A,VISIBLE,VISIBLE,False,True,False,True,NO_HELMET_AND_MASK
no_safety_t00-00_f0000_jpg.rf.ieaoDZdwuvok8QUyeq7J.jpg,1,0.6264,"[229.21014404296875, 1.2422754764556885, 450.5649108886719, 431.4691467285156]",UNKNOWN,N/A,N/A,NO,N/A,N/A,CROPPED,VISIBLE,False,False,True,True,UNCERTAIN
no_safety_t00-00_f0000_jpg.rf.ieaoDZdwuvok8QUyeq7J.jpg,2,0.9355,"[517.8359985351562, 106.44017791748047, 768.0, 431.0809020996094]",NO,N/A,N/A,NO,N/A,N/A,VISIBLE,VISIBLE,False,True,False,True,NO_HELMET_AND_MASK
no_safety_t00-23_f0007_jpg.rf.kC70RQoMztyIvBkzWRIH.jpg,1,0.7457,"[225.57821655273438, 3.2824513912200928, 453.3940124511719, 430.64337158203125]",NO,N/A,N/A,NO,N/A,N/A,VISIBLE,VISIBLE,False,False,False,True,NO_HELMET_AND_MASK
no_safety_t00-23_f0007_jpg.rf.kC70RQoMztyIvBkzWRIH.jpg,2,0.5462,"[526.9278564453125, 108.0866928100586, 691.7778930664062, 428.91937255859375]",NO,N/A,N/A,NO,N/A,N/A,VISIBLE,VISIBLE,False,False,False,False,NO_HELMET_AND_MASK
no_safety_t00-23_f0007_jpg.rf.kC70RQoMztyIvBkzWRIH.jpg,3,0.9109,"[539.3679809570312, 108.76539611816406, 768.0, 430.28973388671875]",NO,N/A,N/A,NO,N/A,N/A,VISIBLE,VISIBLE,False,True,False,True,NO_HELMET_AND_MASK
no_safety_t00-47_f0014_jpg.rf.OwtQ0ByMXxnn0ZRUScLH.jpg,1,0.7596,"[232.41847229003906, 6.25916051864624, 454.3819885253906, 429.69305419921875]",NO,N/A,N/A,NO,N/A,N/A,VISIBLE,VISIBLE,False,False,False,True,NO_HELMET_AND_MASK
no_safety_t00-47_f0014_jpg.rf.OwtQ0ByMXxnn0ZRUScLH.jpg,2,0.6493,"[544.3257446289062, 116.37984466552734, 671.5632934570312, 430.88702392578125]",NO,N/A,N/A,NO,N/A,N/A,VISIBLE,VISIBLE,False,False,False,True,NO_HELMET_AND_MASK
no_safety_t00-47_f0014_jpg.rf.OwtQ0ByMXxnn0ZRUScLH.jpg,3,0.9293,"[592.1512451171875, 111.6188735961914, 768.0, 430.4985656738281]",NO,N/A,N/A,NO,N/A,N/A,VISIBLE,VISIBLE,False,True,False,True,NO_HELMET_AND_MASK
no_safety_t00-93_f0028_jpg.rf.lSLmGCgnqRNrkJSqGaAU.jpg,1,0.8132,"[235.84791564941406, 5.362441539764404, 457.5770263671875, 427.08306884765625]",NO,N/A,N/A,NO,N/A,N/A,VISIBLE,VISIBLE,False,False,False,False,NO_HELMET_AND_MASK
no_safety_t00-93_f0028_jpg.rf.lSLmGCgnqRNrkJSqGaAU.jpg,2,0.6922,"[553.1876220703125, 122.66596221923828, 670.23681640625, 431.7533264160156]",NO,N/A,N/A,NO,N/A,N/A,VISIBLE,VISIBLE,False,False,False,True,NO_HELMET_AND_MASK
no_safety_t00-93_f0028_jpg.rf.lSLmGCgnqRNrkJSqGaAU.jpg,3,0.9165,"[567.4241333007812, 119.98494720458984, 768.0, 431.0464172363281]",NO,N/A,N/A,NO,N/A,N/A,VISIBLE,VISIBLE,False,True,False,True,NO_HELMET_AND_MASK
no_safety_t01-17_f0035_jpg.rf.kVbh2ESIMt8L8hVWBU0J.jpg,1,0.8298,"[238.5623016357422, 5.692324638366699, 459.5666809082031, 426.3340148925781]",NO,N/A,N/A,NO,N/A,N/A,VISIBLE,VISIBLE,False,False,False,False,NO_HELMET_AND_MASK
no_safety_t01-17_f0035_jpg.rf.kVbh2ESIMt8L8hVWBU0J.jpg,2,0.6438,"[557.0647583007812, 125.89057922363281, 673.0982055664062, 432.0]",NO,N/A,N/A,NO,N/A,N/A,VISIBLE,VISIBLE,False,False,False,True,NO_HELMET_AND_MASK
no_safety_t01-17_f0035_jpg.rf.kVbh2ESIMt8L8hVWBU0J.jpg,3,0.9519,"[573.2456665039062, 121.370849609375, 768.0, 431.1593017578125]",NO,N/A,N/A,NO,N/A,N/A,VISIBLE,VISIBLE,False,True,False,True,NO_HELMET_AND_MASK
no_safety_t01-40_f0042_jpg.rf.GY2RjyzdQixW828IA5wO.jpg,1,0.8798,"[240.33837890625, 9.980917930603027, 459.6441345214844, 425.4253234863281]",NO,N/A,N/A,NO,N/A,N/A,VISIBLE,VISIBLE,False,False,False,False,NO_HELMET_AND_MASK
no_safety_t01-40_f0042_jpg.rf.GY2RjyzdQixW828IA5wO.jpg,2,0.7955,"[542.9036865234375, 131.04457092285156, 676.9293823242188, 431.407470703125]",NO,N/A,N/A,NO,N/A,N/A,VISIBLE,VISIBLE,False,False,False,True,NO_HELMET_AND_MASK
no_safety_t01-40_f0042_jpg.rf.GY2RjyzdQixW828IA5wO.jpg,3,0.9328,"[585.7344360351562, 124.58898162841797, 768.0, 431.2462463378906]",NO,N/A,N/A,NO,N/A,N/A,VISIBLE,VISIBLE,False,True,False,True,NO_HELMET_AND_MASK
no_safety_t02-34_f0070_jpg.rf.VKeU9P600jAwco5mqlsZ.jpg,1,0.5646,"[210.60568237304688, 107.89810943603516, 461.5178527832031, 429.1767883300781]",NO,N/A,N/A,NO,N/A,N/A,VISIBLE,VISIBLE,False,False,False,True,NO_HELMET_AND_MASK
no_safety_t02-34_f0070_jpg.rf.VKeU9P600jAwco5mqlsZ.jpg,2,0.9650,"[561.72119140625, 127.65327453613281, 768.0, 431.28741455078125]",NO,N/A,N/A,NO,N/A,N/A,VISIBLE,VISIBLE,False,True,False,True,NO_HELMET_AND_MASK
no_safety_t02-34_f0070_jpg.rf.VKeU9P600jAwco5mqlsZ.jpg,3,0.8068,"[562.515380859375, 140.02517700195312, 675.7028198242188, 432.0]",NO,N/A,N/A,NO,N/A,N/A,VISIBLE,VISIBLE,False,False,False,True,NO_HELMET_AND_MASK
no_safety_t02-80_f0084_jpg.rf.H2ozPYxyhiporzmIP2pT.jpg,1,0.9332,"[208.25613403320312, 108.73103332519531, 462.26544189453125, 431.4288330078125]",NO,N/A,N/A,NO,N/A,N/A,VISIBLE,VISIBLE,False,False,False,True,NO_HELMET_AND_MASK
no_safety_t02-80_f0084_jpg.rf.H2ozPYxyhiporzmIP2pT.jpg,2,0.7083,"[557.1654052734375, 140.7476806640625, 676.5614624023438, 432.0]",NO,N/A,N/A,NO,N/A,N/A,VISIBLE,VISIBLE,False,False,False,True,NO_HELMET_AND_MASK
no_safety_t02-80_f0084_jpg.rf.H2ozPYxyhiporzmIP2pT.jpg,3,0.9626,"[560.8558959960938, 128.32379150390625, 768.0, 431.4883117675781]",NO,N/A,N/A,NO,N/A,N/A,VISIBLE,VISIBLE,False,True,False,True,NO_HELMET_AND_MASK
no_safety_t03-00_f0090_jpg.rf.4u47KYXT72ycWFQBKC1d.jpg,1,0.9485,"[216.546630859375, 109.34500885009766, 456.29168701171875, 431.5076599121094]",NO,N/A,N/A,NO,N/A,N/A,VISIBLE,VISIBLE,False,False,False,True,NO_HELMET_AND_MASK
no_safety_t03-00_f0090_jpg.rf.4u47KYXT72ycWFQBKC1d.jpg,2,0.7291,"[559.3134765625, 140.8313751220703, 676.4365234375, 432.0]",NO,N/A,N/A,NO,N/A,N/A,VISIBLE,VISIBLE,False,False,False,True,NO_HELMET_AND_MASK
no_safety_t03-00_f0090_jpg.rf.4u47KYXT72ycWFQBKC1d.jpg,3,0.9625,"[561.7817993164062, 129.14395141601562, 768.0, 431.433349609375]",NO,N/A,N/A,NO,N/A,N/A,VISIBLE,VISIBLE,False,True,False,True,NO_HELMET_AND_MASK
no_safety_t03-27_f0098_jpg.rf.4fDwIy7bKmQpsReCosHU.jpg,1,0.9153,"[206.9713592529297, 110.47359466552734, 456.5212097167969, 431.9452819824219]",NO,N/A,N/A,NO,N/A,N/A,VISIBLE,VISIBLE,False,False,False,True,NO_HELMET_AND_MASK
no_safety_t03-27_f0098_jpg.rf.4fDwIy7bKmQpsReCosHU.jpg,2,0.7077,"[554.5762939453125, 142.81651306152344, 677.7297973632812, 432.0]",NO,N/A,N/A,NO,N/A,N/A,VISIBLE,VISIBLE,False,False,False,True,NO_HELMET_AND_MASK
no_safety_t03-27_f0098_jpg.rf.4fDwIy7bKmQpsReCosHU.jpg,3,0.9449,"[559.418212890625, 131.34371948242188, 768.0, 431.501953125]",NO,N/A,N/A,NO,N/A,N/A,VISIBLE,VISIBLE,False,True,False,True,NO_HELMET_AND_MASK
no_safety_t03-50_f0105_jpg.rf.OZg4aYivsKJD7eI4cl9U.jpg,1,0.9330,"[225.50955200195312, 114.79367065429688, 455.2830505371094, 432.0]",NO,N/A,N/A,NO,N/A,N/A,VISIBLE,VISIBLE,False,False,False,True,NO_HELMET_AND_MASK
no_safety_t03-50_f0105_jpg.rf.OZg4aYivsKJD7eI4cl9U.jpg,2,0.9485,"[562.0224609375, 132.30050659179688, 768.0, 431.4130554199219]",NO,N/A,N/A,NO,N/A,N/A,VISIBLE,VISIBLE,False,True,False,True,NO_HELMET_AND_MASK
no_safety_t03-50_f0105_jpg.rf.OZg4aYivsKJD7eI4cl9U.jpg,3,0.6815,"[562.8383178710938, 143.35638427734375, 676.8466796875, 431.5681457519531]",NO,N/A,N/A,NO,N/A,N/A,VISIBLE,VISIBLE,False,False,False,True,NO_HELMET_AND_MASK
no_safety_t03-74_f0112_jpg.rf.sios0IdCoXYGflrdvoCF.jpg,1,0.9357,"[221.64915466308594, 118.85057067871094, 455.3519592285156, 432.0]",NO,N/A,N/A,NO,N/A,N/A,VISIBLE,VISIBLE,False,False,False,True,NO_HELMET_AND_MASK
no_safety_t03-74_f0112_jpg.rf.sios0IdCoXYGflrdvoCF.jpg,2,0.5888,"[561.4265747070312, 145.0720977783203, 677.4389038085938, 430.8603820800781]",NO,N/A,N/A,NO,N/A,N/A,VISIBLE,VISIBLE,False,False,False,True,NO_HELMET_AND_MASK
no_safety_t03-74_f0112_jpg.rf.sios0IdCoXYGflrdvoCF.jpg,3,0.9562,"[564.1100463867188, 133.37954711914062, 768.0, 431.3638000488281]",NO,N/A,N/A,NO,N/A,N/A,VISIBLE,VISIBLE,False,True,False,True,NO_HELMET_AND_MASK
no_safety_t04-90_f0147_jpg.rf.ruDCxq5sMg9Rwl3B3WNE.jpg,1,0.9381,"[224.5037078857422, 118.2345199584961, 462.4984130859375, 431.5765075683594]",NO,N/A,N/A,NO,N/A,N/A,VISIBLE,VISIBLE,False,False,False,True,NO_HELMET_AND_MASK
no_safety_t04-90_f0147_jpg.rf.ruDCxq5sMg9Rwl3B3WNE.jpg,2,0.8307,"[557.8590698242188, 141.34185791015625, 694.034423828125, 430.59857177734375]",NO,N/A,N/A,NO,N/A,N/A,VISIBLE,VISIBLE,False,False,False,True,NO_HELMET_AND_MASK
no_safety_t04-90_f0147_jpg.rf.ruDCxq5sMg9Rwl3B3WNE.jpg,3,0.8540,"[558.9256591796875, 140.00924682617188, 767.9734497070312, 430.11810302734375]",NO,N/A,N/A,NO,N/A,N/A,VISIBLE,VISIBLE,False,True,False,True,NO_HELMET_AND_MASK
no_safety_t04-90_f0147_jpg.rf.ruDCxq5sMg9Rwl3B3WNE.jpg,4,0.7323,"[629.2353515625, 136.44493103027344, 768.0, 430.3256530761719]",NO,N/A,N/A,NO,N/A,N/A,VISIBLE,VISIBLE,False,True,False,True,NO_HELMET_AND_MASK
no_safety_t05-51_f0165_jpg.rf.bx15rzUDSkR7rdzZ0Jmg.jpg,1,0.9215,"[224.96266174316406, 113.26374816894531, 461.5994873046875, 431.7164001464844]",NO,N/A,N/A,NO,N/A,N/A,VISIBLE,VISIBLE,False,False,False,True,NO_HELMET_AND_MASK
no_safety_t05-51_f0165_jpg.rf.bx15rzUDSkR7rdzZ0Jmg.jpg,2,0.6475,"[564.9776000976562, 139.0829315185547, 673.2907104492188, 431.25006103515625]",NO,N/A,N/A,NO,N/A,N/A,VISIBLE,VISIBLE,False,False,False,True,NO_HELMET_AND_MASK
no_safety_t05-51_f0165_jpg.rf.bx15rzUDSkR7rdzZ0Jmg.jpg,3,0.9348,"[587.466796875, 134.25662231445312, 768.0, 431.0416564941406]",NO,N/A,N/A,NO,N/A,N/A,VISIBLE,VISIBLE,False,True,False,True,NO_HELMET_AND_MASK
no_safety_t05-61_f0168_jpg.rf.lxCeGUZXiUStYaCXFupS.jpg,1,0.9381,"[227.0262451171875, 113.12567138671875, 462.12518310546875, 432.0]",NO,N/A,N/A,NO,N/A,N/A,VISIBLE,VISIBLE,False,False,False,True,NO_HELMET_AND_MASK
no_safety_t05-61_f0168_jpg.rf.lxCeGUZXiUStYaCXFupS.jpg,2,0.6314,"[564.2547607421875, 138.10794067382812, 674.651611328125, 431.8997497558594]",NO,N/A,N/A,NO,N/A,N/A,VISIBLE,VISIBLE,False,False,False,True,NO_HELMET_AND_MASK
no_safety_t05-61_f0168_jpg.rf.lxCeGUZXiUStYaCXFupS.jpg,3,0.9214,"[585.3577880859375, 135.1382598876953, 768.0, 430.9713134765625]",NO,N/A,N/A,NO,N/A,N/A,VISIBLE,VISIBLE,False,True,False,True,NO_HELMET_AND_MASK
no_safety_t05-84_f0175_jpg.rf.6ze36rZ0zVjhTaAS4Xrb.jpg,1,0.9455,"[226.23043823242188, 111.47826385498047, 462.7069396972656, 431.619873046875]",NO,N/A,N/A,NO,N/A,N/A,VISIBLE,VISIBLE,False,False,False,True,NO_HELMET_AND_MASK
no_safety_t05-84_f0175_jpg.rf.6ze36rZ0zVjhTaAS4Xrb.jpg,2,0.6547,"[561.4176635742188, 136.3551483154297, 680.7061157226562, 431.9737548828125]",NO,N/A,N/A,NO,N/A,N/A,VISIBLE,VISIBLE,False,False,False,True,NO_HELMET_AND_MASK
no_safety_t05-84_f0175_jpg.rf.6ze36rZ0zVjhTaAS4Xrb.jpg,3,0.9124,"[566.6504516601562, 135.35386657714844, 768.0, 431.22100830078125]",NO,N/A,N/A,NO,N/A,N/A,VISIBLE,VISIBLE,False,True,False,True,NO_HELMET_AND_MASK
no_safety_t06-77_f0203_jpg.rf.fVspZAR9vPylB1ky2Lh1.jpg,1,0.9303,"[225.7666473388672, 109.19603729248047, 463.55157470703125, 432.0]",NO,N/A,N/A,NO,N/A,N/A,VISIBLE,VISIBLE,False,False,False,True,NO_HELMET_AND_MASK
no_safety_t06-77_f0203_jpg.rf.fVspZAR9vPylB1ky2Lh1.jpg,2,0.6722,"[561.6896362304688, 136.1038818359375, 681.81005859375, 431.32843017578125]",NO,N/A,N/A,NO,N/A,N/A,VISIBLE,VISIBLE,False,False,False,True,NO_HELMET_AND_MASK
no_safety_t06-77_f0203_jpg.rf.fVspZAR9vPylB1ky2Lh1.jpg,3,0.8957,"[569.0974731445312, 134.7740020751953, 768.0, 431.2308044433594]",NO,N/A,N/A,NO,N/A,N/A,VISIBLE,VISIBLE,False,True,False,True,NO_HELMET_AND_MASK
no_safety_t06-77_f0203_jpg.rf.fVspZAR9vPylB1ky2Lh1.jpg,4,0.7185,"[637.6143798828125, 131.61083984375, 768.0, 431.1893005371094]",NO,N/A,N/A,NO,N/A,N/A,VISIBLE,VISIBLE,False,True,False,True,NO_HELMET_AND_MASK
no_safety_t08-41_f0252_jpg.rf.esHL5w1vGJTXLMuJNqIF.jpg,1,0.9384,"[196.61903381347656, 106.5387954711914, 463.71063232421875, 431.0516052246094]",NO,N/A,N/A,NO,N/A,N/A,VISIBLE,VISIBLE,False,False,False,True,NO_HELMET_AND_MASK
no_safety_t08-41_f0252_jpg.rf.esHL5w1vGJTXLMuJNqIF.jpg,2,0.7334,"[559.0560913085938, 124.45418548583984, 669.4423217773438, 388.7314147949219]",NO,N/A,N/A,NO,N/A,N/A,VISIBLE,VISIBLE,False,False,False,False,NO_HELMET_AND_MASK
no_safety_t08-41_f0252_jpg.rf.esHL5w1vGJTXLMuJNqIF.jpg,3,0.9359,"[594.4490966796875, 119.35834503173828, 768.0, 430.6433410644531]",NO,N/A,N/A,NO,N/A,N/A,VISIBLE,VISIBLE,False,True,False,True,NO_HELMET_AND_MASK
no_safety_t08-41_f0252_jpg.rf.esHL5w1vGJTXLMuJNqIF.jpg,4,0.5419,"[668.8031616210938, 168.74789428710938, 717.035888671875, 253.65455627441406]",NO,N/A,N/A,NO,N/A,N/A,VISIBLE,VISIBLE,False,False,False,False,NO_HELMET_AND_MASK
