image_name,source_video,timestamp_seconds,frame_number,width,height
10810476_hd_1920_1080_30fps_t00.00_f0000.jpg,10810476-hd_1920_1080_30fps.mp4,0.00,0,1920,1080
10810476_hd_1920_1080_30fps_t00.50_f0015.jpg,10810476-hd_1920_1080_30fps.mp4,0.50,15,1920,1080
10810476_hd_1920_1080_30fps_t01.00_f0030.jpg,10810476-hd_1920_1080_30fps.mp4,1.00,30,1920,1080
10810476_hd_1920_1080_30fps_t01.50_f0045.jpg,10810476-hd_1920_1080_30fps.mp4,1.50,45,1920,1080
10810476_hd_1920_1080_30fps_t02.00_f0060.jpg,10810476-hd_1920_1080_30fps.mp4,2.00,60,1920,1080
10810476_hd_1920_1080_30fps_t02.50_f0075.jpg,10810476-hd_1920_1080_30fps.mp4,2.50,75,1920,1080
10810476_hd_1920_1080_30fps_t03.00_f0090.jpg,10810476-hd_1920_1080_30fps.mp4,3.00,90,1920,1080
10810476_hd_1920_1080_30fps_t03.50_f0105.jpg,10810476-hd_1920_1080_30fps.mp4,3.50,105,1920,1080
10810476_hd_1920_1080_30fps_t04.00_f0120.jpg,10810476-hd_1920_1080_30fps.mp4,4.00,120,1920,1080
10810476_hd_1920_1080_30fps_t04.50_f0135.jpg,10810476-hd_1920_1080_30fps.mp4,4.50,135,1920,1080
10810476_hd_1920_1080_30fps_t05.00_f0150.jpg,10810476-hd_1920_1080_30fps.mp4,5.00,150,1920,1080
10810476_hd_1920_1080_30fps_t05.51_f0165.jpg,10810476-hd_1920_1080_30fps.mp4,5.51,165,1920,1080
10810476_hd_1920_1080_30fps_t06.01_f0180.jpg,10810476-hd_1920_1080_30fps.mp4,6.01,180,1920,1080
10810476_hd_1920_1080_30fps_t06.51_f0195.jpg,10810476-hd_1920_1080_30fps.mp4,6.51,195,1920,1080
10810476_hd_1920_1080_30fps_t07.01_f0210.jpg,10810476-hd_1920_1080_30fps.mp4,7.01,210,1920,1080
10810476_hd_1920_1080_30fps_t07.51_f0225.jpg,10810476-hd_1920_1080_30fps.mp4,7.51,225,1920,1080
10810476_hd_1920_1080_30fps_t08.01_f0240.jpg,10810476-hd_1920_1080_30fps.mp4,8.01,240,1920,1080
10810476_hd_1920_1080_30fps_t08.51_f0255.jpg,10810476-hd_1920_1080_30fps.mp4,8.51,255,1920,1080
10810476_hd_1920_1080_30fps_t09.01_f0270.jpg,10810476-hd_1920_1080_30fps.mp4,9.01,270,1920,1080
10810476_hd_1920_1080_30fps_t09.51_f0285.jpg,10810476-hd_1920_1080_30fps.mp4,9.51,285,1920,1080
10810476_hd_1920_1080_30fps_t10.01_f0300.jpg,10810476-hd_1920_1080_30fps.mp4,10.01,300,1920,1080
10810476_hd_1920_1080_30fps_t10.51_f0315.jpg,10810476-hd_1920_1080_30fps.mp4,10.51,315,1920,1080
10810476_hd_1920_1080_30fps_t11.01_f0330.jpg,10810476-hd_1920_1080_30fps.mp4,11.01,330,1920,1080
10810476_hd_1920_1080_30fps_t11.51_f0345.jpg,10810476-hd_1920_1080_30fps.mp4,11.51,345,1920,1080
10810476_hd_1920_1080_30fps_t12.01_f0360.jpg,10810476-hd_1920_1080_30fps.mp4,12.01,360,1920,1080
10810476_hd_1920_1080_30fps_t12.51_f0375.jpg,10810476-hd_1920_1080_30fps.mp4,12.51,375,1920,1080
10810476_hd_1920_1080_30fps_t13.01_f0390.jpg,10810476-hd_1920_1080_30fps.mp4,13.01,390,1920,1080
10810476_hd_1920_1080_30fps_t13.51_f0405.jpg,10810476-hd_1920_1080_30fps.mp4,13.51,405,1920,1080
10810476_hd_1920_1080_30fps_t14.01_f0420.jpg,10810476-hd_1920_1080_30fps.mp4,14.01,420,1920,1080
10810476_hd_1920_1080_30fps_t14.51_f0435.jpg,10810476-hd_1920_1080_30fps.mp4,14.51,435,1920,1080
10810476_hd_1920_1080_30fps_t15.02_f0450.jpg,10810476-hd_1920_1080_30fps.mp4,15.02,450,1920,1080
10810476_hd_1920_1080_30fps_t15.52_f0465.jpg,10810476-hd_1920_1080_30fps.mp4,15.52,465,1920,1080
10810476_hd_1920_1080_30fps_t16.02_f0480.jpg,10810476-hd_1920_1080_30fps.mp4,16.02,480,1920,1080
10810476_hd_1920_1080_30fps_t16.52_f0495.jpg,10810476-hd_1920_1080_30fps.mp4,16.52,495,1920,1080
10810476_hd_1920_1080_30fps_t17.02_f0510.jpg,10810476-hd_1920_1080_30fps.mp4,17.02,510,1920,1080
10810476_hd_1920_1080_30fps_t17.52_f0525.jpg,10810476-hd_1920_1080_30fps.mp4,17.52,525,1920,1080
10810476_hd_1920_1080_30fps_t18.02_f0540.jpg,10810476-hd_1920_1080_30fps.mp4,18.02,540,1920,1080
10810476_hd_1920_1080_30fps_t18.52_f0555.jpg,10810476-hd_1920_1080_30fps.mp4,18.52,555,1920,1080
10810476_hd_1920_1080_30fps_t19.02_f0570.jpg,10810476-hd_1920_1080_30fps.mp4,19.02,570,1920,1080
10810476_hd_1920_1080_30fps_t19.52_f0585.jpg,10810476-hd_1920_1080_30fps.mp4,19.52,585,1920,1080
10810476_hd_1920_1080_30fps_t20.02_f0600.jpg,10810476-hd_1920_1080_30fps.mp4,20.02,600,1920,1080
10810476_hd_1920_1080_30fps_t20.52_f0615.jpg,10810476-hd_1920_1080_30fps.mp4,20.52,615,1920,1080
10810476_hd_1920_1080_30fps_t21.02_f0630.jpg,10810476-hd_1920_1080_30fps.mp4,21.02,630,1920,1080
10810476_hd_1920_1080_30fps_t21.52_f0645.jpg,10810476-hd_1920_1080_30fps.mp4,21.52,645,1920,1080
10810476_hd_1920_1080_30fps_t22.02_f0660.jpg,10810476-hd_1920_1080_30fps.mp4,22.02,660,1920,1080
12984031_1920_1080_25fps_t00.00_f0000.jpg,12984031_1920_1080_25fps.mp4,0.00,0,1920,1080
12984031_1920_1080_25fps_t00.48_f0012.jpg,12984031_1920_1080_25fps.mp4,0.48,12,1920,1080
12984031_1920_1080_25fps_t00.96_f0024.jpg,12984031_1920_1080_25fps.mp4,0.96,24,1920,1080
12984031_1920_1080_25fps_t01.44_f0036.jpg,12984031_1920_1080_25fps.mp4,1.44,36,1920,1080
12984031_1920_1080_25fps_t01.92_f0048.jpg,12984031_1920_1080_25fps.mp4,1.92,48,1920,1080
12984031_1920_1080_25fps_t02.40_f0060.jpg,12984031_1920_1080_25fps.mp4,2.40,60,1920,1080
12984031_1920_1080_25fps_t02.88_f0072.jpg,12984031_1920_1080_25fps.mp4,2.88,72,1920,1080
12984031_1920_1080_25fps_t03.36_f0084.jpg,12984031_1920_1080_25fps.mp4,3.36,84,1920,1080
12984031_1920_1080_25fps_t03.84_f0096.jpg,12984031_1920_1080_25fps.mp4,3.84,96,1920,1080
12984031_1920_1080_25fps_t04.32_f0108.jpg,12984031_1920_1080_25fps.mp4,4.32,108,1920,1080
12984031_1920_1080_25fps_t04.80_f0120.jpg,12984031_1920_1080_25fps.mp4,4.80,120,1920,1080
12984031_1920_1080_25fps_t05.28_f0132.jpg,12984031_1920_1080_25fps.mp4,5.28,132,1920,1080
12984031_1920_1080_25fps_t05.76_f0144.jpg,12984031_1920_1080_25fps.mp4,5.76,144,1920,1080
12984031_1920_1080_25fps_t06.24_f0156.jpg,12984031_1920_1080_25fps.mp4,6.24,156,1920,1080
12984031_1920_1080_25fps_t06.72_f0168.jpg,12984031_1920_1080_25fps.mp4,6.72,168,1920,1080
12984031_1920_1080_25fps_t07.20_f0180.jpg,12984031_1920_1080_25fps.mp4,7.20,180,1920,1080
12984031_1920_1080_25fps_t07.68_f0192.jpg,12984031_1920_1080_25fps.mp4,7.68,192,1920,1080
12984031_1920_1080_25fps_t08.16_f0204.jpg,12984031_1920_1080_25fps.mp4,8.16,204,1920,1080
12984031_1920_1080_25fps_t08.64_f0216.jpg,12984031_1920_1080_25fps.mp4,8.64,216,1920,1080
12984031_1920_1080_25fps_t09.12_f0228.jpg,12984031_1920_1080_25fps.mp4,9.12,228,1920,1080
12984031_1920_1080_25fps_t09.60_f0240.jpg,12984031_1920_1080_25fps.mp4,9.60,240,1920,1080
12984031_1920_1080_25fps_t10.08_f0252.jpg,12984031_1920_1080_25fps.mp4,10.08,252,1920,1080
12984031_1920_1080_25fps_t10.56_f0264.jpg,12984031_1920_1080_25fps.mp4,10.56,264,1920,1080
12984031_1920_1080_25fps_t11.04_f0276.jpg,12984031_1920_1080_25fps.mp4,11.04,276,1920,1080
12984031_1920_1080_25fps_t11.52_f0288.jpg,12984031_1920_1080_25fps.mp4,11.52,288,1920,1080
12984031_1920_1080_25fps_t12.00_f0300.jpg,12984031_1920_1080_25fps.mp4,12.00,300,1920,1080
12984031_1920_1080_25fps_t12.48_f0312.jpg,12984031_1920_1080_25fps.mp4,12.48,312,1920,1080
12984031_1920_1080_25fps_t12.96_f0324.jpg,12984031_1920_1080_25fps.mp4,12.96,324,1920,1080
12984031_1920_1080_25fps_t13.44_f0336.jpg,12984031_1920_1080_25fps.mp4,13.44,336,1920,1080
12984031_1920_1080_25fps_t13.92_f0348.jpg,12984031_1920_1080_25fps.mp4,13.92,348,1920,1080
12984031_1920_1080_25fps_t14.40_f0360.jpg,12984031_1920_1080_25fps.mp4,14.40,360,1920,1080
12984031_1920_1080_25fps_t14.88_f0372.jpg,12984031_1920_1080_25fps.mp4,14.88,372,1920,1080
12984031_1920_1080_25fps_t15.36_f0384.jpg,12984031_1920_1080_25fps.mp4,15.36,384,1920,1080
12984031_1920_1080_25fps_t15.84_f0396.jpg,12984031_1920_1080_25fps.mp4,15.84,396,1920,1080
12984031_1920_1080_25fps_t16.32_f0408.jpg,12984031_1920_1080_25fps.mp4,16.32,408,1920,1080
12984031_1920_1080_25fps_t16.80_f0420.jpg,12984031_1920_1080_25fps.mp4,16.80,420,1920,1080
12984031_1920_1080_25fps_t17.28_f0432.jpg,12984031_1920_1080_25fps.mp4,17.28,432,1920,1080
12984031_1920_1080_25fps_t17.76_f0444.jpg,12984031_1920_1080_25fps.mp4,17.76,444,1920,1080
12984031_1920_1080_25fps_t18.24_f0456.jpg,12984031_1920_1080_25fps.mp4,18.24,456,1920,1080
12984031_1920_1080_25fps_t18.72_f0468.jpg,12984031_1920_1080_25fps.mp4,18.72,468,1920,1080
12984031_1920_1080_25fps_t19.20_f0480.jpg,12984031_1920_1080_25fps.mp4,19.20,480,1920,1080
12984031_1920_1080_25fps_t19.68_f0492.jpg,12984031_1920_1080_25fps.mp4,19.68,492,1920,1080
12984031_1920_1080_25fps_t20.16_f0504.jpg,12984031_1920_1080_25fps.mp4,20.16,504,1920,1080
12984031_1920_1080_25fps_t20.64_f0516.jpg,12984031_1920_1080_25fps.mp4,20.64,516,1920,1080
12984031_1920_1080_25fps_t21.12_f0528.jpg,12984031_1920_1080_25fps.mp4,21.12,528,1920,1080
12984031_1920_1080_25fps_t21.60_f0540.jpg,12984031_1920_1080_25fps.mp4,21.60,540,1920,1080
12984031_1920_1080_25fps_t22.08_f0552.jpg,12984031_1920_1080_25fps.mp4,22.08,552,1920,1080
12984031_1920_1080_25fps_t22.56_f0564.jpg,12984031_1920_1080_25fps.mp4,22.56,564,1920,1080
12984031_1920_1080_25fps_t23.04_f0576.jpg,12984031_1920_1080_25fps.mp4,23.04,576,1920,1080
12984031_1920_1080_25fps_t23.52_f0588.jpg,12984031_1920_1080_25fps.mp4,23.52,588,1920,1080
12984031_1920_1080_25fps_t24.00_f0600.jpg,12984031_1920_1080_25fps.mp4,24.00,600,1920,1080
12984031_1920_1080_25fps_t24.48_f0612.jpg,12984031_1920_1080_25fps.mp4,24.48,612,1920,1080
12984031_1920_1080_25fps_t24.96_f0624.jpg,12984031_1920_1080_25fps.mp4,24.96,624,1920,1080
12984031_1920_1080_25fps_t25.44_f0636.jpg,12984031_1920_1080_25fps.mp4,25.44,636,1920,1080
12984031_1920_1080_25fps_t25.92_f0648.jpg,12984031_1920_1080_25fps.mp4,25.92,648,1920,1080
12984031_1920_1080_25fps_t26.40_f0660.jpg,12984031_1920_1080_25fps.mp4,26.40,660,1920,1080
12984031_1920_1080_25fps_t26.88_f0672.jpg,12984031_1920_1080_25fps.mp4,26.88,672,1920,1080
12984031_1920_1080_25fps_t27.36_f0684.jpg,12984031_1920_1080_25fps.mp4,27.36,684,1920,1080
12984031_1920_1080_25fps_t27.84_f0696.jpg,12984031_1920_1080_25fps.mp4,27.84,696,1920,1080
12984031_1920_1080_25fps_t28.32_f0708.jpg,12984031_1920_1080_25fps.mp4,28.32,708,1920,1080
12984031_1920_1080_25fps_t28.80_f0720.jpg,12984031_1920_1080_25fps.mp4,28.80,720,1920,1080
12984031_1920_1080_25fps_t29.28_f0732.jpg,12984031_1920_1080_25fps.mp4,29.28,732,1920,1080
12984031_1920_1080_25fps_t29.76_f0744.jpg,12984031_1920_1080_25fps.mp4,29.76,744,1920,1080
12984031_1920_1080_25fps_t30.24_f0756.jpg,12984031_1920_1080_25fps.mp4,30.24,756,1920,1080
12984031_1920_1080_25fps_t30.72_f0768.jpg,12984031_1920_1080_25fps.mp4,30.72,768,1920,1080
12984031_1920_1080_25fps_t31.20_f0780.jpg,12984031_1920_1080_25fps.mp4,31.20,780,1920,1080
12984031_1920_1080_25fps_t31.68_f0792.jpg,12984031_1920_1080_25fps.mp4,31.68,792,1920,1080
12984031_1920_1080_25fps_t32.16_f0804.jpg,12984031_1920_1080_25fps.mp4,32.16,804,1920,1080
12984031_1920_1080_25fps_t32.64_f0816.jpg,12984031_1920_1080_25fps.mp4,32.64,816,1920,1080
12984031_1920_1080_25fps_t33.12_f0828.jpg,12984031_1920_1080_25fps.mp4,33.12,828,1920,1080
12984266_1920_1080_25fps_t00.00_f0000.jpg,12984266_1920_1080_25fps.mp4,0.00,0,1920,1080
12984266_1920_1080_25fps_t00.48_f0012.jpg,12984266_1920_1080_25fps.mp4,0.48,12,1920,1080
12984266_1920_1080_25fps_t00.96_f0024.jpg,12984266_1920_1080_25fps.mp4,0.96,24,1920,1080
12984266_1920_1080_25fps_t01.44_f0036.jpg,12984266_1920_1080_25fps.mp4,1.44,36,1920,1080
12984266_1920_1080_25fps_t01.92_f0048.jpg,12984266_1920_1080_25fps.mp4,1.92,48,1920,1080
12984266_1920_1080_25fps_t02.40_f0060.jpg,12984266_1920_1080_25fps.mp4,2.40,60,1920,1080
12984266_1920_1080_25fps_t02.88_f0072.jpg,12984266_1920_1080_25fps.mp4,2.88,72,1920,1080
12984266_1920_1080_25fps_t03.36_f0084.jpg,12984266_1920_1080_25fps.mp4,3.36,84,1920,1080
12984266_1920_1080_25fps_t03.84_f0096.jpg,12984266_1920_1080_25fps.mp4,3.84,96,1920,1080
12984266_1920_1080_25fps_t04.32_f0108.jpg,12984266_1920_1080_25fps.mp4,4.32,108,1920,1080
12984266_1920_1080_25fps_t04.80_f0120.jpg,12984266_1920_1080_25fps.mp4,4.80,120,1920,1080
12984266_1920_1080_25fps_t05.28_f0132.jpg,12984266_1920_1080_25fps.mp4,5.28,132,1920,1080
12984266_1920_1080_25fps_t05.76_f0144.jpg,12984266_1920_1080_25fps.mp4,5.76,144,1920,1080
12984266_1920_1080_25fps_t06.24_f0156.jpg,12984266_1920_1080_25fps.mp4,6.24,156,1920,1080
12984266_1920_1080_25fps_t06.72_f0168.jpg,12984266_1920_1080_25fps.mp4,6.72,168,1920,1080
12984266_1920_1080_25fps_t07.20_f0180.jpg,12984266_1920_1080_25fps.mp4,7.20,180,1920,1080
12984266_1920_1080_25fps_t07.68_f0192.jpg,12984266_1920_1080_25fps.mp4,7.68,192,1920,1080
12984266_1920_1080_25fps_t08.16_f0204.jpg,12984266_1920_1080_25fps.mp4,8.16,204,1920,1080
12984266_1920_1080_25fps_t08.64_f0216.jpg,12984266_1920_1080_25fps.mp4,8.64,216,1920,1080
12984266_1920_1080_25fps_t09.12_f0228.jpg,12984266_1920_1080_25fps.mp4,9.12,228,1920,1080
12984266_1920_1080_25fps_t09.60_f0240.jpg,12984266_1920_1080_25fps.mp4,9.60,240,1920,1080
12984266_1920_1080_25fps_t10.08_f0252.jpg,12984266_1920_1080_25fps.mp4,10.08,252,1920,1080
12984266_1920_1080_25fps_t10.56_f0264.jpg,12984266_1920_1080_25fps.mp4,10.56,264,1920,1080
12984266_1920_1080_25fps_t11.04_f0276.jpg,12984266_1920_1080_25fps.mp4,11.04,276,1920,1080
12984266_1920_1080_25fps_t11.52_f0288.jpg,12984266_1920_1080_25fps.mp4,11.52,288,1920,1080
12984266_1920_1080_25fps_t12.00_f0300.jpg,12984266_1920_1080_25fps.mp4,12.00,300,1920,1080
12984266_1920_1080_25fps_t12.48_f0312.jpg,12984266_1920_1080_25fps.mp4,12.48,312,1920,1080
12984266_1920_1080_25fps_t12.96_f0324.jpg,12984266_1920_1080_25fps.mp4,12.96,324,1920,1080
12984266_1920_1080_25fps_t13.44_f0336.jpg,12984266_1920_1080_25fps.mp4,13.44,336,1920,1080
12984266_1920_1080_25fps_t13.92_f0348.jpg,12984266_1920_1080_25fps.mp4,13.92,348,1920,1080
12984266_1920_1080_25fps_t14.40_f0360.jpg,12984266_1920_1080_25fps.mp4,14.40,360,1920,1080
12984266_1920_1080_25fps_t14.88_f0372.jpg,12984266_1920_1080_25fps.mp4,14.88,372,1920,1080
12984266_1920_1080_25fps_t15.36_f0384.jpg,12984266_1920_1080_25fps.mp4,15.36,384,1920,1080
12984266_1920_1080_25fps_t15.84_f0396.jpg,12984266_1920_1080_25fps.mp4,15.84,396,1920,1080
12984266_1920_1080_25fps_t16.32_f0408.jpg,12984266_1920_1080_25fps.mp4,16.32,408,1920,1080
12984266_1920_1080_25fps_t16.80_f0420.jpg,12984266_1920_1080_25fps.mp4,16.80,420,1920,1080
12984266_1920_1080_25fps_t17.28_f0432.jpg,12984266_1920_1080_25fps.mp4,17.28,432,1920,1080
12984266_1920_1080_25fps_t17.76_f0444.jpg,12984266_1920_1080_25fps.mp4,17.76,444,1920,1080
12984266_1920_1080_25fps_t18.24_f0456.jpg,12984266_1920_1080_25fps.mp4,18.24,456,1920,1080
12984266_1920_1080_25fps_t18.72_f0468.jpg,12984266_1920_1080_25fps.mp4,18.72,468,1920,1080
12984266_1920_1080_25fps_t19.20_f0480.jpg,12984266_1920_1080_25fps.mp4,19.20,480,1920,1080
12984266_1920_1080_25fps_t19.68_f0492.jpg,12984266_1920_1080_25fps.mp4,19.68,492,1920,1080
12984266_1920_1080_25fps_t20.16_f0504.jpg,12984266_1920_1080_25fps.mp4,20.16,504,1920,1080
12984266_1920_1080_25fps_t20.64_f0516.jpg,12984266_1920_1080_25fps.mp4,20.64,516,1920,1080
12984266_1920_1080_25fps_t21.12_f0528.jpg,12984266_1920_1080_25fps.mp4,21.12,528,1920,1080
12984266_1920_1080_25fps_t21.60_f0540.jpg,12984266_1920_1080_25fps.mp4,21.60,540,1920,1080
12984266_1920_1080_25fps_t22.08_f0552.jpg,12984266_1920_1080_25fps.mp4,22.08,552,1920,1080
12984266_1920_1080_25fps_t22.56_f0564.jpg,12984266_1920_1080_25fps.mp4,22.56,564,1920,1080
12984266_1920_1080_25fps_t23.04_f0576.jpg,12984266_1920_1080_25fps.mp4,23.04,576,1920,1080
12984266_1920_1080_25fps_t23.52_f0588.jpg,12984266_1920_1080_25fps.mp4,23.52,588,1920,1080
12984266_1920_1080_25fps_t24.00_f0600.jpg,12984266_1920_1080_25fps.mp4,24.00,600,1920,1080
12984266_1920_1080_25fps_t24.48_f0612.jpg,12984266_1920_1080_25fps.mp4,24.48,612,1920,1080
12984266_1920_1080_25fps_t24.96_f0624.jpg,12984266_1920_1080_25fps.mp4,24.96,624,1920,1080
12984266_1920_1080_25fps_t25.44_f0636.jpg,12984266_1920_1080_25fps.mp4,25.44,636,1920,1080
12984266_1920_1080_25fps_t25.92_f0648.jpg,12984266_1920_1080_25fps.mp4,25.92,648,1920,1080
12984266_1920_1080_25fps_t26.40_f0660.jpg,12984266_1920_1080_25fps.mp4,26.40,660,1920,1080
12984266_1920_1080_25fps_t26.88_f0672.jpg,12984266_1920_1080_25fps.mp4,26.88,672,1920,1080
12984266_1920_1080_25fps_t27.36_f0684.jpg,12984266_1920_1080_25fps.mp4,27.36,684,1920,1080
12984266_1920_1080_25fps_t27.84_f0696.jpg,12984266_1920_1080_25fps.mp4,27.84,696,1920,1080
12984266_1920_1080_25fps_t28.32_f0708.jpg,12984266_1920_1080_25fps.mp4,28.32,708,1920,1080
12984266_1920_1080_25fps_t28.80_f0720.jpg,12984266_1920_1080_25fps.mp4,28.80,720,1920,1080
12984266_1920_1080_25fps_t29.28_f0732.jpg,12984266_1920_1080_25fps.mp4,29.28,732,1920,1080
12984266_1920_1080_25fps_t29.76_f0744.jpg,12984266_1920_1080_25fps.mp4,29.76,744,1920,1080
12984266_1920_1080_25fps_t30.24_f0756.jpg,12984266_1920_1080_25fps.mp4,30.24,756,1920,1080
12984266_1920_1080_25fps_t30.72_f0768.jpg,12984266_1920_1080_25fps.mp4,30.72,768,1920,1080
12984266_1920_1080_25fps_t31.20_f0780.jpg,12984266_1920_1080_25fps.mp4,31.20,780,1920,1080
12984266_1920_1080_25fps_t31.68_f0792.jpg,12984266_1920_1080_25fps.mp4,31.68,792,1920,1080
12984266_1920_1080_25fps_t32.16_f0804.jpg,12984266_1920_1080_25fps.mp4,32.16,804,1920,1080
12984266_1920_1080_25fps_t32.64_f0816.jpg,12984266_1920_1080_25fps.mp4,32.64,816,1920,1080
12984266_1920_1080_25fps_t33.12_f0828.jpg,12984266_1920_1080_25fps.mp4,33.12,828,1920,1080
12984266_1920_1080_25fps_t33.60_f0840.jpg,12984266_1920_1080_25fps.mp4,33.60,840,1920,1080
12984266_1920_1080_25fps_t34.08_f0852.jpg,12984266_1920_1080_25fps.mp4,34.08,852,1920,1080
12984266_1920_1080_25fps_t34.56_f0864.jpg,12984266_1920_1080_25fps.mp4,34.56,864,1920,1080
12984266_1920_1080_25fps_t35.04_f0876.jpg,12984266_1920_1080_25fps.mp4,35.04,876,1920,1080
12984266_1920_1080_25fps_t35.52_f0888.jpg,12984266_1920_1080_25fps.mp4,35.52,888,1920,1080
12984266_1920_1080_25fps_t36.00_f0900.jpg,12984266_1920_1080_25fps.mp4,36.00,900,1920,1080
12984266_1920_1080_25fps_t36.48_f0912.jpg,12984266_1920_1080_25fps.mp4,36.48,912,1920,1080
12984266_1920_1080_25fps_t36.96_f0924.jpg,12984266_1920_1080_25fps.mp4,36.96,924,1920,1080
12984266_1920_1080_25fps_t37.44_f0936.jpg,12984266_1920_1080_25fps.mp4,37.44,936,1920,1080
12984266_1920_1080_25fps_t37.92_f0948.jpg,12984266_1920_1080_25fps.mp4,37.92,948,1920,1080
12984266_1920_1080_25fps_t38.40_f0960.jpg,12984266_1920_1080_25fps.mp4,38.40,960,1920,1080
12984266_1920_1080_25fps_t38.88_f0972.jpg,12984266_1920_1080_25fps.mp4,38.88,972,1920,1080
12984266_1920_1080_25fps_t39.36_f0984.jpg,12984266_1920_1080_25fps.mp4,39.36,984,1920,1080
12984266_1920_1080_25fps_t39.84_f0996.jpg,12984266_1920_1080_25fps.mp4,39.84,996,1920,1080
12984266_1920_1080_25fps_t40.32_f1008.jpg,12984266_1920_1080_25fps.mp4,40.32,1008,1920,1080
12984266_1920_1080_25fps_t40.80_f1020.jpg,12984266_1920_1080_25fps.mp4,40.80,1020,1920,1080
12984266_1920_1080_25fps_t41.28_f1032.jpg,12984266_1920_1080_25fps.mp4,41.28,1032,1920,1080
12984266_1920_1080_25fps_t41.76_f1044.jpg,12984266_1920_1080_25fps.mp4,41.76,1044,1920,1080
12984266_1920_1080_25fps_t42.24_f1056.jpg,12984266_1920_1080_25fps.mp4,42.24,1056,1920,1080
12984266_1920_1080_25fps_t42.72_f1068.jpg,12984266_1920_1080_25fps.mp4,42.72,1068,1920,1080
12984266_1920_1080_25fps_t43.20_f1080.jpg,12984266_1920_1080_25fps.mp4,43.20,1080,1920,1080
12984266_1920_1080_25fps_t43.68_f1092.jpg,12984266_1920_1080_25fps.mp4,43.68,1092,1920,1080
12984266_1920_1080_25fps_t44.16_f1104.jpg,12984266_1920_1080_25fps.mp4,44.16,1104,1920,1080
12984266_1920_1080_25fps_t44.64_f1116.jpg,12984266_1920_1080_25fps.mp4,44.64,1116,1920,1080
12984266_1920_1080_25fps_t45.12_f1128.jpg,12984266_1920_1080_25fps.mp4,45.12,1128,1920,1080
12984266_1920_1080_25fps_t45.60_f1140.jpg,12984266_1920_1080_25fps.mp4,45.60,1140,1920,1080
12984266_1920_1080_25fps_t46.08_f1152.jpg,12984266_1920_1080_25fps.mp4,46.08,1152,1920,1080
12984266_1920_1080_25fps_t46.56_f1164.jpg,12984266_1920_1080_25fps.mp4,46.56,1164,1920,1080
12984266_1920_1080_25fps_t47.04_f1176.jpg,12984266_1920_1080_25fps.mp4,47.04,1176,1920,1080
12984266_1920_1080_25fps_t47.52_f1188.jpg,12984266_1920_1080_25fps.mp4,47.52,1188,1920,1080
12984266_1920_1080_25fps_t48.00_f1200.jpg,12984266_1920_1080_25fps.mp4,48.00,1200,1920,1080
12984266_1920_1080_25fps_t48.48_f1212.jpg,12984266_1920_1080_25fps.mp4,48.48,1212,1920,1080
12984266_1920_1080_25fps_t48.96_f1224.jpg,12984266_1920_1080_25fps.mp4,48.96,1224,1920,1080
12984266_1920_1080_25fps_t49.44_f1236.jpg,12984266_1920_1080_25fps.mp4,49.44,1236,1920,1080
12984266_1920_1080_25fps_t49.92_f1248.jpg,12984266_1920_1080_25fps.mp4,49.92,1248,1920,1080
12984266_1920_1080_25fps_t50.40_f1260.jpg,12984266_1920_1080_25fps.mp4,50.40,1260,1920,1080
12984266_1920_1080_25fps_t50.88_f1272.jpg,12984266_1920_1080_25fps.mp4,50.88,1272,1920,1080
12984266_1920_1080_25fps_t51.36_f1284.jpg,12984266_1920_1080_25fps.mp4,51.36,1284,1920,1080
12984266_1920_1080_25fps_t51.84_f1296.jpg,12984266_1920_1080_25fps.mp4,51.84,1296,1920,1080
12984266_1920_1080_25fps_t52.32_f1308.jpg,12984266_1920_1080_25fps.mp4,52.32,1308,1920,1080
12984266_1920_1080_25fps_t52.80_f1320.jpg,12984266_1920_1080_25fps.mp4,52.80,1320,1920,1080
12984266_1920_1080_25fps_t53.28_f1332.jpg,12984266_1920_1080_25fps.mp4,53.28,1332,1920,1080
12984266_1920_1080_25fps_t53.76_f1344.jpg,12984266_1920_1080_25fps.mp4,53.76,1344,1920,1080
12984266_1920_1080_25fps_t54.24_f1356.jpg,12984266_1920_1080_25fps.mp4,54.24,1356,1920,1080
12984266_1920_1080_25fps_t54.72_f1368.jpg,12984266_1920_1080_25fps.mp4,54.72,1368,1920,1080
12984266_1920_1080_25fps_t55.20_f1380.jpg,12984266_1920_1080_25fps.mp4,55.20,1380,1920,1080
12984266_1920_1080_25fps_t55.68_f1392.jpg,12984266_1920_1080_25fps.mp4,55.68,1392,1920,1080
12984266_1920_1080_25fps_t56.16_f1404.jpg,12984266_1920_1080_25fps.mp4,56.16,1404,1920,1080
12984266_1920_1080_25fps_t56.64_f1416.jpg,12984266_1920_1080_25fps.mp4,56.64,1416,1920,1080
12984266_1920_1080_25fps_t57.12_f1428.jpg,12984266_1920_1080_25fps.mp4,57.12,1428,1920,1080
12984266_1920_1080_25fps_t57.60_f1440.jpg,12984266_1920_1080_25fps.mp4,57.60,1440,1920,1080
12984266_1920_1080_25fps_t58.08_f1452.jpg,12984266_1920_1080_25fps.mp4,58.08,1452,1920,1080
12984266_1920_1080_25fps_t58.56_f1464.jpg,12984266_1920_1080_25fps.mp4,58.56,1464,1920,1080
12984266_1920_1080_25fps_t59.04_f1476.jpg,12984266_1920_1080_25fps.mp4,59.04,1476,1920,1080
12984266_1920_1080_25fps_t59.52_f1488.jpg,12984266_1920_1080_25fps.mp4,59.52,1488,1920,1080
12984266_1920_1080_25fps_t60.00_f1500.jpg,12984266_1920_1080_25fps.mp4,60.00,1500,1920,1080
12984266_1920_1080_25fps_t60.48_f1512.jpg,12984266_1920_1080_25fps.mp4,60.48,1512,1920,1080
12984266_1920_1080_25fps_t60.96_f1524.jpg,12984266_1920_1080_25fps.mp4,60.96,1524,1920,1080
12984266_1920_1080_25fps_t61.44_f1536.jpg,12984266_1920_1080_25fps.mp4,61.44,1536,1920,1080
12984266_1920_1080_25fps_t61.92_f1548.jpg,12984266_1920_1080_25fps.mp4,61.92,1548,1920,1080
12984266_1920_1080_25fps_t62.40_f1560.jpg,12984266_1920_1080_25fps.mp4,62.40,1560,1920,1080
12984266_1920_1080_25fps_t62.88_f1572.jpg,12984266_1920_1080_25fps.mp4,62.88,1572,1920,1080
12984266_1920_1080_25fps_t63.36_f1584.jpg,12984266_1920_1080_25fps.mp4,63.36,1584,1920,1080
12984266_1920_1080_25fps_t63.84_f1596.jpg,12984266_1920_1080_25fps.mp4,63.84,1596,1920,1080
12984266_1920_1080_25fps_t64.32_f1608.jpg,12984266_1920_1080_25fps.mp4,64.32,1608,1920,1080
12984266_1920_1080_25fps_t64.80_f1620.jpg,12984266_1920_1080_25fps.mp4,64.80,1620,1920,1080
12984266_1920_1080_25fps_t65.28_f1632.jpg,12984266_1920_1080_25fps.mp4,65.28,1632,1920,1080
12984266_1920_1080_25fps_t65.76_f1644.jpg,12984266_1920_1080_25fps.mp4,65.76,1644,1920,1080
12984266_1920_1080_25fps_t66.24_f1656.jpg,12984266_1920_1080_25fps.mp4,66.24,1656,1920,1080
12984266_1920_1080_25fps_t66.72_f1668.jpg,12984266_1920_1080_25fps.mp4,66.72,1668,1920,1080
12984266_1920_1080_25fps_t67.20_f1680.jpg,12984266_1920_1080_25fps.mp4,67.20,1680,1920,1080
12984266_1920_1080_25fps_t67.68_f1692.jpg,12984266_1920_1080_25fps.mp4,67.68,1692,1920,1080
12984266_1920_1080_25fps_t68.16_f1704.jpg,12984266_1920_1080_25fps.mp4,68.16,1704,1920,1080
12984266_1920_1080_25fps_t68.64_f1716.jpg,12984266_1920_1080_25fps.mp4,68.64,1716,1920,1080
12984266_1920_1080_25fps_t69.12_f1728.jpg,12984266_1920_1080_25fps.mp4,69.12,1728,1920,1080
12984266_1920_1080_25fps_t69.60_f1740.jpg,12984266_1920_1080_25fps.mp4,69.60,1740,1920,1080
12984266_1920_1080_25fps_t70.08_f1752.jpg,12984266_1920_1080_25fps.mp4,70.08,1752,1920,1080
13258042_2560_1440_30fps_t00.00_f0000.jpg,13258042_2560_1440_30fps.mp4,0.00,0,2560,1440
13258042_2560_1440_30fps_t00.50_f0015.jpg,13258042_2560_1440_30fps.mp4,0.50,15,2560,1440
13258042_2560_1440_30fps_t01.00_f0030.jpg,13258042_2560_1440_30fps.mp4,1.00,30,2560,1440
13258042_2560_1440_30fps_t01.50_f0045.jpg,13258042_2560_1440_30fps.mp4,1.50,45,2560,1440
13258042_2560_1440_30fps_t02.00_f0060.jpg,13258042_2560_1440_30fps.mp4,2.00,60,2560,1440
13258042_2560_1440_30fps_t02.50_f0075.jpg,13258042_2560_1440_30fps.mp4,2.50,75,2560,1440
13258042_2560_1440_30fps_t03.00_f0090.jpg,13258042_2560_1440_30fps.mp4,3.00,90,2560,1440
13258042_2560_1440_30fps_t03.50_f0105.jpg,13258042_2560_1440_30fps.mp4,3.50,105,2560,1440
13258042_2560_1440_30fps_t04.00_f0120.jpg,13258042_2560_1440_30fps.mp4,4.00,120,2560,1440
13258042_2560_1440_30fps_t04.50_f0135.jpg,13258042_2560_1440_30fps.mp4,4.50,135,2560,1440
13258042_2560_1440_30fps_t05.00_f0150.jpg,13258042_2560_1440_30fps.mp4,5.00,150,2560,1440
13258042_2560_1440_30fps_t05.51_f0165.jpg,13258042_2560_1440_30fps.mp4,5.51,165,2560,1440
13258042_2560_1440_30fps_t06.01_f0180.jpg,13258042_2560_1440_30fps.mp4,6.01,180,2560,1440
13258042_2560_1440_30fps_t06.51_f0195.jpg,13258042_2560_1440_30fps.mp4,6.51,195,2560,1440
13258042_2560_1440_30fps_t07.01_f0210.jpg,13258042_2560_1440_30fps.mp4,7.01,210,2560,1440
13258042_2560_1440_30fps_t07.51_f0225.jpg,13258042_2560_1440_30fps.mp4,7.51,225,2560,1440
13258042_2560_1440_30fps_t08.01_f0240.jpg,13258042_2560_1440_30fps.mp4,8.01,240,2560,1440
13258042_2560_1440_30fps_t08.51_f0255.jpg,13258042_2560_1440_30fps.mp4,8.51,255,2560,1440
13258042_2560_1440_30fps_t09.01_f0270.jpg,13258042_2560_1440_30fps.mp4,9.01,270,2560,1440
13258042_2560_1440_30fps_t09.51_f0285.jpg,13258042_2560_1440_30fps.mp4,9.51,285,2560,1440
13258042_2560_1440_30fps_t10.01_f0300.jpg,13258042_2560_1440_30fps.mp4,10.01,300,2560,1440
13258042_2560_1440_30fps_t10.51_f0315.jpg,13258042_2560_1440_30fps.mp4,10.51,315,2560,1440
13258042_2560_1440_30fps_t11.01_f0330.jpg,13258042_2560_1440_30fps.mp4,11.01,330,2560,1440
13258042_2560_1440_30fps_t11.51_f0345.jpg,13258042_2560_1440_30fps.mp4,11.51,345,2560,1440
13258042_2560_1440_30fps_t12.01_f0360.jpg,13258042_2560_1440_30fps.mp4,12.01,360,2560,1440
13258042_2560_1440_30fps_t12.51_f0375.jpg,13258042_2560_1440_30fps.mp4,12.51,375,2560,1440
13258042_2560_1440_30fps_t13.01_f0390.jpg,13258042_2560_1440_30fps.mp4,13.01,390,2560,1440
13258042_2560_1440_30fps_t13.51_f0405.jpg,13258042_2560_1440_30fps.mp4,13.51,405,2560,1440
13258042_2560_1440_30fps_t14.01_f0420.jpg,13258042_2560_1440_30fps.mp4,14.01,420,2560,1440
13258042_2560_1440_30fps_t14.51_f0435.jpg,13258042_2560_1440_30fps.mp4,14.51,435,2560,1440
13258042_2560_1440_30fps_t15.02_f0450.jpg,13258042_2560_1440_30fps.mp4,15.02,450,2560,1440
13258042_2560_1440_30fps_t15.52_f0465.jpg,13258042_2560_1440_30fps.mp4,15.52,465,2560,1440
13258042_2560_1440_30fps_t16.02_f0480.jpg,13258042_2560_1440_30fps.mp4,16.02,480,2560,1440
13258042_2560_1440_30fps_t16.52_f0495.jpg,13258042_2560_1440_30fps.mp4,16.52,495,2560,1440
13258042_2560_1440_30fps_t17.02_f0510.jpg,13258042_2560_1440_30fps.mp4,17.02,510,2560,1440
13258042_2560_1440_30fps_t17.52_f0525.jpg,13258042_2560_1440_30fps.mp4,17.52,525,2560,1440
13258042_2560_1440_30fps_t18.02_f0540.jpg,13258042_2560_1440_30fps.mp4,18.02,540,2560,1440
13258042_2560_1440_30fps_t18.52_f0555.jpg,13258042_2560_1440_30fps.mp4,18.52,555,2560,1440
13258042_2560_1440_30fps_t19.02_f0570.jpg,13258042_2560_1440_30fps.mp4,19.02,570,2560,1440
13258042_2560_1440_30fps_t19.52_f0585.jpg,13258042_2560_1440_30fps.mp4,19.52,585,2560,1440
19832490_hd_1920_1080_25fps_t00.00_f0000.jpg,19832490-hd_1920_1080_25fps.mp4,0.00,0,1920,1080
19832490_hd_1920_1080_25fps_t00.48_f0012.jpg,19832490-hd_1920_1080_25fps.mp4,0.48,12,1920,1080
19832490_hd_1920_1080_25fps_t00.96_f0024.jpg,19832490-hd_1920_1080_25fps.mp4,0.96,24,1920,1080
19832490_hd_1920_1080_25fps_t01.44_f0036.jpg,19832490-hd_1920_1080_25fps.mp4,1.44,36,1920,1080
19832490_hd_1920_1080_25fps_t01.92_f0048.jpg,19832490-hd_1920_1080_25fps.mp4,1.92,48,1920,1080
19832490_hd_1920_1080_25fps_t02.40_f0060.jpg,19832490-hd_1920_1080_25fps.mp4,2.40,60,1920,1080
19832490_hd_1920_1080_25fps_t02.88_f0072.jpg,19832490-hd_1920_1080_25fps.mp4,2.88,72,1920,1080
19832490_hd_1920_1080_25fps_t03.36_f0084.jpg,19832490-hd_1920_1080_25fps.mp4,3.36,84,1920,1080
19832490_hd_1920_1080_25fps_t03.84_f0096.jpg,19832490-hd_1920_1080_25fps.mp4,3.84,96,1920,1080
19832490_hd_1920_1080_25fps_t04.32_f0108.jpg,19832490-hd_1920_1080_25fps.mp4,4.32,108,1920,1080
19832490_hd_1920_1080_25fps_t04.80_f0120.jpg,19832490-hd_1920_1080_25fps.mp4,4.80,120,1920,1080
19832490_hd_1920_1080_25fps_t05.28_f0132.jpg,19832490-hd_1920_1080_25fps.mp4,5.28,132,1920,1080
4017518657_preview_t00.00_f0000.jpg,4017518657-preview.mp4,0.00,0,898,506
4017518657_preview_t00.50_f0015.jpg,4017518657-preview.mp4,0.50,15,898,506
4017518657_preview_t01.00_f0030.jpg,4017518657-preview.mp4,1.00,30,898,506
4017518657_preview_t01.50_f0045.jpg,4017518657-preview.mp4,1.50,45,898,506
4017518657_preview_t02.00_f0060.jpg,4017518657-preview.mp4,2.00,60,898,506
4017518657_preview_t02.50_f0075.jpg,4017518657-preview.mp4,2.50,75,898,506
4017518657_preview_t03.00_f0090.jpg,4017518657-preview.mp4,3.00,90,898,506
4017518657_preview_t03.50_f0105.jpg,4017518657-preview.mp4,3.50,105,898,506
4017518657_preview_t04.00_f0120.jpg,4017518657-preview.mp4,4.00,120,898,506
4017518657_preview_t04.50_f0135.jpg,4017518657-preview.mp4,4.50,135,898,506
4017518657_preview_t05.00_f0150.jpg,4017518657-preview.mp4,5.00,150,898,506
4017518657_preview_t05.51_f0165.jpg,4017518657-preview.mp4,5.51,165,898,506
4017518657_preview_t06.01_f0180.jpg,4017518657-preview.mp4,6.01,180,898,506
4017518657_preview_t06.51_f0195.jpg,4017518657-preview.mp4,6.51,195,898,506
4017518657_preview_t07.01_f0210.jpg,4017518657-preview.mp4,7.01,210,898,506
4017518657_preview_t07.51_f0225.jpg,4017518657-preview.mp4,7.51,225,898,506
4042251183_preview_t00.00_f0000.jpg,4042251183-preview.mp4,0.00,0,900,474
4042251183_preview_t00.50_f0025.jpg,4042251183-preview.mp4,0.50,25,900,474
4042251183_preview_t01.00_f0050.jpg,4042251183-preview.mp4,1.00,50,900,474
4042251183_preview_t01.50_f0075.jpg,4042251183-preview.mp4,1.50,75,900,474
4042251183_preview_t02.00_f0100.jpg,4042251183-preview.mp4,2.00,100,900,474
4042251183_preview_t02.50_f0125.jpg,4042251183-preview.mp4,2.50,125,900,474
4042251183_preview_t03.00_f0150.jpg,4042251183-preview.mp4,3.00,150,900,474
4042251183_preview_t03.50_f0175.jpg,4042251183-preview.mp4,3.50,175,900,474
4042251183_preview_t04.00_f0200.jpg,4042251183-preview.mp4,4.00,200,900,474
4042251183_preview_t04.50_f0225.jpg,4042251183-preview.mp4,4.50,225,900,474
4042251183_preview_t05.00_f0250.jpg,4042251183-preview.mp4,5.00,250,900,474
4042251183_preview_t05.50_f0275.jpg,4042251183-preview.mp4,5.50,275,900,474
4042251183_preview_t06.00_f0300.jpg,4042251183-preview.mp4,6.00,300,900,474
4042251183_preview_t06.50_f0325.jpg,4042251183-preview.mp4,6.50,325,900,474
4042251183_preview_t07.00_f0350.jpg,4042251183-preview.mp4,7.00,350,900,474
4042251183_preview_t07.50_f0375.jpg,4042251183-preview.mp4,7.50,375,900,474
4042251183_preview_t08.00_f0400.jpg,4042251183-preview.mp4,8.00,400,900,474
4042251183_preview_t08.50_f0425.jpg,4042251183-preview.mp4,8.50,425,900,474
4042251183_preview_t09.00_f0450.jpg,4042251183-preview.mp4,9.00,450,900,474
4042251183_preview_t09.50_f0475.jpg,4042251183-preview.mp4,9.50,475,900,474
4042251183_preview_t10.00_f0500.jpg,4042251183-preview.mp4,10.00,500,900,474
4042251183_preview_t10.50_f0525.jpg,4042251183-preview.mp4,10.50,525,900,474
4042251183_preview_t11.00_f0550.jpg,4042251183-preview.mp4,11.00,550,900,474
4042251183_preview_t11.50_f0575.jpg,4042251183-preview.mp4,11.50,575,900,474
4042251183_preview_t12.00_f0600.jpg,4042251183-preview.mp4,12.00,600,900,474
4042251183_preview_t12.50_f0625.jpg,4042251183-preview.mp4,12.50,625,900,474
4042251183_preview_t13.00_f0650.jpg,4042251183-preview.mp4,13.00,650,900,474
4042251183_preview_t13.50_f0675.jpg,4042251183-preview.mp4,13.50,675,900,474
4042251183_preview_t14.00_f0700.jpg,4042251183-preview.mp4,14.00,700,900,474
4042251183_preview_t14.50_f0725.jpg,4042251183-preview.mp4,14.50,725,900,474
4042251183_preview_t15.00_f0750.jpg,4042251183-preview.mp4,15.00,750,900,474
4048038451_preview_t00.00_f0000.jpg,4048038451-preview.mp4,0.00,0,898,506
4048038451_preview_t00.48_f0012.jpg,4048038451-preview.mp4,0.48,12,898,506
4048038451_preview_t00.96_f0024.jpg,4048038451-preview.mp4,0.96,24,898,506
4048038451_preview_t01.44_f0036.jpg,4048038451-preview.mp4,1.44,36,898,506
4048038451_preview_t01.92_f0048.jpg,4048038451-preview.mp4,1.92,48,898,506
4048038451_preview_t02.40_f0060.jpg,4048038451-preview.mp4,2.40,60,898,506
4048038451_preview_t02.88_f0072.jpg,4048038451-preview.mp4,2.88,72,898,506
4048038451_preview_t03.36_f0084.jpg,4048038451-preview.mp4,3.36,84,898,506
4048038451_preview_t03.84_f0096.jpg,4048038451-preview.mp4,3.84,96,898,506
4048038451_preview_t04.32_f0108.jpg,4048038451-preview.mp4,4.32,108,898,506
4048038451_preview_t04.80_f0120.jpg,4048038451-preview.mp4,4.80,120,898,506
4048038451_preview_t05.28_f0132.jpg,4048038451-preview.mp4,5.28,132,898,506
4048038451_preview_t05.76_f0144.jpg,4048038451-preview.mp4,5.76,144,898,506
4048038451_preview_t06.24_f0156.jpg,4048038451-preview.mp4,6.24,156,898,506
4048038451_preview_t06.72_f0168.jpg,4048038451-preview.mp4,6.72,168,898,506
4048038451_preview_t07.20_f0180.jpg,4048038451-preview.mp4,7.20,180,898,506
4048038451_preview_t07.68_f0192.jpg,4048038451-preview.mp4,7.68,192,898,506
4048038451_preview_t08.16_f0204.jpg,4048038451-preview.mp4,8.16,204,898,506
4048038451_preview_t08.64_f0216.jpg,4048038451-preview.mp4,8.64,216,898,506
4048038451_preview_t09.12_f0228.jpg,4048038451-preview.mp4,9.12,228,898,506
4048038451_preview_t09.60_f0240.jpg,4048038451-preview.mp4,9.60,240,898,506
4048038451_preview_t10.08_f0252.jpg,4048038451-preview.mp4,10.08,252,898,506
4048038451_preview_t10.56_f0264.jpg,4048038451-preview.mp4,10.56,264,898,506
4048038451_preview_t11.04_f0276.jpg,4048038451-preview.mp4,11.04,276,898,506
4048038451_preview_t11.52_f0288.jpg,4048038451-preview.mp4,11.52,288,898,506
4048038451_preview_t12.00_f0300.jpg,4048038451-preview.mp4,12.00,300,898,506
4161358813_preview_t00.00_f0000.jpg,4161358813-preview.mp4,0.00,0,900,506
4161358813_preview_t00.50_f0015.jpg,4161358813-preview.mp4,0.50,15,900,506
4161358813_preview_t01.00_f0030.jpg,4161358813-preview.mp4,1.00,30,900,506
4161358813_preview_t01.50_f0045.jpg,4161358813-preview.mp4,1.50,45,900,506
4161358813_preview_t02.00_f0060.jpg,4161358813-preview.mp4,2.00,60,900,506
4161358813_preview_t02.50_f0075.jpg,4161358813-preview.mp4,2.50,75,900,506
4161358813_preview_t03.00_f0090.jpg,4161358813-preview.mp4,3.00,90,900,506
4161358813_preview_t03.50_f0105.jpg,4161358813-preview.mp4,3.50,105,900,506
4161358813_preview_t04.00_f0120.jpg,4161358813-preview.mp4,4.00,120,900,506
4161358813_preview_t04.50_f0135.jpg,4161358813-preview.mp4,4.50,135,900,506
4161358813_preview_t05.00_f0150.jpg,4161358813-preview.mp4,5.00,150,900,506
4161358813_preview_t05.50_f0165.jpg,4161358813-preview.mp4,5.50,165,900,506
4161358813_preview_t06.00_f0180.jpg,4161358813-preview.mp4,6.00,180,900,506
4161358813_preview_t06.50_f0195.jpg,4161358813-preview.mp4,6.50,195,900,506
4161358813_preview_t07.00_f0210.jpg,4161358813-preview.mp4,7.00,210,900,506
4161358813_preview_t07.50_f0225.jpg,4161358813-preview.mp4,7.50,225,900,506
4161358813_preview_t08.00_f0240.jpg,4161358813-preview.mp4,8.00,240,900,506
4161358813_preview_t08.50_f0255.jpg,4161358813-preview.mp4,8.50,255,900,506
4161358813_preview_t09.00_f0270.jpg,4161358813-preview.mp4,9.00,270,900,506
4161358813_preview_t09.50_f0285.jpg,4161358813-preview.mp4,9.50,285,900,506
4161358813_preview_t10.00_f0300.jpg,4161358813-preview.mp4,10.00,300,900,506
4161358813_preview_t10.50_f0315.jpg,4161358813-preview.mp4,10.50,315,900,506
4161358813_preview_t11.00_f0330.jpg,4161358813-preview.mp4,11.00,330,900,506
4161358813_preview_t11.50_f0345.jpg,4161358813-preview.mp4,11.50,345,900,506
8482302_hd_1920_1080_25fps_t00.00_f0000.jpg,8482302-hd_1920_1080_25fps.mp4,0.00,0,1920,1080
8482302_hd_1920_1080_25fps_t00.48_f0012.jpg,8482302-hd_1920_1080_25fps.mp4,0.48,12,1920,1080
8482302_hd_1920_1080_25fps_t00.96_f0024.jpg,8482302-hd_1920_1080_25fps.mp4,0.96,24,1920,1080
8482302_hd_1920_1080_25fps_t01.44_f0036.jpg,8482302-hd_1920_1080_25fps.mp4,1.44,36,1920,1080
8482302_hd_1920_1080_25fps_t01.92_f0048.jpg,8482302-hd_1920_1080_25fps.mp4,1.92,48,1920,1080
8482302_hd_1920_1080_25fps_t02.40_f0060.jpg,8482302-hd_1920_1080_25fps.mp4,2.40,60,1920,1080
8482302_hd_1920_1080_25fps_t02.88_f0072.jpg,8482302-hd_1920_1080_25fps.mp4,2.88,72,1920,1080
8482302_hd_1920_1080_25fps_t03.36_f0084.jpg,8482302-hd_1920_1080_25fps.mp4,3.36,84,1920,1080
8482302_hd_1920_1080_25fps_t03.84_f0096.jpg,8482302-hd_1920_1080_25fps.mp4,3.84,96,1920,1080
8482302_hd_1920_1080_25fps_t04.32_f0108.jpg,8482302-hd_1920_1080_25fps.mp4,4.32,108,1920,1080
8482302_hd_1920_1080_25fps_t04.80_f0120.jpg,8482302-hd_1920_1080_25fps.mp4,4.80,120,1920,1080
8482302_hd_1920_1080_25fps_t05.28_f0132.jpg,8482302-hd_1920_1080_25fps.mp4,5.28,132,1920,1080
8482302_hd_1920_1080_25fps_t05.76_f0144.jpg,8482302-hd_1920_1080_25fps.mp4,5.76,144,1920,1080
8482302_hd_1920_1080_25fps_t06.24_f0156.jpg,8482302-hd_1920_1080_25fps.mp4,6.24,156,1920,1080
8482302_hd_1920_1080_25fps_t06.72_f0168.jpg,8482302-hd_1920_1080_25fps.mp4,6.72,168,1920,1080
8482302_hd_1920_1080_25fps_t07.20_f0180.jpg,8482302-hd_1920_1080_25fps.mp4,7.20,180,1920,1080
8482302_hd_1920_1080_25fps_t07.68_f0192.jpg,8482302-hd_1920_1080_25fps.mp4,7.68,192,1920,1080
8482302_hd_1920_1080_25fps_t08.16_f0204.jpg,8482302-hd_1920_1080_25fps.mp4,8.16,204,1920,1080
8482302_hd_1920_1080_25fps_t08.64_f0216.jpg,8482302-hd_1920_1080_25fps.mp4,8.64,216,1920,1080
8482302_hd_1920_1080_25fps_t09.12_f0228.jpg,8482302-hd_1920_1080_25fps.mp4,9.12,228,1920,1080
8482302_hd_1920_1080_25fps_t09.60_f0240.jpg,8482302-hd_1920_1080_25fps.mp4,9.60,240,1920,1080
8482302_hd_1920_1080_25fps_t10.08_f0252.jpg,8482302-hd_1920_1080_25fps.mp4,10.08,252,1920,1080
8482302_hd_1920_1080_25fps_t10.56_f0264.jpg,8482302-hd_1920_1080_25fps.mp4,10.56,264,1920,1080
8482302_hd_1920_1080_25fps_t11.04_f0276.jpg,8482302-hd_1920_1080_25fps.mp4,11.04,276,1920,1080
8482302_hd_1920_1080_25fps_t11.52_f0288.jpg,8482302-hd_1920_1080_25fps.mp4,11.52,288,1920,1080
8482302_hd_1920_1080_25fps_t12.00_f0300.jpg,8482302-hd_1920_1080_25fps.mp4,12.00,300,1920,1080
8482302_hd_1920_1080_25fps_t12.48_f0312.jpg,8482302-hd_1920_1080_25fps.mp4,12.48,312,1920,1080
8482302_hd_1920_1080_25fps_t12.96_f0324.jpg,8482302-hd_1920_1080_25fps.mp4,12.96,324,1920,1080
8482302_hd_1920_1080_25fps_t13.44_f0336.jpg,8482302-hd_1920_1080_25fps.mp4,13.44,336,1920,1080
8482302_hd_1920_1080_25fps_t13.92_f0348.jpg,8482302-hd_1920_1080_25fps.mp4,13.92,348,1920,1080
8482302_hd_1920_1080_25fps_t14.40_f0360.jpg,8482302-hd_1920_1080_25fps.mp4,14.40,360,1920,1080
8482302_hd_1920_1080_25fps_t14.88_f0372.jpg,8482302-hd_1920_1080_25fps.mp4,14.88,372,1920,1080
8482302_hd_1920_1080_25fps_t15.36_f0384.jpg,8482302-hd_1920_1080_25fps.mp4,15.36,384,1920,1080
8482302_hd_1920_1080_25fps_t15.84_f0396.jpg,8482302-hd_1920_1080_25fps.mp4,15.84,396,1920,1080
8482302_hd_1920_1080_25fps_t16.32_f0408.jpg,8482302-hd_1920_1080_25fps.mp4,16.32,408,1920,1080
8482302_hd_1920_1080_25fps_t16.80_f0420.jpg,8482302-hd_1920_1080_25fps.mp4,16.80,420,1920,1080
8482302_hd_1920_1080_25fps_t17.28_f0432.jpg,8482302-hd_1920_1080_25fps.mp4,17.28,432,1920,1080
8482302_hd_1920_1080_25fps_t17.76_f0444.jpg,8482302-hd_1920_1080_25fps.mp4,17.76,444,1920,1080
8482302_hd_1920_1080_25fps_t18.24_f0456.jpg,8482302-hd_1920_1080_25fps.mp4,18.24,456,1920,1080
8482302_hd_1920_1080_25fps_t18.72_f0468.jpg,8482302-hd_1920_1080_25fps.mp4,18.72,468,1920,1080
8482302_hd_1920_1080_25fps_t19.20_f0480.jpg,8482302-hd_1920_1080_25fps.mp4,19.20,480,1920,1080
8482302_hd_1920_1080_25fps_t19.68_f0492.jpg,8482302-hd_1920_1080_25fps.mp4,19.68,492,1920,1080
8482302_hd_1920_1080_25fps_t20.16_f0504.jpg,8482302-hd_1920_1080_25fps.mp4,20.16,504,1920,1080
8482302_hd_1920_1080_25fps_t20.64_f0516.jpg,8482302-hd_1920_1080_25fps.mp4,20.64,516,1920,1080
8482302_hd_1920_1080_25fps_t21.12_f0528.jpg,8482302-hd_1920_1080_25fps.mp4,21.12,528,1920,1080
8482302_hd_1920_1080_25fps_t21.60_f0540.jpg,8482302-hd_1920_1080_25fps.mp4,21.60,540,1920,1080
8482302_hd_1920_1080_25fps_t22.08_f0552.jpg,8482302-hd_1920_1080_25fps.mp4,22.08,552,1920,1080
8482302_hd_1920_1080_25fps_t22.56_f0564.jpg,8482302-hd_1920_1080_25fps.mp4,22.56,564,1920,1080
8482302_hd_1920_1080_25fps_t23.04_f0576.jpg,8482302-hd_1920_1080_25fps.mp4,23.04,576,1920,1080
8482302_hd_1920_1080_25fps_t23.52_f0588.jpg,8482302-hd_1920_1080_25fps.mp4,23.52,588,1920,1080
8482302_hd_1920_1080_25fps_t24.00_f0600.jpg,8482302-hd_1920_1080_25fps.mp4,24.00,600,1920,1080
gloves_mask_t00.00_f0000.jpg,gloves + mask.mp4,0.00,0,1280,720
gloves_mask_t00.50_f0012.jpg,gloves + mask.mp4,0.50,12,1280,720
gloves_mask_t01.00_f0024.jpg,gloves + mask.mp4,1.00,24,1280,720
gloves_mask_t01.50_f0036.jpg,gloves + mask.mp4,1.50,36,1280,720
gloves_mask_t02.00_f0048.jpg,gloves + mask.mp4,2.00,48,1280,720
gloves_mask_t02.50_f0060.jpg,gloves + mask.mp4,2.50,60,1280,720
gloves_mask_t03.00_f0072.jpg,gloves + mask.mp4,3.00,72,1280,720
gloves_mask_t03.50_f0084.jpg,gloves + mask.mp4,3.50,84,1280,720
gloves_mask_t04.00_f0096.jpg,gloves + mask.mp4,4.00,96,1280,720
gloves_mask_t04.50_f0108.jpg,gloves + mask.mp4,4.50,108,1280,720
gloves_mask_t05.00_f0120.jpg,gloves + mask.mp4,5.00,120,1280,720
gloves_mask_t05.50_f0132.jpg,gloves + mask.mp4,5.50,132,1280,720
gloves_mask_t06.00_f0144.jpg,gloves + mask.mp4,6.00,144,1280,720
gloves_mask_t06.50_f0156.jpg,gloves + mask.mp4,6.50,156,1280,720
gloves_mask_t07.00_f0168.jpg,gloves + mask.mp4,7.00,168,1280,720
gloves_mask_t07.50_f0180.jpg,gloves + mask.mp4,7.50,180,1280,720
gloves_mask_t08.00_f0192.jpg,gloves + mask.mp4,8.00,192,1280,720
gloves_mask_t08.50_f0204.jpg,gloves + mask.mp4,8.50,204,1280,720
gloves_mask_t09.00_f0216.jpg,gloves + mask.mp4,9.00,216,1280,720
gloves_mask_t09.50_f0228.jpg,gloves + mask.mp4,9.50,228,1280,720
gloves_only_t00.00_f0000.jpg,gloves only.mp4,0.00,0,768,432
gloves_only_t00.48_f0012.jpg,gloves only.mp4,0.48,12,768,432
gloves_only_t00.96_f0024.jpg,gloves only.mp4,0.96,24,768,432
gloves_only_t01.44_f0036.jpg,gloves only.mp4,1.44,36,768,432
gloves_only_t01.92_f0048.jpg,gloves only.mp4,1.92,48,768,432
gloves_only_t02.40_f0060.jpg,gloves only.mp4,2.40,60,768,432
gloves_only_t02.88_f0072.jpg,gloves only.mp4,2.88,72,768,432
gloves_only_t03.36_f0084.jpg,gloves only.mp4,3.36,84,768,432
gloves_only_t03.84_f0096.jpg,gloves only.mp4,3.84,96,768,432
gloves_only_t04.32_f0108.jpg,gloves only.mp4,4.32,108,768,432
gloves_only_t04.80_f0120.jpg,gloves only.mp4,4.80,120,768,432
gloves_only_t05.28_f0132.jpg,gloves only.mp4,5.28,132,768,432
gloves_only_t05.76_f0144.jpg,gloves only.mp4,5.76,144,768,432
gloves_only_t06.24_f0156.jpg,gloves only.mp4,6.24,156,768,432
gloves_only_t06.72_f0168.jpg,gloves only.mp4,6.72,168,768,432
gloves_only_t07.20_f0180.jpg,gloves only.mp4,7.20,180,768,432
gloves_only_t07.68_f0192.jpg,gloves only.mp4,7.68,192,768,432
gloves_only_t08.16_f0204.jpg,gloves only.mp4,8.16,204,768,432
gloves_only_t08.64_f0216.jpg,gloves only.mp4,8.64,216,768,432
gloves_only_t09.12_f0228.jpg,gloves only.mp4,9.12,228,768,432
gloves_only_t09.60_f0240.jpg,gloves only.mp4,9.60,240,768,432
gloves_only_t10.08_f0252.jpg,gloves only.mp4,10.08,252,768,432
gloves_only_t10.56_f0264.jpg,gloves only.mp4,10.56,264,768,432
gloves_only_t11.04_f0276.jpg,gloves only.mp4,11.04,276,768,432
gloves_only_t11.52_f0288.jpg,gloves only.mp4,11.52,288,768,432
gloves_only_t12.00_f0300.jpg,gloves only.mp4,12.00,300,768,432
gloves_only_t12.48_f0312.jpg,gloves only.mp4,12.48,312,768,432
helmet_only_t00.00_f0000.jpg,helmet only.mp4,0.00,0,768,432
helmet_only_t00.48_f0012.jpg,helmet only.mp4,0.48,12,768,432
helmet_only_t00.96_f0024.jpg,helmet only.mp4,0.96,24,768,432
helmet_only_t01.44_f0036.jpg,helmet only.mp4,1.44,36,768,432
helmet_only_t01.92_f0048.jpg,helmet only.mp4,1.92,48,768,432
helmet_only_t02.40_f0060.jpg,helmet only.mp4,2.40,60,768,432
helmet_only_t02.88_f0072.jpg,helmet only.mp4,2.88,72,768,432
helmet_only_t03.36_f0084.jpg,helmet only.mp4,3.36,84,768,432
helmet_only_t03.84_f0096.jpg,helmet only.mp4,3.84,96,768,432
helmet_only_t04.32_f0108.jpg,helmet only.mp4,4.32,108,768,432
helmet_only_t04.80_f0120.jpg,helmet only.mp4,4.80,120,768,432
helmet_only_t05.28_f0132.jpg,helmet only.mp4,5.28,132,768,432
helmet_only_t05.76_f0144.jpg,helmet only.mp4,5.76,144,768,432
helmet_only_t06.24_f0156.jpg,helmet only.mp4,6.24,156,768,432
helmet_only_t06.72_f0168.jpg,helmet only.mp4,6.72,168,768,432
helmet_only_t07.20_f0180.jpg,helmet only.mp4,7.20,180,768,432
helmet_only_t07.68_f0192.jpg,helmet only.mp4,7.68,192,768,432
helmet_only_t08.16_f0204.jpg,helmet only.mp4,8.16,204,768,432
helmet_only_t08.64_f0216.jpg,helmet only.mp4,8.64,216,768,432
helmet_only_t09.12_f0228.jpg,helmet only.mp4,9.12,228,768,432
helmet_only_t09.60_f0240.jpg,helmet only.mp4,9.60,240,768,432
helmet_only_t10.08_f0252.jpg,helmet only.mp4,10.08,252,768,432
helmet_only_t10.56_f0264.jpg,helmet only.mp4,10.56,264,768,432
helmet_only_t11.04_f0276.jpg,helmet only.mp4,11.04,276,768,432
helmet_only_t11.52_f0288.jpg,helmet only.mp4,11.52,288,768,432
helmet_only_t12.00_f0300.jpg,helmet only.mp4,12.00,300,768,432
helmet_only_t12.48_f0312.jpg,helmet only.mp4,12.48,312,768,432
helmet_only_t12.96_f0324.jpg,helmet only.mp4,12.96,324,768,432
helmet_only_t13.44_f0336.jpg,helmet only.mp4,13.44,336,768,432
helmet_only_t13.92_f0348.jpg,helmet only.mp4,13.92,348,768,432
helmet_only_t14.40_f0360.jpg,helmet only.mp4,14.40,360,768,432
helmet_only_t14.88_f0372.jpg,helmet only.mp4,14.88,372,768,432
helmet_only_t15.36_f0384.jpg,helmet only.mp4,15.36,384,768,432
helmet_gloves_t00.00_f0000.jpg,helmet+gloves.mp4,0.00,0,768,432
helmet_gloves_t00.50_f0025.jpg,helmet+gloves.mp4,0.50,25,768,432
helmet_gloves_t01.00_f0050.jpg,helmet+gloves.mp4,1.00,50,768,432
helmet_gloves_t01.50_f0075.jpg,helmet+gloves.mp4,1.50,75,768,432
helmet_gloves_t02.00_f0100.jpg,helmet+gloves.mp4,2.00,100,768,432
helmet_gloves_t02.50_f0125.jpg,helmet+gloves.mp4,2.50,125,768,432
helmet_gloves_t03.00_f0150.jpg,helmet+gloves.mp4,3.00,150,768,432
helmet_gloves_t03.50_f0175.jpg,helmet+gloves.mp4,3.50,175,768,432
helmet_gloves_t04.00_f0200.jpg,helmet+gloves.mp4,4.00,200,768,432
helmet_gloves_t04.50_f0225.jpg,helmet+gloves.mp4,4.50,225,768,432
helmet_gloves_t05.00_f0250.jpg,helmet+gloves.mp4,5.00,250,768,432
helmet_gloves_t05.50_f0275.jpg,helmet+gloves.mp4,5.50,275,768,432
helmet_gloves_t06.00_f0300.jpg,helmet+gloves.mp4,6.00,300,768,432
helmet_gloves_t06.50_f0325.jpg,helmet+gloves.mp4,6.50,325,768,432
helmet_gloves_t07.00_f0350.jpg,helmet+gloves.mp4,7.00,350,768,432
helmet_gloves_t07.50_f0375.jpg,helmet+gloves.mp4,7.50,375,768,432
helmet_gloves_t08.00_f0400.jpg,helmet+gloves.mp4,8.00,400,768,432
helmet_gloves_t08.50_f0425.jpg,helmet+gloves.mp4,8.50,425,768,432
helmet_gloves_t09.00_f0450.jpg,helmet+gloves.mp4,9.00,450,768,432
helmet_gloves_t09.50_f0475.jpg,helmet+gloves.mp4,9.50,475,768,432
helmet_gloves_t10.00_f0500.jpg,helmet+gloves.mp4,10.00,500,768,432
helmet_gloves_t10.50_f0525.jpg,helmet+gloves.mp4,10.50,525,768,432
helmet_gloves_t11.00_f0550.jpg,helmet+gloves.mp4,11.00,550,768,432
helmet_gloves_t11.50_f0575.jpg,helmet+gloves.mp4,11.50,575,768,432
helmet_gloves_t12.00_f0600.jpg,helmet+gloves.mp4,12.00,600,768,432
helmet_gloves_t12.50_f0625.jpg,helmet+gloves.mp4,12.50,625,768,432
helmet_gloves_t13.00_f0650.jpg,helmet+gloves.mp4,13.00,650,768,432
helmet_gloves_t13.50_f0675.jpg,helmet+gloves.mp4,13.50,675,768,432
helmet_gloves_t14.00_f0700.jpg,helmet+gloves.mp4,14.00,700,768,432
helmet_gloves_t14.50_f0725.jpg,helmet+gloves.mp4,14.50,725,768,432
helmet_gloves_t15.00_f0750.jpg,helmet+gloves.mp4,15.00,750,768,432
helmet_gloves_t15.50_f0775.jpg,helmet+gloves.mp4,15.50,775,768,432
helmet_gloves_t16.00_f0800.jpg,helmet+gloves.mp4,16.00,800,768,432
helmet_gloves_t16.50_f0825.jpg,helmet+gloves.mp4,16.50,825,768,432
helmet_gloves_t17.00_f0850.jpg,helmet+gloves.mp4,17.00,850,768,432
helmet_gloves_t17.50_f0875.jpg,helmet+gloves.mp4,17.50,875,768,432
helmet_gloves_t18.00_f0900.jpg,helmet+gloves.mp4,18.00,900,768,432
helmet_gloves_t18.50_f0925.jpg,helmet+gloves.mp4,18.50,925,768,432
helmet_gloves_t19.00_f0950.jpg,helmet+gloves.mp4,19.00,950,768,432
helmet_mask_glove_t00.00_f0000.jpg,helmet+mask+glove.mp4,0.00,0,596,336
helmet_mask_glove_t00.48_f0012.jpg,helmet+mask+glove.mp4,0.48,12,596,336
helmet_mask_glove_t00.96_f0024.jpg,helmet+mask+glove.mp4,0.96,24,596,336
helmet_mask_glove_t01.44_f0036.jpg,helmet+mask+glove.mp4,1.44,36,596,336
helmet_mask_glove_t01.92_f0048.jpg,helmet+mask+glove.mp4,1.92,48,596,336
helmet_mask_glove_t02.40_f0060.jpg,helmet+mask+glove.mp4,2.40,60,596,336
helmet_mask_glove_t02.88_f0072.jpg,helmet+mask+glove.mp4,2.88,72,596,336
helmet_mask_glove_t03.36_f0084.jpg,helmet+mask+glove.mp4,3.36,84,596,336
helmet_mask_glove_t03.84_f0096.jpg,helmet+mask+glove.mp4,3.84,96,596,336
helmet_mask_glove_t04.32_f0108.jpg,helmet+mask+glove.mp4,4.32,108,596,336
helmet_mask_glove_t04.80_f0120.jpg,helmet+mask+glove.mp4,4.80,120,596,336
helmet_mask_glove_t05.28_f0132.jpg,helmet+mask+glove.mp4,5.28,132,596,336
helmet_mask_glove_t05.76_f0144.jpg,helmet+mask+glove.mp4,5.76,144,596,336
helmet_mask_glove_t06.24_f0156.jpg,helmet+mask+glove.mp4,6.24,156,596,336
helmet_mask_glove_t06.72_f0168.jpg,helmet+mask+glove.mp4,6.72,168,596,336
helmet_mask_glove_t07.20_f0180.jpg,helmet+mask+glove.mp4,7.20,180,596,336
helmet_mask_glove_t07.68_f0192.jpg,helmet+mask+glove.mp4,7.68,192,596,336
helmet_mask_glove_t08.16_f0204.jpg,helmet+mask+glove.mp4,8.16,204,596,336
helmet_mask_glove_t08.64_f0216.jpg,helmet+mask+glove.mp4,8.64,216,596,336
helmet_mask_glove_t09.12_f0228.jpg,helmet+mask+glove.mp4,9.12,228,596,336
helmet_mask_glove_t09.60_f0240.jpg,helmet+mask+glove.mp4,9.60,240,596,336
helmet_mask_glove_t10.08_f0252.jpg,helmet+mask+glove.mp4,10.08,252,596,336
helmet_mask_glove_t10.56_f0264.jpg,helmet+mask+glove.mp4,10.56,264,596,336
helmet_mask_glove_t11.04_f0276.jpg,helmet+mask+glove.mp4,11.04,276,596,336
helmet_mask_glove_t11.52_f0288.jpg,helmet+mask+glove.mp4,11.52,288,596,336
helmet_mask_glove_t12.00_f0300.jpg,helmet+mask+glove.mp4,12.00,300,596,336
helmet_mask_glove_t12.48_f0312.jpg,helmet+mask+glove.mp4,12.48,312,596,336
helmet_mask_glove_t12.96_f0324.jpg,helmet+mask+glove.mp4,12.96,324,596,336
helmet_mask_glove_t13.44_f0336.jpg,helmet+mask+glove.mp4,13.44,336,596,336
helmet_mask_gloves_t00.00_f0000.jpg,helmet+mask+gloves.mp4,0.00,0,596,336
helmet_mask_gloves_t00.48_f0012.jpg,helmet+mask+gloves.mp4,0.48,12,596,336
helmet_mask_gloves_t00.96_f0024.jpg,helmet+mask+gloves.mp4,0.96,24,596,336
helmet_mask_gloves_t01.44_f0036.jpg,helmet+mask+gloves.mp4,1.44,36,596,336
helmet_mask_gloves_t01.92_f0048.jpg,helmet+mask+gloves.mp4,1.92,48,596,336
helmet_mask_gloves_t02.40_f0060.jpg,helmet+mask+gloves.mp4,2.40,60,596,336
helmet_mask_gloves_t02.88_f0072.jpg,helmet+mask+gloves.mp4,2.88,72,596,336
helmet_mask_gloves_t03.36_f0084.jpg,helmet+mask+gloves.mp4,3.36,84,596,336
helmet_mask_gloves_t03.84_f0096.jpg,helmet+mask+gloves.mp4,3.84,96,596,336
helmet_mask_gloves_t04.32_f0108.jpg,helmet+mask+gloves.mp4,4.32,108,596,336
helmet_mask_gloves_t04.80_f0120.jpg,helmet+mask+gloves.mp4,4.80,120,596,336
helmet_mask_gloves_t05.28_f0132.jpg,helmet+mask+gloves.mp4,5.28,132,596,336
helmet_mask_gloves_t05.76_f0144.jpg,helmet+mask+gloves.mp4,5.76,144,596,336
helmet_mask_gloves_t06.24_f0156.jpg,helmet+mask+gloves.mp4,6.24,156,596,336
helmet_mask_gloves_t06.72_f0168.jpg,helmet+mask+gloves.mp4,6.72,168,596,336
helmet_mask_gloves_t07.20_f0180.jpg,helmet+mask+gloves.mp4,7.20,180,596,336
helmet_mask_gloves_t07.68_f0192.jpg,helmet+mask+gloves.mp4,7.68,192,596,336
helmet_mask_gloves_t08.16_f0204.jpg,helmet+mask+gloves.mp4,8.16,204,596,336
helmet_mask_gloves_t08.64_f0216.jpg,helmet+mask+gloves.mp4,8.64,216,596,336
helmet_mask_gloves_t09.12_f0228.jpg,helmet+mask+gloves.mp4,9.12,228,596,336
helmet_mask_gloves_t09.60_f0240.jpg,helmet+mask+gloves.mp4,9.60,240,596,336
helmet_mask_gloves_t10.08_f0252.jpg,helmet+mask+gloves.mp4,10.08,252,596,336
helmet_mask_gloves_t10.56_f0264.jpg,helmet+mask+gloves.mp4,10.56,264,596,336
helmet_mask_gloves_t11.04_f0276.jpg,helmet+mask+gloves.mp4,11.04,276,596,336
helmet_mask_gloves_t11.52_f0288.jpg,helmet+mask+gloves.mp4,11.52,288,596,336
helmet_mask_gloves_t12.00_f0300.jpg,helmet+mask+gloves.mp4,12.00,300,596,336
helmet_mask_gloves_t12.48_f0312.jpg,helmet+mask+gloves.mp4,12.48,312,596,336
helmet_mask_gloves_t12.96_f0324.jpg,helmet+mask+gloves.mp4,12.96,324,596,336
helmet_mask_gloves_t13.44_f0336.jpg,helmet+mask+gloves.mp4,13.44,336,596,336
helmet_mask_gloves_t13.92_f0348.jpg,helmet+mask+gloves.mp4,13.92,348,596,336
helmet_mask_gloves_t14.40_f0360.jpg,helmet+mask+gloves.mp4,14.40,360,596,336
helmet_mask_gloves_t14.88_f0372.jpg,helmet+mask+gloves.mp4,14.88,372,596,336
helmet_mask_gloves_t15.36_f0384.jpg,helmet+mask+gloves.mp4,15.36,384,596,336
helmet_mask_gloves_t15.84_f0396.jpg,helmet+mask+gloves.mp4,15.84,396,596,336
helmet_mask_gloves_t16.32_f0408.jpg,helmet+mask+gloves.mp4,16.32,408,596,336
helmet_mask_gloves_t16.80_f0420.jpg,helmet+mask+gloves.mp4,16.80,420,596,336
helmet_mask_gloves_t17.28_f0432.jpg,helmet+mask+gloves.mp4,17.28,432,596,336
helmet_mask_gloves_t17.76_f0444.jpg,helmet+mask+gloves.mp4,17.76,444,596,336
helmet_mask_gloves_t18.24_f0456.jpg,helmet+mask+gloves.mp4,18.24,456,596,336
helmet_mask_gloves_t18.72_f0468.jpg,helmet+mask+gloves.mp4,18.72,468,596,336
helmet_mask_gloves_t19.20_f0480.jpg,helmet+mask+gloves.mp4,19.20,480,596,336
helmet_mask_gloves_t19.68_f0492.jpg,helmet+mask+gloves.mp4,19.68,492,596,336
helmet_mask_gloves_t20.16_f0504.jpg,helmet+mask+gloves.mp4,20.16,504,596,336
helmet_mask_gloves_t20.64_f0516.jpg,helmet+mask+gloves.mp4,20.64,516,596,336
helmet_mask_gloves_t21.12_f0528.jpg,helmet+mask+gloves.mp4,21.12,528,596,336
helmet_mask_gloves_t21.60_f0540.jpg,helmet+mask+gloves.mp4,21.60,540,596,336
helmet_mask_gloves_t22.08_f0552.jpg,helmet+mask+gloves.mp4,22.08,552,596,336
helmet_mask_gloves_t22.56_f0564.jpg,helmet+mask+gloves.mp4,22.56,564,596,336
helmet_mask_gloves_t23.04_f0576.jpg,helmet+mask+gloves.mp4,23.04,576,596,336
helmet_mask_gloves02_t00.00_f0000.jpg,helmet+mask+gloves02-.mp4,0.00,0,768,432
helmet_mask_gloves02_t00.50_f0012.jpg,helmet+mask+gloves02-.mp4,0.50,12,768,432
helmet_mask_gloves02_t01.00_f0024.jpg,helmet+mask+gloves02-.mp4,1.00,24,768,432
helmet_mask_gloves02_t01.50_f0036.jpg,helmet+mask+gloves02-.mp4,1.50,36,768,432
helmet_mask_gloves02_t02.00_f0048.jpg,helmet+mask+gloves02-.mp4,2.00,48,768,432
helmet_mask_gloves02_t02.50_f0060.jpg,helmet+mask+gloves02-.mp4,2.50,60,768,432
helmet_mask_gloves02_t03.00_f0072.jpg,helmet+mask+gloves02-.mp4,3.00,72,768,432
helmet_mask_gloves02_t03.50_f0084.jpg,helmet+mask+gloves02-.mp4,3.50,84,768,432
helmet_mask_gloves02_t04.00_f0096.jpg,helmet+mask+gloves02-.mp4,4.00,96,768,432
helmet_mask_gloves02_t04.50_f0108.jpg,helmet+mask+gloves02-.mp4,4.50,108,768,432
helmet_mask_gloves02_t05.00_f0120.jpg,helmet+mask+gloves02-.mp4,5.00,120,768,432
helmet_mask_gloves02_t05.51_f0132.jpg,helmet+mask+gloves02-.mp4,5.51,132,768,432
helmet_mask_gloves02_t06.01_f0144.jpg,helmet+mask+gloves02-.mp4,6.01,144,768,432
helmet_mask_gloves02_t06.51_f0156.jpg,helmet+mask+gloves02-.mp4,6.51,156,768,432
helmet_mask_gloves02_t07.01_f0168.jpg,helmet+mask+gloves02-.mp4,7.01,168,768,432
helmet_mask_gloves02_t07.51_f0180.jpg,helmet+mask+gloves02-.mp4,7.51,180,768,432
helmet_mask_gloves02_t08.01_f0192.jpg,helmet+mask+gloves02-.mp4,8.01,192,768,432
helmet_mask_gloves02_t08.51_f0204.jpg,helmet+mask+gloves02-.mp4,8.51,204,768,432
helmet_mask_gloves02_t09.01_f0216.jpg,helmet+mask+gloves02-.mp4,9.01,216,768,432
helmet_mask_gloves02_t09.51_f0228.jpg,helmet+mask+gloves02-.mp4,9.51,228,768,432
helmet_mask_gloves02_t10.01_f0240.jpg,helmet+mask+gloves02-.mp4,10.01,240,768,432
helmet_mask_gloves02_t10.51_f0252.jpg,helmet+mask+gloves02-.mp4,10.51,252,768,432
helmet_mask_gloves02_t11.01_f0264.jpg,helmet+mask+gloves02-.mp4,11.01,264,768,432
helmet_mask_gloves02_t11.51_f0276.jpg,helmet+mask+gloves02-.mp4,11.51,276,768,432
helmet_mask_gloves02_t12.01_f0288.jpg,helmet+mask+gloves02-.mp4,12.01,288,768,432
helmet_mask_gloves02_t12.51_f0300.jpg,helmet+mask+gloves02-.mp4,12.51,300,768,432
helmet_mask_t00.00_f0000.jpg,helmet+mask.mp4,0.00,0,768,432
helmet_mask_t00.48_f0012.jpg,helmet+mask.mp4,0.48,12,768,432
helmet_mask_t00.96_f0024.jpg,helmet+mask.mp4,0.96,24,768,432
helmet_mask_t01.44_f0036.jpg,helmet+mask.mp4,1.44,36,768,432
helmet_mask_t01.92_f0048.jpg,helmet+mask.mp4,1.92,48,768,432
helmet_mask_t02.40_f0060.jpg,helmet+mask.mp4,2.40,60,768,432
helmet_mask_t02.88_f0072.jpg,helmet+mask.mp4,2.88,72,768,432
helmet_mask_t03.36_f0084.jpg,helmet+mask.mp4,3.36,84,768,432
helmet_mask_t03.84_f0096.jpg,helmet+mask.mp4,3.84,96,768,432
helmet_mask_t04.32_f0108.jpg,helmet+mask.mp4,4.32,108,768,432
helmet_mask_t04.80_f0120.jpg,helmet+mask.mp4,4.80,120,768,432
helmet_mask_t05.28_f0132.jpg,helmet+mask.mp4,5.28,132,768,432
helmet_mask_t05.76_f0144.jpg,helmet+mask.mp4,5.76,144,768,432
helmet_mask_t06.24_f0156.jpg,helmet+mask.mp4,6.24,156,768,432
helmet_mask_t06.72_f0168.jpg,helmet+mask.mp4,6.72,168,768,432
helmet_mask_t07.20_f0180.jpg,helmet+mask.mp4,7.20,180,768,432
helmet_mask_t07.68_f0192.jpg,helmet+mask.mp4,7.68,192,768,432
helmet_mask_t08.16_f0204.jpg,helmet+mask.mp4,8.16,204,768,432
helmet_mask_t08.64_f0216.jpg,helmet+mask.mp4,8.64,216,768,432
helmet_mask_t09.12_f0228.jpg,helmet+mask.mp4,9.12,228,768,432
helmet_mask_t09.60_f0240.jpg,helmet+mask.mp4,9.60,240,768,432
helmet_mask_t10.08_f0252.jpg,helmet+mask.mp4,10.08,252,768,432
helmet_mask_t10.56_f0264.jpg,helmet+mask.mp4,10.56,264,768,432
helmet_mask_t11.04_f0276.jpg,helmet+mask.mp4,11.04,276,768,432
helmet_mask_t11.52_f0288.jpg,helmet+mask.mp4,11.52,288,768,432
helmet_mask_t12.00_f0300.jpg,helmet+mask.mp4,12.00,300,768,432
helmet_mask_t12.48_f0312.jpg,helmet+mask.mp4,12.48,312,768,432
helmet_mask_t12.96_f0324.jpg,helmet+mask.mp4,12.96,324,768,432
helmet_mask_t13.44_f0336.jpg,helmet+mask.mp4,13.44,336,768,432
helmet_mask_t13.92_f0348.jpg,helmet+mask.mp4,13.92,348,768,432
helmet_mask_t14.40_f0360.jpg,helmet+mask.mp4,14.40,360,768,432
helmet_mask_t14.88_f0372.jpg,helmet+mask.mp4,14.88,372,768,432
mask_only_t00.00_f0000.jpg,mask only.mp4,0.00,0,768,432
mask_only_t00.50_f0015.jpg,mask only.mp4,0.50,15,768,432
mask_only_t01.00_f0030.jpg,mask only.mp4,1.00,30,768,432
mask_only_t01.50_f0045.jpg,mask only.mp4,1.50,45,768,432
mask_only_t02.00_f0060.jpg,mask only.mp4,2.00,60,768,432
mask_only_t02.50_f0075.jpg,mask only.mp4,2.50,75,768,432
mask_only_t03.00_f0090.jpg,mask only.mp4,3.00,90,768,432
mask_only_t03.50_f0105.jpg,mask only.mp4,3.50,105,768,432
mask_only_t04.00_f0120.jpg,mask only.mp4,4.00,120,768,432
mask_only_t04.50_f0135.jpg,mask only.mp4,4.50,135,768,432
mask_only_t05.00_f0150.jpg,mask only.mp4,5.00,150,768,432
mask_only_t05.51_f0165.jpg,mask only.mp4,5.51,165,768,432
mask_only_t06.01_f0180.jpg,mask only.mp4,6.01,180,768,432
mask_only_t06.51_f0195.jpg,mask only.mp4,6.51,195,768,432
mask_only_t07.01_f0210.jpg,mask only.mp4,7.01,210,768,432
mask_only_t07.51_f0225.jpg,mask only.mp4,7.51,225,768,432
mask_only_t08.01_f0240.jpg,mask only.mp4,8.01,240,768,432
mask_only_t08.51_f0255.jpg,mask only.mp4,8.51,255,768,432
mask_only_t09.01_f0270.jpg,mask only.mp4,9.01,270,768,432
mask_only_t09.51_f0285.jpg,mask only.mp4,9.51,285,768,432
mask_only_t10.01_f0300.jpg,mask only.mp4,10.01,300,768,432
mask_only_t10.51_f0315.jpg,mask only.mp4,10.51,315,768,432
mask_only_t11.01_f0330.jpg,mask only.mp4,11.01,330,768,432
mask_only_t11.51_f0345.jpg,mask only.mp4,11.51,345,768,432
mask_only_t12.01_f0360.jpg,mask only.mp4,12.01,360,768,432
mask_only_t12.51_f0375.jpg,mask only.mp4,12.51,375,768,432
mask_only_t13.01_f0390.jpg,mask only.mp4,13.01,390,768,432
mask_only_t13.51_f0405.jpg,mask only.mp4,13.51,405,768,432
mask_only_t14.01_f0420.jpg,mask only.mp4,14.01,420,768,432
mask_only_t14.51_f0435.jpg,mask only.mp4,14.51,435,768,432
mask_only_t15.02_f0450.jpg,mask only.mp4,15.02,450,768,432
mask_only_t15.52_f0465.jpg,mask only.mp4,15.52,465,768,432
mask_only_t16.02_f0480.jpg,mask only.mp4,16.02,480,768,432
mask_only_t16.52_f0495.jpg,mask only.mp4,16.52,495,768,432
mask_only_t17.02_f0510.jpg,mask only.mp4,17.02,510,768,432
mask_only_t17.52_f0525.jpg,mask only.mp4,17.52,525,768,432
mask_only_t18.02_f0540.jpg,mask only.mp4,18.02,540,768,432
mask_only_t18.52_f0555.jpg,mask only.mp4,18.52,555,768,432
mask_only_t19.02_f0570.jpg,mask only.mp4,19.02,570,768,432
mask_only_t19.52_f0585.jpg,mask only.mp4,19.52,585,768,432
mask_only_t20.02_f0600.jpg,mask only.mp4,20.02,600,768,432
no_safety_t00.00_f0000.jpg,no safety.mp4,0.00,0,768,432
no_safety_t00.50_f0015.jpg,no safety.mp4,0.50,15,768,432
no_safety_t01.00_f0030.jpg,no safety.mp4,1.00,30,768,432
no_safety_t01.50_f0045.jpg,no safety.mp4,1.50,45,768,432
no_safety_t02.00_f0060.jpg,no safety.mp4,2.00,60,768,432
no_safety_t02.50_f0075.jpg,no safety.mp4,2.50,75,768,432
no_safety_t03.00_f0090.jpg,no safety.mp4,3.00,90,768,432
no_safety_t03.50_f0105.jpg,no safety.mp4,3.50,105,768,432
no_safety_t04.00_f0120.jpg,no safety.mp4,4.00,120,768,432
no_safety_t04.50_f0135.jpg,no safety.mp4,4.50,135,768,432
no_safety_t05.00_f0150.jpg,no safety.mp4,5.00,150,768,432
no_safety_t05.51_f0165.jpg,no safety.mp4,5.51,165,768,432
no_safety_t06.01_f0180.jpg,no safety.mp4,6.01,180,768,432
no_safety_t06.51_f0195.jpg,no safety.mp4,6.51,195,768,432
no_safety_t07.01_f0210.jpg,no safety.mp4,7.01,210,768,432
no_safety_t07.51_f0225.jpg,no safety.mp4,7.51,225,768,432
no_safety_t08.01_f0240.jpg,no safety.mp4,8.01,240,768,432
no_safety_t08.51_f0255.jpg,no safety.mp4,8.51,255,768,432
no_safety_t09.01_f0270.jpg,no safety.mp4,9.01,270,768,432
no_safety_t09.51_f0285.jpg,no safety.mp4,9.51,285,768,432
no_safety_t10.01_f0300.jpg,no safety.mp4,10.01,300,768,432
no_safety_t10.51_f0315.jpg,no safety.mp4,10.51,315,768,432
