class,confidence_threshold,tp,fp,fn,precision,recall,f1,num_predictions,num_ground_truth,delta_fp_vs_025,delta_fn_vs_025
helmet,0.2000,165,11,31,0.9375,0.8418,0.8871,176,196,1,-6
helmet,0.2500,159,10,37,0.9408,0.8112,0.8712,169,196,0,0
helmet,0.3000,154,7,42,0.9565,0.7857,0.8627,161,196,-3,5
helmet,0.3500,147,7,49,0.9545,0.7500,0.8400,154,196,-3,12
helmet,0.4000,136,6,60,0.9577,0.6939,0.8047,142,196,-4,23
helmet,0.4500,130,4,66,0.9701,0.6633,0.7879,134,196,-6,29
helmet,0.5000,124,3,72,0.9764,0.6327,0.7678,127,196,-7,35
helmet,0.5500,112,0,84,1.0000,0.5714,0.7273,112,196,-10,47
helmet,0.6000,97,0,99,1.0000,0.4949,0.6621,97,196,-10,62
mask,0.2000,138,30,34,0.8214,0.8023,0.8118,168,172,12,-9
mask,0.2500,129,18,43,0.8776,0.7500,0.8088,147,172,0,0
mask,0.3000,123,10,49,0.9248,0.7151,0.8066,133,172,-8,6
mask,0.3500,120,9,52,0.9302,0.6977,0.7973,129,172,-9,9
mask,0.4000,116,5,56,0.9587,0.6744,0.7918,121,172,-13,13
mask,0.4500,113,3,59,0.9741,0.6570,0.7847,116,172,-15,16
mask,0.5000,109,1,63,0.9909,0.6337,0.7730,110,172,-17,20
mask,0.5500,106,1,66,0.9907,0.6163,0.7599,107,172,-17,23
mask,0.6000,103,1,69,0.9904,0.5988,0.7464,104,172,-17,26
person,0.2000,359,371,27,0.4918,0.9301,0.6434,730,386,66,-5
person,0.2500,354,305,32,0.5372,0.9171,0.6775,659,386,0,0
person,0.3000,350,251,36,0.5824,0.9067,0.7092,601,386,-54,4
person,0.3500,348,202,38,0.6327,0.9016,0.7436,550,386,-103,6
person,0.4000,342,160,44,0.6813,0.8860,0.7703,502,386,-145,12
person,0.4500,339,119,47,0.7402,0.8782,0.8033,458,386,-186,15
person,0.5000,337,91,49,0.7874,0.8731,0.8280,428,386,-214,17
person,0.5500,329,74,57,0.8164,0.8523,0.8340,403,386,-231,25
person,0.6000,313,52,73,0.8575,0.8109,0.8336,365,386,-253,41
