image_name,iou,conf_a,conf_b,conf_diff,box_a,box_b,category,gt_match_a,gt_match_b,img_w,img_h
19832490_hd_1920_1080_25fps_t00-00_f0000_jpg.rf.UeCbzC5MR4GrzgtfKxrk.jpg,0.5642,0.7746,0.5639,0.2107,"[1602.8, 0.0, 1892.1, 377.6]","[1465.6, 0.0, 1895.6, 450.2]",TRUE_DUPLICATE,5,5,1920,1080
19832490_hd_1920_1080_25fps_t00-96_f0024_jpg.rf.uLKsWCF1xoyowB0Sy520.jpg,0.6876,0.8854,0.7736,0.1118,"[299.6, 92.3, 716.6, 648.5]","[292.5, 106.8, 723.4, 855.1]",TRUE_DUPLICATE,1,1,1920,1080
19832490_hd_1920_1080_25fps_t01-92_f0048_jpg.rf.UTygC2gDWYBtiMHMADtn.jpg,0.6487,0.8303,0.5821,0.2482,"[1614.1, 0.0, 1891.6, 348.2]","[1573.1, 0.0, 1896.3, 460.9]",TRUE_DUPLICATE,0,0,1920,1080
19832490_hd_1920_1080_25fps_t01-92_f0048_jpg.rf.UTygC2gDWYBtiMHMADtn.jpg,0.6218,0.7926,0.7404,0.0522,"[225.5, 191.0, 552.0, 790.9]","[235.4, 195.7, 685.7, 717.2]",TRUE_DUPLICATE,4,4,1920,1080
19832490_hd_1920_1080_25fps_t02-64_f0066_jpg.rf.FVn1QGkiaMdlt4gVYBJ9.jpg,0.5905,0.7263,0.5497,0.1766,"[252.3, 173.1, 730.2, 658.1]","[269.3, 178.2, 632.9, 833.3]",TRUE_DUPLICATE,3,3,1920,1080
19832490_hd_1920_1080_25fps_t02-88_f0072_jpg.rf.jfbblZScl1ao9ZMsg5d4.jpg,0.5708,0.8396,0.5441,0.2955,"[225.8, 196.1, 670.7, 658.0]","[228.7, 197.1, 649.0, 976.7]",TRUE_DUPLICATE,2,2,1920,1080
19832490_hd_1920_1080_25fps_t03-60_f0090_jpg.rf.IhFG6PXrlOkVkkM0GCoQ.jpg,0.505,0.8267,0.5506,0.2761,"[323.5, 152.0, 554.8, 574.5]","[303.5, 133.6, 663.3, 671.6]",TRUE_DUPLICATE,1,1,1920,1080
19832490_hd_1920_1080_25fps_t03-60_f0090_jpg.rf.IhFG6PXrlOkVkkM0GCoQ.jpg,0.6925,0.7789,0.576,0.2029,"[1538.0, 0.4, 1889.1, 345.4]","[1592.6, 0.0, 1900.5, 418.7]",TRUE_DUPLICATE,6,6,1920,1080
19832490_hd_1920_1080_25fps_t04-32_f0108_jpg.rf.N7sG4fytCoZvR482nVl0.jpg,0.629,0.7894,0.571,0.2183,"[1557.5, 0.0, 1887.9, 344.1]","[1599.5, 0.0, 1897.6, 480.7]",TRUE_DUPLICATE,6,6,1920,1080
19832490_hd_1920_1080_25fps_t05-28_f0132_jpg.rf.muDMNThQPgDAX0tev2Qz.jpg,0.6916,0.7478,0.5775,0.1703,"[244.8, 252.5, 568.7, 736.5]","[248.1, 255.8, 701.9, 741.0]",TRUE_DUPLICATE,1,1,1920,1080
19832490_hd_1920_1080_25fps_t05-28_f0132_jpg.rf.muDMNThQPgDAX0tev2Qz.jpg,0.6651,0.7131,0.5096,0.2035,"[1546.3, 2.0, 1855.3, 320.4]","[1608.1, 0.0, 1897.2, 341.2]",TRUE_DUPLICATE,6,6,1920,1080
4017518657_preview_t03-50_f0105_jpg.rf.RKAnkMDvrSU8SUXC2nPT.jpg,0.6645,0.8417,0.6471,0.1946,"[185.1, 43.5, 465.9, 503.1]","[186.5, 111.4, 406.1, 504.7]",TRUE_DUPLICATE,0,0,898,506
4017518657_preview_t04-90_f0147_jpg.rf.KNOIXW0DLHHTTrUoVsOA.jpg,0.6351,0.8866,0.624,0.2627,"[405.3, 96.3, 853.8, 501.3]","[410.2, 100.1, 698.0, 501.9]",TRUE_DUPLICATE,0,0,898,506
4017518657_preview_t05-00_f0150_jpg.rf.JY7xOeBRAb1d3MNVwsFC.jpg,0.6315,0.8408,0.7102,0.1306,"[395.0, 94.4, 837.9, 502.0]","[395.0, 101.2, 685.3, 494.0]",TRUE_DUPLICATE,1,1,898,506
4017518657_preview_t07-71_f0231_jpg.rf.D0PAuQ3630S6NMVaGjeN.jpg,0.6858,0.7853,0.7267,0.0586,"[404.2, 97.9, 863.0, 503.5]","[411.4, 102.6, 729.9, 503.2]",TRUE_DUPLICATE,0,0,898,506
8482302_hd_1920_1080_25fps_t00-00_f0000_jpg.rf.nzZ3fDlKWaIBmXllCm0Q.jpg,0.6257,0.9129,0.6186,0.2943,"[205.4, 83.5, 1019.3, 1080.0]","[208.1, 84.4, 717.8, 1080.0]",TRUE_DUPLICATE,0,0,1920,1080
8482302_hd_1920_1080_25fps_t00-00_f0000_jpg.rf.nzZ3fDlKWaIBmXllCm0Q.jpg,0.5942,0.8777,0.8295,0.0483,"[575.9, 193.2, 935.8, 1080.0]","[576.4, 188.2, 938.5, 726.2]",TRUE_DUPLICATE,1,1,1920,1080
8482302_hd_1920_1080_25fps_t00-24_f0006_jpg.rf.LCEuFKEGcH3R2gL47TZu.jpg,0.6889,0.904,0.615,0.289,"[215.5, 82.3, 1017.2, 1080.0]","[219.2, 82.2, 771.4, 1080.0]",TRUE_DUPLICATE,0,0,1920,1080
8482302_hd_1920_1080_25fps_t00-96_f0024_jpg.rf.ZMTMPwnwtq6nPPsNrFBt.jpg,0.5727,0.7858,0.7421,0.0438,"[616.4, 195.6, 974.1, 1080.0]","[615.1, 187.5, 993.6, 724.6]",TRUE_DUPLICATE,1,1,1920,1080
8482302_hd_1920_1080_25fps_t01-92_f0048_jpg.rf.mHTPmFLozWdcHKr1Dk7G.jpg,0.5305,0.7025,0.585,0.1175,"[177.4, 80.8, 1251.1, 1075.7]","[183.2, 76.7, 755.2, 1079.4]",TRUE_DUPLICATE,0,0,1920,1080
8482302_hd_1920_1080_25fps_t02-40_f0060_jpg.rf.d3Sy8Vmto5BYhul6IPHj.jpg,0.5042,0.6527,0.5815,0.0712,"[164.4, 77.5, 1333.6, 1068.8]","[167.8, 69.5, 761.4, 1074.6]",TRUE_DUPLICATE,0,0,1920,1080
8482302_hd_1920_1080_25fps_t10-32_f0258_jpg.rf.uTX7S1etU0qcMlZXNj0x.jpg,0.6562,0.6994,0.5184,0.181,"[939.2, 203.9, 1419.5, 940.2]","[799.1, 202.5, 1417.4, 806.3]",TRUE_DUPLICATE,2,2,1920,1080
8482302_hd_1920_1080_25fps_t11-04_f0276_jpg.rf.Zd9VieC4sRToBl9uJnDd.jpg,0.6488,0.6658,0.5955,0.0703,"[899.0, 198.0, 1418.1, 841.0]","[828.2, 193.9, 1419.2, 1064.6]",TRUE_DUPLICATE,2,2,1920,1080
8482302_hd_1920_1080_25fps_t11-76_f0294_jpg.rf.NQGgA0s9VUQaZT2AdlwI.jpg,0.6487,0.7733,0.6196,0.1537,"[938.2, 197.0, 1435.5, 1065.8]","[936.1, 197.6, 1426.6, 773.1]",TRUE_DUPLICATE,2,2,1920,1080
8482302_hd_1920_1080_25fps_t11-76_f0294_jpg.rf.NQGgA0s9VUQaZT2AdlwI.jpg,0.6961,0.7136,0.6801,0.0334,"[586.2, 98.4, 999.4, 770.5]","[591.3, 102.3, 994.8, 1042.2]",TRUE_DUPLICATE,1,1,1920,1080
8482302_hd_1920_1080_25fps_t12-24_f0306_jpg.rf.afsiGOyxNtfdmGuHw469.jpg,0.6961,0.6087,0.5725,0.0362,"[580.7, 106.9, 1247.0, 1070.0]","[588.4, 104.7, 1056.3, 1079.9]",TRUE_DUPLICATE,1,1,1920,1080
8482302_hd_1920_1080_25fps_t12-48_f0312_jpg.rf.d0UJ6jhzOPwUXoNsdhu1.jpg,0.6806,0.6802,0.5103,0.1699,"[586.7, 105.5, 1258.6, 1071.5]","[578.1, 107.0, 1053.4, 1080.0]",TRUE_DUPLICATE,1,1,1920,1080
gloves_mask_t00-00_f0000 - Copy_jpg.rf.7LrwzIlP8VQduj4C5JXk.jpg,0.5294,0.8937,0.6498,0.2439,"[931.7, 167.6, 1103.9, 717.6]","[926.0, 170.0, 1249.4, 713.7]",TRUE_DUPLICATE,2,2,1280,720
gloves_mask_t00-00_f0000 - Copy_jpg.rf.7LrwzIlP8VQduj4C5JXk.jpg,0.5553,0.7454,0.6557,0.0897,"[548.2, 206.1, 706.0, 457.4]","[546.1, 204.7, 700.0, 641.3]",TRUE_DUPLICATE,1,1,1280,720
gloves_mask_t02-50_f0060 - Copy_jpg.rf.m41obDZvqvXjYBdQ9piQ.jpg,0.5267,0.6464,0.6261,0.0203,"[546.9, 203.9, 699.9, 642.0]","[548.5, 206.7, 703.4, 442.8]",TRUE_DUPLICATE,1,1,1280,720
gloves_mask_t02-75_f0066 - Copy_jpg.rf.8PEXHTy696pGOBrbvdVp.jpg,0.6256,0.9538,0.6718,0.2819,"[854.7, 167.2, 1085.8, 714.2]","[723.3, 158.4, 1085.9, 712.0]",TRUE_DUPLICATE,2,2,1280,720
gloves_mask_t03-25_f0078_jpg.rf.mypZL3x70d9zwU6p8Nce.jpg,0.5717,0.9637,0.6271,0.3365,"[889.7, 165.9, 1080.7, 714.1]","[753.7, 156.9, 1081.8, 712.3]",TRUE_DUPLICATE,2,2,1280,720
gloves_mask_t04-50_f0108_jpg.rf.LvLxWrAh6Ah4mrFX6l76.jpg,0.6583,0.9432,0.514,0.4292,"[886.8, 162.5, 1109.0, 716.4]","[780.5, 167.3, 1113.6, 710.3]",TRUE_DUPLICATE,0,0,1280,720
gloves_mask_t04-50_f0108_jpg.rf.LvLxWrAh6Ah4mrFX6l76.jpg,0.54,0.6929,0.6746,0.0183,"[535.1, 204.2, 703.8, 639.1]","[535.9, 208.7, 705.6, 446.1]",TRUE_DUPLICATE,1,1,1280,720
gloves_mask_t06-75_f0162_jpg.rf.37OsR32Hx9VrsFVXWifp.jpg,0.5276,0.7047,0.6207,0.084,"[529.9, 202.2, 689.7, 454.8]","[528.0, 209.3, 694.3, 649.4]",TRUE_DUPLICATE,1,1,1280,720
gloves_mask_t07-50_f0180_jpg.rf.Q2CkAxJ8u52NOOFzuVyZ.jpg,0.6494,0.7645,0.5909,0.1736,"[530.1, 206.8, 720.1, 639.9]","[531.8, 206.9, 719.0, 492.3]",TRUE_DUPLICATE,1,1,1280,720
gloves_mask_t07-75_f0186_jpg.rf.nNKcROlgOQzdk1HgdVMN.jpg,0.5938,0.9427,0.6168,0.3259,"[893.7, 168.7, 1098.5, 714.3]","[759.2, 165.6, 1101.4, 712.0]",TRUE_DUPLICATE,2,2,1280,720
gloves_mask_t07-75_f0186_jpg.rf.nNKcROlgOQzdk1HgdVMN.jpg,0.5595,0.7001,0.5099,0.1902,"[528.8, 209.1, 695.5, 648.2]","[530.3, 204.0, 692.0, 465.3]",TRUE_DUPLICATE,1,1,1280,720
gloves_mask_t08-25_f0198_jpg.rf.Qcby27NMbT8cVhUsXn88.jpg,0.5525,0.5872,0.551,0.0362,"[528.4, 204.6, 687.0, 467.8]","[526.6, 209.9, 694.2, 646.6]",TRUE_DUPLICATE,1,1,1280,720
istockphoto_2258622635_640_adpp_is_t00000_f000000_jpg.rf.YmP53mKslfE2WBLpORCB.jpg,0.583,0.9417,0.9224,0.0193,"[157.4, 32.1, 301.6, 431.0]","[156.7, 26.6, 400.5, 430.7]",TRUE_DUPLICATE,0,0,768,432
istockphoto_2258622635_640_adpp_is_t00000_f000000_jpg.rf.YmP53mKslfE2WBLpORCB.jpg,0.6198,0.9224,0.871,0.0514,"[156.7, 26.6, 400.5, 430.7]","[243.1, 32.8, 406.5, 430.3]",LEGITIMATE_OVERLAP,0,1,768,432
istockphoto_2258622635_640_adpp_is_t00000_f000017_jpg.rf.Ls3ZAi6V7aVeUw9LTwfW.jpg,0.6127,0.9311,0.7264,0.2048,"[145.1, 11.4, 404.3, 429.8]","[239.3, 19.6, 401.9, 428.3]",LEGITIMATE_OVERLAP,0,1,768,432
istockphoto_2258622635_640_adpp_is_t00000_f000034_jpg.rf.J2gvPIZOWiShMaGcDC4X.jpg,0.5244,0.9131,0.8903,0.0228,"[119.6, 19.3, 412.1, 430.6]","[120.7, 23.9, 276.1, 429.9]",TRUE_DUPLICATE,0,0,768,432
istockphoto_2258622635_640_adpp_is_t00000_f000034_jpg.rf.J2gvPIZOWiShMaGcDC4X.jpg,0.5741,0.9131,0.7385,0.1747,"[119.6, 19.3, 412.1, 430.6]","[230.6, 31.4, 405.6, 426.0]",LEGITIMATE_OVERLAP,0,1,768,432
istockphoto_2258622635_640_adpp_is_t00001_f000051_jpg.rf.mAO4YU5CS9tK3jTZhhHS.jpg,0.6378,0.8886,0.5549,0.3337,"[113.6, 23.4, 397.0, 430.7]","[207.4, 38.8, 398.7, 429.3]",LEGITIMATE_OVERLAP,1,0,768,432
istockphoto_2258622635_640_adpp_is_t00001_f000051_jpg.rf.mAO4YU5CS9tK3jTZhhHS.jpg,0.5893,0.8886,0.5292,0.3594,"[113.6, 23.4, 397.0, 430.7]","[116.6, 30.9, 286.8, 430.7]",TRUE_DUPLICATE,1,1,768,432
istockphoto_2258622635_640_adpp_is_t00001_f000068_jpg.rf.Ts5g3BGKYh0vvBEPc2v8.jpg,0.5803,0.8369,0.83,0.007,"[119.8, 25.7, 376.5, 430.1]","[120.9, 33.8, 273.2, 429.2]",TRUE_DUPLICATE,1,1,768,432
istockphoto_2258622635_640_adpp_is_t00001_f000068_jpg.rf.Ts5g3BGKYh0vvBEPc2v8.jpg,0.652,0.8369,0.7884,0.0486,"[119.8, 25.7, 376.5, 430.1]","[202.5, 37.0, 377.3, 427.2]",LEGITIMATE_OVERLAP,1,0,768,432
istockphoto_2258622635_640_adpp_is_t00001_f000085_jpg.rf.fDzh5wMkC2vfx3QX3Q8v.jpg,0.6604,0.7904,0.7815,0.009,"[128.0, 47.0, 386.6, 430.4]","[207.3, 44.8, 396.5, 427.7]",LEGITIMATE_OVERLAP,0,1,768,432
istockphoto_2258622635_640_adpp_is_t00001_f000085_jpg.rf.fDzh5wMkC2vfx3QX3Q8v.jpg,0.5881,0.7815,0.5341,0.2473,"[207.3, 44.8, 396.5, 427.7]","[206.4, 44.4, 340.0, 367.5]",LEGITIMATE_OVERLAP,1,0,768,432
istockphoto_2258622635_640_adpp_is_t00002_f000119_jpg.rf.sExXTRUD12G3exI54dXe.jpg,0.6265,0.8268,0.7582,0.0687,"[244.9, 60.9, 348.3, 422.0]","[242.5, 58.4, 403.3, 429.2]",TRUE_DUPLICATE,1,1,768,432
istockphoto_2258622635_640_adpp_is_t00004_f000238_jpg.rf.7L0nct1ggUCgdFvveQWY.jpg,0.6929,0.9177,0.7266,0.1911,"[142.4, 50.7, 332.7, 430.6]","[143.0, 44.1, 411.3, 430.4]",TRUE_DUPLICATE,1,1,768,432
istockphoto_2258622635_640_adpp_is_t00004_f000238_jpg.rf.7L0nct1ggUCgdFvveQWY.jpg,0.5762,0.8732,0.7266,0.1466,"[250.4, 50.4, 417.8, 430.5]","[143.0, 44.1, 411.3, 430.4]",LEGITIMATE_OVERLAP,0,1,768,432
istockphoto_2258622635_640_adpp_is_t00005_f000289_jpg.rf.ErWc5Qq28MmxdDoSjkRT.jpg,0.6421,0.8843,0.8652,0.0191,"[138.5, 62.5, 325.8, 430.4]","[138.1, 61.2, 428.4, 431.0]",TRUE_DUPLICATE,0,0,768,432
istockphoto_2258622635_640_adpp_is_t00005_f000289_jpg.rf.ErWc5Qq28MmxdDoSjkRT.jpg,0.6466,0.8652,0.7531,0.112,"[138.1, 61.2, 428.4, 431.0]","[238.8, 57.1, 427.9, 431.3]",LEGITIMATE_OVERLAP,0,1,768,432
no_safety_t00-23_f0007_jpg.rf.kC70RQoMztyIvBkzWRIH.jpg,0.6288,0.9109,0.5462,0.3647,"[539.4, 108.8, 768.0, 430.3]","[526.9, 108.1, 691.8, 428.9]",LEGITIMATE_OVERLAP,1,2,768,432
no_safety_t02-34_f0070_jpg.rf.VKeU9P600jAwco5mqlsZ.jpg,0.5257,0.965,0.8068,0.1582,"[561.7, 127.7, 768.0, 431.3]","[562.5, 140.0, 675.7, 432.0]",LEGITIMATE_OVERLAP,1,2,768,432
no_safety_t02-80_f0084_jpg.rf.H2ozPYxyhiporzmIP2pT.jpg,0.5262,0.9626,0.7083,0.2543,"[560.9, 128.3, 768.0, 431.5]","[557.2, 140.7, 676.6, 432.0]",LEGITIMATE_OVERLAP,1,2,768,432
no_safety_t03-00_f0090_jpg.rf.4u47KYXT72ycWFQBKC1d.jpg,0.5279,0.9625,0.7291,0.2334,"[561.8, 129.1, 768.0, 431.4]","[559.3, 140.8, 676.4, 432.0]",LEGITIMATE_OVERLAP,1,2,768,432
no_safety_t03-27_f0098_jpg.rf.4fDwIy7bKmQpsReCosHU.jpg,0.5331,0.9449,0.7077,0.2372,"[559.4, 131.3, 768.0, 431.5]","[554.6, 142.8, 677.7, 432.0]",LEGITIMATE_OVERLAP,1,2,768,432
no_safety_t03-50_f0105_jpg.rf.OZg4aYivsKJD7eI4cl9U.jpg,0.5329,0.9485,0.6815,0.2669,"[562.0, 132.3, 768.0, 431.4]","[562.8, 143.4, 676.8, 431.6]",LEGITIMATE_OVERLAP,2,1,768,432
no_safety_t03-74_f0112_jpg.rf.sios0IdCoXYGflrdvoCF.jpg,0.5264,0.9562,0.5888,0.3674,"[564.1, 133.4, 768.0, 431.4]","[561.4, 145.1, 677.4, 430.9]",LEGITIMATE_OVERLAP,2,1,768,432
no_safety_t04-90_f0147_jpg.rf.ruDCxq5sMg9Rwl3B3WNE.jpg,0.6394,0.854,0.8307,0.0233,"[558.9, 140.0, 768.0, 430.1]","[557.9, 141.3, 694.0, 430.6]",LEGITIMATE_OVERLAP,1,2,768,432
no_safety_t04-90_f0147_jpg.rf.ruDCxq5sMg9Rwl3B3WNE.jpg,0.6579,0.854,0.7323,0.1217,"[558.9, 140.0, 768.0, 430.1]","[629.2, 136.4, 768.0, 430.3]",TRUE_DUPLICATE,1,1,768,432
no_safety_t05-84_f0175_jpg.rf.6ze36rZ0zVjhTaAS4Xrb.jpg,0.5495,0.9124,0.6547,0.2577,"[566.7, 135.4, 768.0, 431.2]","[561.4, 136.4, 680.7, 432.0]",LEGITIMATE_OVERLAP,2,1,768,432
no_safety_t06-77_f0203_jpg.rf.fVspZAR9vPylB1ky2Lh1.jpg,0.6509,0.8957,0.7185,0.1772,"[569.1, 134.8, 768.0, 431.2]","[637.6, 131.6, 768.0, 431.2]",TRUE_DUPLICATE,1,1,768,432
no_safety_t06-77_f0203_jpg.rf.fVspZAR9vPylB1ky2Lh1.jpg,0.5439,0.8957,0.6722,0.2234,"[569.1, 134.8, 768.0, 431.2]","[561.7, 136.1, 681.8, 431.3]",LEGITIMATE_OVERLAP,1,2,768,432
