source_video,frame_number,timestamp_seconds,filename,width,height,fps
5434223-hd_1920_1080_24fps.mp4,0,0.0,5434223_hd_1920_1080_24fps_t00000_f000000.jpg,1920,1080,23.976
5434223-hd_1920_1080_24fps.mp4,8,0.334,5434223_hd_1920_1080_24fps_t00000_f000008.jpg,1920,1080,23.976
5434223-hd_1920_1080_24fps.mp4,16,0.667,5434223_hd_1920_1080_24fps_t00000_f000016.jpg,1920,1080,23.976
5434223-hd_1920_1080_24fps.mp4,24,1.001,5434223_hd_1920_1080_24fps_t00001_f000024.jpg,1920,1080,23.976
5434223-hd_1920_1080_24fps.mp4,32,1.335,5434223_hd_1920_1080_24fps_t00001_f000032.jpg,1920,1080,23.976
5434223-hd_1920_1080_24fps.mp4,40,1.668,5434223_hd_1920_1080_24fps_t00001_f000040.jpg,1920,1080,23.976
5434223-hd_1920_1080_24fps.mp4,48,2.002,5434223_hd_1920_1080_24fps_t00002_f000048.jpg,1920,1080,23.976
5434223-hd_1920_1080_24fps.mp4,56,2.336,5434223_hd_1920_1080_24fps_t00002_f000056.jpg,1920,1080,23.976
5434223-hd_1920_1080_24fps.mp4,64,2.669,5434223_hd_1920_1080_24fps_t00002_f000064.jpg,1920,1080,23.976
5434223-hd_1920_1080_24fps.mp4,72,3.003,5434223_hd_1920_1080_24fps_t00003_f000072.jpg,1920,1080,23.976
5434223-hd_1920_1080_24fps.mp4,80,3.337,5434223_hd_1920_1080_24fps_t00003_f000080.jpg,1920,1080,23.976
5434223-hd_1920_1080_24fps.mp4,88,3.67,5434223_hd_1920_1080_24fps_t00003_f000088.jpg,1920,1080,23.976
5434223-hd_1920_1080_24fps.mp4,96,4.004,5434223_hd_1920_1080_24fps_t00004_f000096.jpg,1920,1080,23.976
5434223-hd_1920_1080_24fps.mp4,104,4.338,5434223_hd_1920_1080_24fps_t00004_f000104.jpg,1920,1080,23.976
5434223-hd_1920_1080_24fps.mp4,112,4.671,5434223_hd_1920_1080_24fps_t00004_f000112.jpg,1920,1080,23.976
5434223-hd_1920_1080_24fps.mp4,120,5.005,5434223_hd_1920_1080_24fps_t00005_f000120.jpg,1920,1080,23.976
5434223-hd_1920_1080_24fps.mp4,128,5.339,5434223_hd_1920_1080_24fps_t00005_f000128.jpg,1920,1080,23.976
5434223-hd_1920_1080_24fps.mp4,136,5.672,5434223_hd_1920_1080_24fps_t00005_f000136.jpg,1920,1080,23.976
5434223-hd_1920_1080_24fps.mp4,144,6.006,5434223_hd_1920_1080_24fps_t00006_f000144.jpg,1920,1080,23.976
5434223-hd_1920_1080_24fps.mp4,152,6.34,5434223_hd_1920_1080_24fps_t00006_f000152.jpg,1920,1080,23.976
5434223-hd_1920_1080_24fps.mp4,160,6.673,5434223_hd_1920_1080_24fps_t00006_f000160.jpg,1920,1080,23.976
5434223-hd_1920_1080_24fps.mp4,168,7.007,5434223_hd_1920_1080_24fps_t00007_f000168.jpg,1920,1080,23.976
5434223-hd_1920_1080_24fps.mp4,176,7.341,5434223_hd_1920_1080_24fps_t00007_f000176.jpg,1920,1080,23.976
5434223-hd_1920_1080_24fps.mp4,184,7.674,5434223_hd_1920_1080_24fps_t00007_f000184.jpg,1920,1080,23.976
5434223-hd_1920_1080_24fps.mp4,192,8.008,5434223_hd_1920_1080_24fps_t00008_f000192.jpg,1920,1080,23.976
5434223-hd_1920_1080_24fps.mp4,200,8.342,5434223_hd_1920_1080_24fps_t00008_f000200.jpg,1920,1080,23.976
5434223-hd_1920_1080_24fps.mp4,208,8.675,5434223_hd_1920_1080_24fps_t00008_f000208.jpg,1920,1080,23.976
5434223-hd_1920_1080_24fps.mp4,216,9.009,5434223_hd_1920_1080_24fps_t00009_f000216.jpg,1920,1080,23.976
5434223-hd_1920_1080_24fps.mp4,224,9.343,5434223_hd_1920_1080_24fps_t00009_f000224.jpg,1920,1080,23.976
5434223-hd_1920_1080_24fps.mp4,232,9.676,5434223_hd_1920_1080_24fps_t00009_f000232.jpg,1920,1080,23.976
5434223-hd_1920_1080_24fps.mp4,240,10.01,5434223_hd_1920_1080_24fps_t00010_f000240.jpg,1920,1080,23.976
5434223-hd_1920_1080_24fps.mp4,248,10.344,5434223_hd_1920_1080_24fps_t00010_f000248.jpg,1920,1080,23.976
5434223-hd_1920_1080_24fps.mp4,256,10.677,5434223_hd_1920_1080_24fps_t00010_f000256.jpg,1920,1080,23.976
5434223-hd_1920_1080_24fps.mp4,264,11.011,5434223_hd_1920_1080_24fps_t00011_f000264.jpg,1920,1080,23.976
5434223-hd_1920_1080_24fps.mp4,272,11.345,5434223_hd_1920_1080_24fps_t00011_f000272.jpg,1920,1080,23.976
5434223-hd_1920_1080_24fps.mp4,280,11.678,5434223_hd_1920_1080_24fps_t00011_f000280.jpg,1920,1080,23.976
5434223-hd_1920_1080_24fps.mp4,288,12.012,5434223_hd_1920_1080_24fps_t00012_f000288.jpg,1920,1080,23.976
5434223-hd_1920_1080_24fps.mp4,296,12.346,5434223_hd_1920_1080_24fps_t00012_f000296.jpg,1920,1080,23.976
5434223-hd_1920_1080_24fps.mp4,304,12.679,5434223_hd_1920_1080_24fps_t00012_f000304.jpg,1920,1080,23.976
5434223-hd_1920_1080_24fps.mp4,312,13.013,5434223_hd_1920_1080_24fps_t00013_f000312.jpg,1920,1080,23.976
5434223-hd_1920_1080_24fps.mp4,320,13.347,5434223_hd_1920_1080_24fps_t00013_f000320.jpg,1920,1080,23.976
5434223-hd_1920_1080_24fps.mp4,328,13.68,5434223_hd_1920_1080_24fps_t00013_f000328.jpg,1920,1080,23.976
5434223-hd_1920_1080_24fps.mp4,336,14.014,5434223_hd_1920_1080_24fps_t00014_f000336.jpg,1920,1080,23.976
5434223-hd_1920_1080_24fps.mp4,344,14.348,5434223_hd_1920_1080_24fps_t00014_f000344.jpg,1920,1080,23.976
5434223-hd_1920_1080_24fps.mp4,352,14.681,5434223_hd_1920_1080_24fps_t00014_f000352.jpg,1920,1080,23.976
5434223-hd_1920_1080_24fps.mp4,360,15.015,5434223_hd_1920_1080_24fps_t00015_f000360.jpg,1920,1080,23.976
5434223-hd_1920_1080_24fps.mp4,368,15.349,5434223_hd_1920_1080_24fps_t00015_f000368.jpg,1920,1080,23.976
5434223-hd_1920_1080_24fps.mp4,376,15.682,5434223_hd_1920_1080_24fps_t00015_f000376.jpg,1920,1080,23.976
5434223-hd_1920_1080_24fps.mp4,384,16.016,5434223_hd_1920_1080_24fps_t00016_f000384.jpg,1920,1080,23.976
5434223-hd_1920_1080_24fps.mp4,392,16.35,5434223_hd_1920_1080_24fps_t00016_f000392.jpg,1920,1080,23.976
5434223-hd_1920_1080_24fps.mp4,400,16.683,5434223_hd_1920_1080_24fps_t00016_f000400.jpg,1920,1080,23.976
5434223-hd_1920_1080_24fps.mp4,408,17.017,5434223_hd_1920_1080_24fps_t00017_f000408.jpg,1920,1080,23.976
5434223-hd_1920_1080_24fps.mp4,416,17.351,5434223_hd_1920_1080_24fps_t00017_f000416.jpg,1920,1080,23.976
5434223-hd_1920_1080_24fps.mp4,424,17.684,5434223_hd_1920_1080_24fps_t00017_f000424.jpg,1920,1080,23.976
5434223-hd_1920_1080_24fps.mp4,432,18.018,5434223_hd_1920_1080_24fps_t00018_f000432.jpg,1920,1080,23.976
5434223-hd_1920_1080_24fps.mp4,440,18.352,5434223_hd_1920_1080_24fps_t00018_f000440.jpg,1920,1080,23.976
5434223-hd_1920_1080_24fps.mp4,448,18.685,5434223_hd_1920_1080_24fps_t00018_f000448.jpg,1920,1080,23.976
5434223-hd_1920_1080_24fps.mp4,456,19.019,5434223_hd_1920_1080_24fps_t00019_f000456.jpg,1920,1080,23.976
5434223-hd_1920_1080_24fps.mp4,464,19.353,5434223_hd_1920_1080_24fps_t00019_f000464.jpg,1920,1080,23.976
5434223-hd_1920_1080_24fps.mp4,472,19.686,5434223_hd_1920_1080_24fps_t00019_f000472.jpg,1920,1080,23.976
5434223-hd_1920_1080_24fps.mp4,480,20.02,5434223_hd_1920_1080_24fps_t00020_f000480.jpg,1920,1080,23.976
5434223-hd_1920_1080_24fps.mp4,488,20.354,5434223_hd_1920_1080_24fps_t00020_f000488.jpg,1920,1080,23.976
5434223-hd_1920_1080_24fps.mp4,496,20.687,5434223_hd_1920_1080_24fps_t00020_f000496.jpg,1920,1080,23.976
5434223-hd_1920_1080_24fps.mp4,504,21.021,5434223_hd_1920_1080_24fps_t00021_f000504.jpg,1920,1080,23.976
5434223-hd_1920_1080_24fps.mp4,512,21.355,5434223_hd_1920_1080_24fps_t00021_f000512.jpg,1920,1080,23.976
5434223-hd_1920_1080_24fps.mp4,520,21.688,5434223_hd_1920_1080_24fps_t00021_f000520.jpg,1920,1080,23.976
5434223-hd_1920_1080_24fps.mp4,528,22.022,5434223_hd_1920_1080_24fps_t00022_f000528.jpg,1920,1080,23.976
5434223-hd_1920_1080_24fps.mp4,536,22.356,5434223_hd_1920_1080_24fps_t00022_f000536.jpg,1920,1080,23.976
5434223-hd_1920_1080_24fps.mp4,544,22.689,5434223_hd_1920_1080_24fps_t00022_f000544.jpg,1920,1080,23.976
5434223-hd_1920_1080_24fps.mp4,552,23.023,5434223_hd_1920_1080_24fps_t00023_f000552.jpg,1920,1080,23.976
5434223-hd_1920_1080_24fps.mp4,560,23.357,5434223_hd_1920_1080_24fps_t00023_f000560.jpg,1920,1080,23.976
5434223-hd_1920_1080_24fps.mp4,568,23.69,5434223_hd_1920_1080_24fps_t00023_f000568.jpg,1920,1080,23.976
5434223-hd_1920_1080_24fps.mp4,576,24.024,5434223_hd_1920_1080_24fps_t00024_f000576.jpg,1920,1080,23.976
gettyimages-1286759790-640_adpp.mp4,0,0.0,gettyimages_1286759790_640_adpp_t00000_f000000.jpg,768,432,29.97
gettyimages-1286759790-640_adpp.mp4,10,0.334,gettyimages_1286759790_640_adpp_t00000_f000010.jpg,768,432,29.97
gettyimages-1286759790-640_adpp.mp4,20,0.667,gettyimages_1286759790_640_adpp_t00000_f000020.jpg,768,432,29.97
gettyimages-1286759790-640_adpp.mp4,30,1.001,gettyimages_1286759790_640_adpp_t00001_f000030.jpg,768,432,29.97
gettyimages-1286759790-640_adpp.mp4,40,1.335,gettyimages_1286759790_640_adpp_t00001_f000040.jpg,768,432,29.97
gettyimages-1286759790-640_adpp.mp4,50,1.668,gettyimages_1286759790_640_adpp_t00001_f000050.jpg,768,432,29.97
gettyimages-1286759790-640_adpp.mp4,60,2.002,gettyimages_1286759790_640_adpp_t00002_f000060.jpg,768,432,29.97
gettyimages-1286759790-640_adpp.mp4,70,2.336,gettyimages_1286759790_640_adpp_t00002_f000070.jpg,768,432,29.97
gettyimages-1286759790-640_adpp.mp4,80,2.669,gettyimages_1286759790_640_adpp_t00002_f000080.jpg,768,432,29.97
gettyimages-1286759790-640_adpp.mp4,90,3.003,gettyimages_1286759790_640_adpp_t00003_f000090.jpg,768,432,29.97
gettyimages-1286759790-640_adpp.mp4,100,3.337,gettyimages_1286759790_640_adpp_t00003_f000100.jpg,768,432,29.97
gettyimages-1286759790-640_adpp.mp4,110,3.67,gettyimages_1286759790_640_adpp_t00003_f000110.jpg,768,432,29.97
gettyimages-1286759790-640_adpp.mp4,120,4.004,gettyimages_1286759790_640_adpp_t00004_f000120.jpg,768,432,29.97
gettyimages-1286759790-640_adpp.mp4,130,4.338,gettyimages_1286759790_640_adpp_t00004_f000130.jpg,768,432,29.97
gettyimages-1286759790-640_adpp.mp4,140,4.671,gettyimages_1286759790_640_adpp_t00004_f000140.jpg,768,432,29.97
gettyimages-1286759790-640_adpp.mp4,150,5.005,gettyimages_1286759790_640_adpp_t00005_f000150.jpg,768,432,29.97
gettyimages-1286759790-640_adpp.mp4,160,5.339,gettyimages_1286759790_640_adpp_t00005_f000160.jpg,768,432,29.97
gettyimages-1286759790-640_adpp.mp4,170,5.672,gettyimages_1286759790_640_adpp_t00005_f000170.jpg,768,432,29.97
gettyimages-1286759790-640_adpp.mp4,180,6.006,gettyimages_1286759790_640_adpp_t00006_f000180.jpg,768,432,29.97
gettyimages-1286759790-640_adpp.mp4,190,6.34,gettyimages_1286759790_640_adpp_t00006_f000190.jpg,768,432,29.97
gettyimages-1286759790-640_adpp.mp4,200,6.673,gettyimages_1286759790_640_adpp_t00006_f000200.jpg,768,432,29.97
gettyimages-1286759790-640_adpp.mp4,210,7.007,gettyimages_1286759790_640_adpp_t00007_f000210.jpg,768,432,29.97
gettyimages-1286759790-640_adpp.mp4,220,7.341,gettyimages_1286759790_640_adpp_t00007_f000220.jpg,768,432,29.97
gettyimages-1286759790-640_adpp.mp4,230,7.674,gettyimages_1286759790_640_adpp_t00007_f000230.jpg,768,432,29.97
gettyimages-1286759790-640_adpp.mp4,240,8.008,gettyimages_1286759790_640_adpp_t00008_f000240.jpg,768,432,29.97
gettyimages-1286759790-640_adpp.mp4,250,8.342,gettyimages_1286759790_640_adpp_t00008_f000250.jpg,768,432,29.97
gettyimages-1286759790-640_adpp.mp4,260,8.675,gettyimages_1286759790_640_adpp_t00008_f000260.jpg,768,432,29.97
gettyimages-1578985062-640_adpp.mp4,0,0.0,gettyimages_1578985062_640_adpp_t00000_f000000.jpg,768,432,23.976
gettyimages-1578985062-640_adpp.mp4,8,0.334,gettyimages_1578985062_640_adpp_t00000_f000008.jpg,768,432,23.976
gettyimages-1578985062-640_adpp.mp4,16,0.667,gettyimages_1578985062_640_adpp_t00000_f000016.jpg,768,432,23.976
gettyimages-1578985062-640_adpp.mp4,24,1.001,gettyimages_1578985062_640_adpp_t00001_f000024.jpg,768,432,23.976
gettyimages-1578985062-640_adpp.mp4,32,1.335,gettyimages_1578985062_640_adpp_t00001_f000032.jpg,768,432,23.976
gettyimages-1578985062-640_adpp.mp4,40,1.668,gettyimages_1578985062_640_adpp_t00001_f000040.jpg,768,432,23.976
gettyimages-1578985062-640_adpp.mp4,48,2.002,gettyimages_1578985062_640_adpp_t00002_f000048.jpg,768,432,23.976
gettyimages-1578985062-640_adpp.mp4,56,2.336,gettyimages_1578985062_640_adpp_t00002_f000056.jpg,768,432,23.976
gettyimages-1578985062-640_adpp.mp4,64,2.669,gettyimages_1578985062_640_adpp_t00002_f000064.jpg,768,432,23.976
gettyimages-1578985062-640_adpp.mp4,72,3.003,gettyimages_1578985062_640_adpp_t00003_f000072.jpg,768,432,23.976
gettyimages-1578985062-640_adpp.mp4,80,3.337,gettyimages_1578985062_640_adpp_t00003_f000080.jpg,768,432,23.976
gettyimages-1578985062-640_adpp.mp4,88,3.67,gettyimages_1578985062_640_adpp_t00003_f000088.jpg,768,432,23.976
gettyimages-1578985062-640_adpp.mp4,96,4.004,gettyimages_1578985062_640_adpp_t00004_f000096.jpg,768,432,23.976
gettyimages-1578985062-640_adpp.mp4,104,4.338,gettyimages_1578985062_640_adpp_t00004_f000104.jpg,768,432,23.976
gettyimages-1578985062-640_adpp.mp4,112,4.671,gettyimages_1578985062_640_adpp_t00004_f000112.jpg,768,432,23.976
gettyimages-1578985062-640_adpp.mp4,120,5.005,gettyimages_1578985062_640_adpp_t00005_f000120.jpg,768,432,23.976
gettyimages-1578985062-640_adpp.mp4,128,5.339,gettyimages_1578985062_640_adpp_t00005_f000128.jpg,768,432,23.976
gettyimages-1578985062-640_adpp.mp4,136,5.672,gettyimages_1578985062_640_adpp_t00005_f000136.jpg,768,432,23.976
gettyimages-1578985062-640_adpp.mp4,144,6.006,gettyimages_1578985062_640_adpp_t00006_f000144.jpg,768,432,23.976
gettyimages-1578985062-640_adpp.mp4,152,6.34,gettyimages_1578985062_640_adpp_t00006_f000152.jpg,768,432,23.976
gettyimages-1578985062-640_adpp.mp4,160,6.673,gettyimages_1578985062_640_adpp_t00006_f000160.jpg,768,432,23.976
gettyimages-1578985062-640_adpp.mp4,168,7.007,gettyimages_1578985062_640_adpp_t00007_f000168.jpg,768,432,23.976
gettyimages-1578985062-640_adpp.mp4,176,7.341,gettyimages_1578985062_640_adpp_t00007_f000176.jpg,768,432,23.976
gettyimages-1578985062-640_adpp.mp4,184,7.674,gettyimages_1578985062_640_adpp_t00007_f000184.jpg,768,432,23.976
gettyimages-1578985062-640_adpp.mp4,192,8.008,gettyimages_1578985062_640_adpp_t00008_f000192.jpg,768,432,23.976
gettyimages-1578985062-640_adpp.mp4,200,8.342,gettyimages_1578985062_640_adpp_t00008_f000200.jpg,768,432,23.976
gettyimages-1578985062-640_adpp.mp4,208,8.675,gettyimages_1578985062_640_adpp_t00008_f000208.jpg,768,432,23.976
gettyimages-1578985062-640_adpp.mp4,216,9.009,gettyimages_1578985062_640_adpp_t00009_f000216.jpg,768,432,23.976
gettyimages-1578985062-640_adpp.mp4,224,9.343,gettyimages_1578985062_640_adpp_t00009_f000224.jpg,768,432,23.976
gettyimages-1578985062-640_adpp.mp4,232,9.676,gettyimages_1578985062_640_adpp_t00009_f000232.jpg,768,432,23.976
gettyimages-1578985062-640_adpp.mp4,240,10.01,gettyimages_1578985062_640_adpp_t00010_f000240.jpg,768,432,23.976
gettyimages-1578985062-640_adpp.mp4,248,10.344,gettyimages_1578985062_640_adpp_t00010_f000248.jpg,768,432,23.976
gettyimages-1578985062-640_adpp.mp4,256,10.677,gettyimages_1578985062_640_adpp_t00010_f000256.jpg,768,432,23.976
gettyimages-1578985062-640_adpp.mp4,264,11.011,gettyimages_1578985062_640_adpp_t00011_f000264.jpg,768,432,23.976
gettyimages-1578985062-640_adpp.mp4,272,11.345,gettyimages_1578985062_640_adpp_t00011_f000272.jpg,768,432,23.976
gettyimages-1578985062-640_adpp.mp4,280,11.678,gettyimages_1578985062_640_adpp_t00011_f000280.jpg,768,432,23.976
gettyimages-1578985062-640_adpp.mp4,288,12.012,gettyimages_1578985062_640_adpp_t00012_f000288.jpg,768,432,23.976
gettyimages-1578985062-640_adpp.mp4,296,12.346,gettyimages_1578985062_640_adpp_t00012_f000296.jpg,768,432,23.976
gettyimages-1578985062-640_adpp.mp4,304,12.679,gettyimages_1578985062_640_adpp_t00012_f000304.jpg,768,432,23.976
gettyimages-1578985062-640_adpp.mp4,312,13.013,gettyimages_1578985062_640_adpp_t00013_f000312.jpg,768,432,23.976
gettyimages-1578985062-640_adpp.mp4,320,13.347,gettyimages_1578985062_640_adpp_t00013_f000320.jpg,768,432,23.976
gettyimages-1578985062-640_adpp.mp4,328,13.68,gettyimages_1578985062_640_adpp_t00013_f000328.jpg,768,432,23.976
gettyimages-1578985062-640_adpp.mp4,336,14.014,gettyimages_1578985062_640_adpp_t00014_f000336.jpg,768,432,23.976
gettyimages-1578985062-640_adpp.mp4,344,14.348,gettyimages_1578985062_640_adpp_t00014_f000344.jpg,768,432,23.976
gettyimages-1578985062-640_adpp.mp4,352,14.681,gettyimages_1578985062_640_adpp_t00014_f000352.jpg,768,432,23.976
gettyimages-1578985062-640_adpp.mp4,360,15.015,gettyimages_1578985062_640_adpp_t00015_f000360.jpg,768,432,23.976
gettyimages-1578985062-640_adpp.mp4,368,15.349,gettyimages_1578985062_640_adpp_t00015_f000368.jpg,768,432,23.976
gettyimages-1578985062-640_adpp.mp4,376,15.682,gettyimages_1578985062_640_adpp_t00015_f000376.jpg,768,432,23.976
gettyimages-1578985062-640_adpp.mp4,384,16.016,gettyimages_1578985062_640_adpp_t00016_f000384.jpg,768,432,23.976
gettyimages-1578985062-640_adpp.mp4,392,16.35,gettyimages_1578985062_640_adpp_t00016_f000392.jpg,768,432,23.976
gettyimages-1578985062-640_adpp.mp4,400,16.683,gettyimages_1578985062_640_adpp_t00016_f000400.jpg,768,432,23.976
gettyimages-1578985062-640_adpp.mp4,408,17.017,gettyimages_1578985062_640_adpp_t00017_f000408.jpg,768,432,23.976
gettyimages-1578985062-640_adpp.mp4,416,17.351,gettyimages_1578985062_640_adpp_t00017_f000416.jpg,768,432,23.976
gettyimages-1578985062-640_adpp.mp4,424,17.684,gettyimages_1578985062_640_adpp_t00017_f000424.jpg,768,432,23.976
gettyimages-1578985062-640_adpp.mp4,432,18.018,gettyimages_1578985062_640_adpp_t00018_f000432.jpg,768,432,23.976
gettyimages-1578985062-640_adpp.mp4,440,18.352,gettyimages_1578985062_640_adpp_t00018_f000440.jpg,768,432,23.976
gettyimages-1578985062-640_adpp.mp4,448,18.685,gettyimages_1578985062_640_adpp_t00018_f000448.jpg,768,432,23.976
gettyimages-1578985062-640_adpp.mp4,456,19.019,gettyimages_1578985062_640_adpp_t00019_f000456.jpg,768,432,23.976
gettyimages-1578985062-640_adpp.mp4,464,19.353,gettyimages_1578985062_640_adpp_t00019_f000464.jpg,768,432,23.976
gettyimages-1578985062-640_adpp.mp4,472,19.686,gettyimages_1578985062_640_adpp_t00019_f000472.jpg,768,432,23.976
gettyimages-1578985062-640_adpp.mp4,480,20.02,gettyimages_1578985062_640_adpp_t00020_f000480.jpg,768,432,23.976
gettyimages-1578985062-640_adpp.mp4,488,20.354,gettyimages_1578985062_640_adpp_t00020_f000488.jpg,768,432,23.976
gettyimages-1578985062-640_adpp.mp4,496,20.687,gettyimages_1578985062_640_adpp_t00020_f000496.jpg,768,432,23.976
gettyimages-2216765853-640_adpp.mp4,0,0.0,gettyimages_2216765853_640_adpp_t00000_f000000.jpg,768,432,25.0
gettyimages-2216765853-640_adpp.mp4,8,0.32,gettyimages_2216765853_640_adpp_t00000_f000008.jpg,768,432,25.0
gettyimages-2216765853-640_adpp.mp4,16,0.64,gettyimages_2216765853_640_adpp_t00000_f000016.jpg,768,432,25.0
gettyimages-2216765853-640_adpp.mp4,24,0.96,gettyimages_2216765853_640_adpp_t00000_f000024.jpg,768,432,25.0
gettyimages-2216765853-640_adpp.mp4,32,1.28,gettyimages_2216765853_640_adpp_t00001_f000032.jpg,768,432,25.0
gettyimages-2216765853-640_adpp.mp4,40,1.6,gettyimages_2216765853_640_adpp_t00001_f000040.jpg,768,432,25.0
gettyimages-2216765853-640_adpp.mp4,48,1.92,gettyimages_2216765853_640_adpp_t00001_f000048.jpg,768,432,25.0
gettyimages-2216765853-640_adpp.mp4,56,2.24,gettyimages_2216765853_640_adpp_t00002_f000056.jpg,768,432,25.0
gettyimages-2216765853-640_adpp.mp4,64,2.56,gettyimages_2216765853_640_adpp_t00002_f000064.jpg,768,432,25.0
gettyimages-2216765853-640_adpp.mp4,72,2.88,gettyimages_2216765853_640_adpp_t00002_f000072.jpg,768,432,25.0
gettyimages-2216765853-640_adpp.mp4,80,3.2,gettyimages_2216765853_640_adpp_t00003_f000080.jpg,768,432,25.0
gettyimages-2216765853-640_adpp.mp4,88,3.52,gettyimages_2216765853_640_adpp_t00003_f000088.jpg,768,432,25.0
gettyimages-2216765853-640_adpp.mp4,96,3.84,gettyimages_2216765853_640_adpp_t00003_f000096.jpg,768,432,25.0
gettyimages-2216765853-640_adpp.mp4,104,4.16,gettyimages_2216765853_640_adpp_t00004_f000104.jpg,768,432,25.0
gettyimages-2216765853-640_adpp.mp4,112,4.48,gettyimages_2216765853_640_adpp_t00004_f000112.jpg,768,432,25.0
gettyimages-2216765853-640_adpp.mp4,120,4.8,gettyimages_2216765853_640_adpp_t00004_f000120.jpg,768,432,25.0
gettyimages-2216765853-640_adpp.mp4,128,5.12,gettyimages_2216765853_640_adpp_t00005_f000128.jpg,768,432,25.0
gettyimages-2216765853-640_adpp.mp4,136,5.44,gettyimages_2216765853_640_adpp_t00005_f000136.jpg,768,432,25.0
gettyimages-2216765853-640_adpp.mp4,144,5.76,gettyimages_2216765853_640_adpp_t00005_f000144.jpg,768,432,25.0
gettyimages-2216765853-640_adpp.mp4,152,6.08,gettyimages_2216765853_640_adpp_t00006_f000152.jpg,768,432,25.0
gettyimages-2216765853-640_adpp.mp4,160,6.4,gettyimages_2216765853_640_adpp_t00006_f000160.jpg,768,432,25.0
gettyimages-2216765853-640_adpp.mp4,168,6.72,gettyimages_2216765853_640_adpp_t00006_f000168.jpg,768,432,25.0
gettyimages-2216765853-640_adpp.mp4,176,7.04,gettyimages_2216765853_640_adpp_t00007_f000176.jpg,768,432,25.0
gettyimages-2216765853-640_adpp.mp4,184,7.36,gettyimages_2216765853_640_adpp_t00007_f000184.jpg,768,432,25.0
gettyimages-2216765853-640_adpp.mp4,192,7.68,gettyimages_2216765853_640_adpp_t00007_f000192.jpg,768,432,25.0
gettyimages-2216765853-640_adpp.mp4,200,8.0,gettyimages_2216765853_640_adpp_t00008_f000200.jpg,768,432,25.0
gettyimages-2216765853-640_adpp.mp4,208,8.32,gettyimages_2216765853_640_adpp_t00008_f000208.jpg,768,432,25.0
gettyimages-2216765853-640_adpp.mp4,216,8.64,gettyimages_2216765853_640_adpp_t00008_f000216.jpg,768,432,25.0
gettyimages-2216765853-640_adpp.mp4,224,8.96,gettyimages_2216765853_640_adpp_t00008_f000224.jpg,768,432,25.0
istockphoto-2258622635-640_adpp_is.mp4,0,0.0,istockphoto_2258622635_640_adpp_is_t00000_f000000.jpg,768,432,50.0
istockphoto-2258622635-640_adpp_is.mp4,17,0.34,istockphoto_2258622635_640_adpp_is_t00000_f000017.jpg,768,432,50.0
istockphoto-2258622635-640_adpp_is.mp4,34,0.68,istockphoto_2258622635_640_adpp_is_t00000_f000034.jpg,768,432,50.0
istockphoto-2258622635-640_adpp_is.mp4,51,1.02,istockphoto_2258622635_640_adpp_is_t00001_f000051.jpg,768,432,50.0
istockphoto-2258622635-640_adpp_is.mp4,68,1.36,istockphoto_2258622635_640_adpp_is_t00001_f000068.jpg,768,432,50.0
istockphoto-2258622635-640_adpp_is.mp4,85,1.7,istockphoto_2258622635_640_adpp_is_t00001_f000085.jpg,768,432,50.0
istockphoto-2258622635-640_adpp_is.mp4,102,2.04,istockphoto_2258622635_640_adpp_is_t00002_f000102.jpg,768,432,50.0
istockphoto-2258622635-640_adpp_is.mp4,119,2.38,istockphoto_2258622635_640_adpp_is_t00002_f000119.jpg,768,432,50.0
istockphoto-2258622635-640_adpp_is.mp4,136,2.72,istockphoto_2258622635_640_adpp_is_t00002_f000136.jpg,768,432,50.0
istockphoto-2258622635-640_adpp_is.mp4,153,3.06,istockphoto_2258622635_640_adpp_is_t00003_f000153.jpg,768,432,50.0
istockphoto-2258622635-640_adpp_is.mp4,170,3.4,istockphoto_2258622635_640_adpp_is_t00003_f000170.jpg,768,432,50.0
istockphoto-2258622635-640_adpp_is.mp4,187,3.74,istockphoto_2258622635_640_adpp_is_t00003_f000187.jpg,768,432,50.0
istockphoto-2258622635-640_adpp_is.mp4,204,4.08,istockphoto_2258622635_640_adpp_is_t00004_f000204.jpg,768,432,50.0
istockphoto-2258622635-640_adpp_is.mp4,221,4.42,istockphoto_2258622635_640_adpp_is_t00004_f000221.jpg,768,432,50.0
istockphoto-2258622635-640_adpp_is.mp4,238,4.76,istockphoto_2258622635_640_adpp_is_t00004_f000238.jpg,768,432,50.0
istockphoto-2258622635-640_adpp_is.mp4,255,5.1,istockphoto_2258622635_640_adpp_is_t00005_f000255.jpg,768,432,50.0
istockphoto-2258622635-640_adpp_is.mp4,272,5.44,istockphoto_2258622635_640_adpp_is_t00005_f000272.jpg,768,432,50.0
istockphoto-2258622635-640_adpp_is.mp4,289,5.78,istockphoto_2258622635_640_adpp_is_t00005_f000289.jpg,768,432,50.0
istockphoto-2258622635-640_adpp_is.mp4,306,6.12,istockphoto_2258622635_640_adpp_is_t00006_f000306.jpg,768,432,50.0
istockphoto-2258622635-640_adpp_is.mp4,323,6.46,istockphoto_2258622635_640_adpp_is_t00006_f000323.jpg,768,432,50.0
istockphoto-2258622635-640_adpp_is.mp4,340,6.8,istockphoto_2258622635_640_adpp_is_t00006_f000340.jpg,768,432,50.0
istockphoto-2258622635-640_adpp_is.mp4,357,7.14,istockphoto_2258622635_640_adpp_is_t00007_f000357.jpg,768,432,50.0
istockphoto-2258622635-640_adpp_is.mp4,374,7.48,istockphoto_2258622635_640_adpp_is_t00007_f000374.jpg,768,432,50.0
istockphoto-2258622635-640_adpp_is.mp4,391,7.82,istockphoto_2258622635_640_adpp_is_t00007_f000391.jpg,768,432,50.0
istockphoto-2258622635-640_adpp_is.mp4,408,8.16,istockphoto_2258622635_640_adpp_is_t00008_f000408.jpg,768,432,50.0
istockphoto-2258622635-640_adpp_is.mp4,425,8.5,istockphoto_2258622635_640_adpp_is_t00008_f000425.jpg,768,432,50.0
istockphoto-2258622635-640_adpp_is.mp4,442,8.84,istockphoto_2258622635_640_adpp_is_t00008_f000442.jpg,768,432,50.0
istockphoto-2258622635-640_adpp_is.mp4,459,9.18,istockphoto_2258622635_640_adpp_is_t00009_f000459.jpg,768,432,50.0
istockphoto-2258622635-640_adpp_is.mp4,476,9.52,istockphoto_2258622635_640_adpp_is_t00009_f000476.jpg,768,432,50.0
gettyimages-1315550872-640_adpp.mp4,0,0.0,gettyimages_1315550872_640_adpp_t00000_f000000.jpg,768,432,25.0
gettyimages-1315550872-640_adpp.mp4,8,0.32,gettyimages_1315550872_640_adpp_t00000_f000008.jpg,768,432,25.0
gettyimages-1315550872-640_adpp.mp4,16,0.64,gettyimages_1315550872_640_adpp_t00000_f000016.jpg,768,432,25.0
gettyimages-1315550872-640_adpp.mp4,24,0.96,gettyimages_1315550872_640_adpp_t00000_f000024.jpg,768,432,25.0
gettyimages-1315550872-640_adpp.mp4,32,1.28,gettyimages_1315550872_640_adpp_t00001_f000032.jpg,768,432,25.0
gettyimages-1315550872-640_adpp.mp4,40,1.6,gettyimages_1315550872_640_adpp_t00001_f000040.jpg,768,432,25.0
gettyimages-1315550872-640_adpp.mp4,48,1.92,gettyimages_1315550872_640_adpp_t00001_f000048.jpg,768,432,25.0
gettyimages-1315550872-640_adpp.mp4,56,2.24,gettyimages_1315550872_640_adpp_t00002_f000056.jpg,768,432,25.0
gettyimages-1315550872-640_adpp.mp4,64,2.56,gettyimages_1315550872_640_adpp_t00002_f000064.jpg,768,432,25.0
gettyimages-1315550872-640_adpp.mp4,72,2.88,gettyimages_1315550872_640_adpp_t00002_f000072.jpg,768,432,25.0
gettyimages-1315550872-640_adpp.mp4,80,3.2,gettyimages_1315550872_640_adpp_t00003_f000080.jpg,768,432,25.0
gettyimages-1315550872-640_adpp.mp4,88,3.52,gettyimages_1315550872_640_adpp_t00003_f000088.jpg,768,432,25.0
gettyimages-1315550872-640_adpp.mp4,96,3.84,gettyimages_1315550872_640_adpp_t00003_f000096.jpg,768,432,25.0
gettyimages-1315550872-640_adpp.mp4,104,4.16,gettyimages_1315550872_640_adpp_t00004_f000104.jpg,768,432,25.0
gettyimages-1315550872-640_adpp.mp4,112,4.48,gettyimages_1315550872_640_adpp_t00004_f000112.jpg,768,432,25.0
gettyimages-1315550872-640_adpp.mp4,120,4.8,gettyimages_1315550872_640_adpp_t00004_f000120.jpg,768,432,25.0
gettyimages-1315550872-640_adpp.mp4,128,5.12,gettyimages_1315550872_640_adpp_t00005_f000128.jpg,768,432,25.0
gettyimages-1315550872-640_adpp.mp4,136,5.44,gettyimages_1315550872_640_adpp_t00005_f000136.jpg,768,432,25.0
gettyimages-1315550872-640_adpp.mp4,144,5.76,gettyimages_1315550872_640_adpp_t00005_f000144.jpg,768,432,25.0
gettyimages-1315550872-640_adpp.mp4,152,6.08,gettyimages_1315550872_640_adpp_t00006_f000152.jpg,768,432,25.0
gettyimages-1315550872-640_adpp.mp4,160,6.4,gettyimages_1315550872_640_adpp_t00006_f000160.jpg,768,432,25.0
gettyimages-1315550872-640_adpp.mp4,168,6.72,gettyimages_1315550872_640_adpp_t00006_f000168.jpg,768,432,25.0
gettyimages-1315550872-640_adpp.mp4,176,7.04,gettyimages_1315550872_640_adpp_t00007_f000176.jpg,768,432,25.0
gettyimages-1315550872-640_adpp.mp4,184,7.36,gettyimages_1315550872_640_adpp_t00007_f000184.jpg,768,432,25.0
gettyimages-1315550872-640_adpp.mp4,192,7.68,gettyimages_1315550872_640_adpp_t00007_f000192.jpg,768,432,25.0
gettyimages-1315550872-640_adpp.mp4,200,8.0,gettyimages_1315550872_640_adpp_t00008_f000200.jpg,768,432,25.0
gettyimages-1315550872-640_adpp.mp4,208,8.32,gettyimages_1315550872_640_adpp_t00008_f000208.jpg,768,432,25.0
gettyimages-1315550872-640_adpp.mp4,216,8.64,gettyimages_1315550872_640_adpp_t00008_f000216.jpg,768,432,25.0
gettyimages-1315550872-640_adpp.mp4,224,8.96,gettyimages_1315550872_640_adpp_t00008_f000224.jpg,768,432,25.0
gettyimages-1315550872-640_adpp.mp4,232,9.28,gettyimages_1315550872_640_adpp_t00009_f000232.jpg,768,432,25.0
gettyimages-1315550872-640_adpp.mp4,240,9.6,gettyimages_1315550872_640_adpp_t00009_f000240.jpg,768,432,25.0
gettyimages-1315550872-640_adpp.mp4,248,9.92,gettyimages_1315550872_640_adpp_t00009_f000248.jpg,768,432,25.0
gettyimages-1315550872-640_adpp.mp4,256,10.24,gettyimages_1315550872_640_adpp_t00010_f000256.jpg,768,432,25.0
gettyimages-1315550872-640_adpp.mp4,264,10.56,gettyimages_1315550872_640_adpp_t00010_f000264.jpg,768,432,25.0
gettyimages-1315550872-640_adpp.mp4,272,10.88,gettyimages_1315550872_640_adpp_t00010_f000272.jpg,768,432,25.0
gettyimages-1315550872-640_adpp.mp4,280,11.2,gettyimages_1315550872_640_adpp_t00011_f000280.jpg,768,432,25.0
gettyimages-1315550872-640_adpp.mp4,288,11.52,gettyimages_1315550872_640_adpp_t00011_f000288.jpg,768,432,25.0
gettyimages-1315550872-640_adpp.mp4,296,11.84,gettyimages_1315550872_640_adpp_t00011_f000296.jpg,768,432,25.0
gettyimages-1315550872-640_adpp.mp4,304,12.16,gettyimages_1315550872_640_adpp_t00012_f000304.jpg,768,432,25.0
gettyimages-1315550872-640_adpp.mp4,312,12.48,gettyimages_1315550872_640_adpp_t00012_f000312.jpg,768,432,25.0
gettyimages-1315550872-640_adpp.mp4,320,12.8,gettyimages_1315550872_640_adpp_t00012_f000320.jpg,768,432,25.0
gettyimages-1315550872-640_adpp.mp4,328,13.12,gettyimages_1315550872_640_adpp_t00013_f000328.jpg,768,432,25.0
gettyimages-1315550872-640_adpp.mp4,336,13.44,gettyimages_1315550872_640_adpp_t00013_f000336.jpg,768,432,25.0
gettyimages-1315550872-640_adpp.mp4,344,13.76,gettyimages_1315550872_640_adpp_t00013_f000344.jpg,768,432,25.0
gettyimages-1315550872-640_adpp.mp4,352,14.08,gettyimages_1315550872_640_adpp_t00014_f000352.jpg,768,432,25.0
gettyimages-1315550872-640_adpp.mp4,360,14.4,gettyimages_1315550872_640_adpp_t00014_f000360.jpg,768,432,25.0
gettyimages-1315550872-640_adpp.mp4,368,14.72,gettyimages_1315550872_640_adpp_t00014_f000368.jpg,768,432,25.0
gettyimages-1315550872-640_adpp.mp4,376,15.04,gettyimages_1315550872_640_adpp_t00015_f000376.jpg,768,432,25.0
gettyimages-1315550872-640_adpp.mp4,384,15.36,gettyimages_1315550872_640_adpp_t00015_f000384.jpg,768,432,25.0
gettyimages-1315550872-640_adpp.mp4,392,15.68,gettyimages_1315550872_640_adpp_t00015_f000392.jpg,768,432,25.0
gettyimages-1315550872-640_adpp.mp4,400,16.0,gettyimages_1315550872_640_adpp_t00016_f000400.jpg,768,432,25.0
gettyimages-1315550872-640_adpp.mp4,408,16.32,gettyimages_1315550872_640_adpp_t00016_f000408.jpg,768,432,25.0
gettyimages-1315550872-640_adpp.mp4,416,16.64,gettyimages_1315550872_640_adpp_t00016_f000416.jpg,768,432,25.0
gettyimages-1315550872-640_adpp.mp4,424,16.96,gettyimages_1315550872_640_adpp_t00016_f000424.jpg,768,432,25.0
gettyimages-1315550872-640_adpp.mp4,432,17.28,gettyimages_1315550872_640_adpp_t00017_f000432.jpg,768,432,25.0
gettyimages-1315550872-640_adpp.mp4,440,17.6,gettyimages_1315550872_640_adpp_t00017_f000440.jpg,768,432,25.0
gettyimages-1315550872-640_adpp.mp4,448,17.92,gettyimages_1315550872_640_adpp_t00017_f000448.jpg,768,432,25.0
gettyimages-1315550872-640_adpp.mp4,456,18.24,gettyimages_1315550872_640_adpp_t00018_f000456.jpg,768,432,25.0
gettyimages-1315550872-640_adpp.mp4,464,18.56,gettyimages_1315550872_640_adpp_t00018_f000464.jpg,768,432,25.0
gettyimages-1315550872-640_adpp.mp4,472,18.88,gettyimages_1315550872_640_adpp_t00018_f000472.jpg,768,432,25.0
gettyimages-1315550872-640_adpp.mp4,480,19.2,gettyimages_1315550872_640_adpp_t00019_f000480.jpg,768,432,25.0
gettyimages-1315550872-640_adpp.mp4,488,19.52,gettyimages_1315550872_640_adpp_t00019_f000488.jpg,768,432,25.0
gettyimages-1315550872-640_adpp.mp4,496,19.84,gettyimages_1315550872_640_adpp_t00019_f000496.jpg,768,432,25.0
gettyimages-1315550872-640_adpp.mp4,504,20.16,gettyimages_1315550872_640_adpp_t00020_f000504.jpg,768,432,25.0
gettyimages-1315550872-640_adpp.mp4,512,20.48,gettyimages_1315550872_640_adpp_t00020_f000512.jpg,768,432,25.0
gettyimages-1315550872-640_adpp.mp4,520,20.8,gettyimages_1315550872_640_adpp_t00020_f000520.jpg,768,432,25.0
gettyimages-1315550872-640_adpp.mp4,528,21.12,gettyimages_1315550872_640_adpp_t00021_f000528.jpg,768,432,25.0
gettyimages-1315550872-640_adpp.mp4,536,21.44,gettyimages_1315550872_640_adpp_t00021_f000536.jpg,768,432,25.0
gettyimages-1315550872-640_adpp.mp4,544,21.76,gettyimages_1315550872_640_adpp_t00021_f000544.jpg,768,432,25.0
