source_video,original_candidate,filtered_filename,kept,removal_reason,timestamp_seconds,frame_number,width,height
5434223-hd_1920_1080_24fps.mp4,5434223_hd_1920_1080_24fps_t00005_f000128.jpg,,NO,blurry,5.339,128,1920,1080
5434223-hd_1920_1080_24fps.mp4,5434223_hd_1920_1080_24fps_t00006_f000152.jpg,,NO,blurry,6.34,152,1920,1080
5434223-hd_1920_1080_24fps.mp4,5434223_hd_1920_1080_24fps_t00006_f000160.jpg,,NO,blurry,6.673,160,1920,1080
5434223-hd_1920_1080_24fps.mp4,5434223_hd_1920_1080_24fps_t00008_f000208.jpg,,NO,blurry,8.675,208,1920,1080
5434223-hd_1920_1080_24fps.mp4,5434223_hd_1920_1080_24fps_t00010_f000248.jpg,,NO,blurry,10.344,248,1920,1080
5434223-hd_1920_1080_24fps.mp4,5434223_hd_1920_1080_24fps_t00011_f000264.jpg,,NO,blurry,11.011,264,1920,1080
5434223-hd_1920_1080_24fps.mp4,5434223_hd_1920_1080_24fps_t00011_f000272.jpg,,NO,blurry,11.345,272,1920,1080
5434223-hd_1920_1080_24fps.mp4,5434223_hd_1920_1080_24fps_t00011_f000280.jpg,,NO,blurry,11.678,280,1920,1080
5434223-hd_1920_1080_24fps.mp4,5434223_hd_1920_1080_24fps_t00012_f000296.jpg,,NO,blurry,12.346,296,1920,1080
5434223-hd_1920_1080_24fps.mp4,5434223_hd_1920_1080_24fps_t00012_f000304.jpg,,NO,blurry,12.679,304,1920,1080
5434223-hd_1920_1080_24fps.mp4,5434223_hd_1920_1080_24fps_t00013_f000312.jpg,,NO,blurry,13.013,312,1920,1080
5434223-hd_1920_1080_24fps.mp4,5434223_hd_1920_1080_24fps_t00013_f000320.jpg,,NO,blurry,13.347,320,1920,1080
5434223-hd_1920_1080_24fps.mp4,5434223_hd_1920_1080_24fps_t00014_f000336.jpg,,NO,blurry,14.014,336,1920,1080
5434223-hd_1920_1080_24fps.mp4,5434223_hd_1920_1080_24fps_t00014_f000344.jpg,,NO,blurry,14.348,344,1920,1080
5434223-hd_1920_1080_24fps.mp4,5434223_hd_1920_1080_24fps_t00014_f000352.jpg,,NO,blurry,14.681,352,1920,1080
5434223-hd_1920_1080_24fps.mp4,5434223_hd_1920_1080_24fps_t00015_f000360.jpg,,NO,blurry,15.015,360,1920,1080
5434223-hd_1920_1080_24fps.mp4,5434223_hd_1920_1080_24fps_t00015_f000368.jpg,,NO,blurry,15.349,368,1920,1080
5434223-hd_1920_1080_24fps.mp4,5434223_hd_1920_1080_24fps_t00015_f000376.jpg,,NO,blurry,15.682,376,1920,1080
5434223-hd_1920_1080_24fps.mp4,5434223_hd_1920_1080_24fps_t00016_f000384.jpg,,NO,blurry,16.016,384,1920,1080
5434223-hd_1920_1080_24fps.mp4,5434223_hd_1920_1080_24fps_t00017_f000416.jpg,,NO,blurry,17.351,416,1920,1080
5434223-hd_1920_1080_24fps.mp4,5434223_hd_1920_1080_24fps_t00017_f000424.jpg,,NO,blurry,17.684,424,1920,1080
5434223-hd_1920_1080_24fps.mp4,5434223_hd_1920_1080_24fps_t00018_f000432.jpg,,NO,blurry,18.018,432,1920,1080
5434223-hd_1920_1080_24fps.mp4,5434223_hd_1920_1080_24fps_t00018_f000440.jpg,,NO,blurry,18.352,440,1920,1080
5434223-hd_1920_1080_24fps.mp4,5434223_hd_1920_1080_24fps_t00018_f000448.jpg,,NO,blurry,18.685,448,1920,1080
5434223-hd_1920_1080_24fps.mp4,5434223_hd_1920_1080_24fps_t00019_f000464.jpg,,NO,blurry,19.353,464,1920,1080
5434223-hd_1920_1080_24fps.mp4,5434223_hd_1920_1080_24fps_t00019_f000472.jpg,,NO,blurry,19.686,472,1920,1080
5434223-hd_1920_1080_24fps.mp4,5434223_hd_1920_1080_24fps_t00020_f000480.jpg,,NO,blurry,20.02,480,1920,1080
5434223-hd_1920_1080_24fps.mp4,5434223_hd_1920_1080_24fps_t00021_f000504.jpg,,NO,blurry,21.021,504,1920,1080
5434223-hd_1920_1080_24fps.mp4,5434223_hd_1920_1080_24fps_t00021_f000512.jpg,,NO,blurry,21.355,512,1920,1080
5434223-hd_1920_1080_24fps.mp4,5434223_hd_1920_1080_24fps_t00022_f000528.jpg,,NO,blurry,22.022,528,1920,1080
5434223-hd_1920_1080_24fps.mp4,5434223_hd_1920_1080_24fps_t00022_f000536.jpg,,NO,blurry,22.356,536,1920,1080
5434223-hd_1920_1080_24fps.mp4,5434223_hd_1920_1080_24fps_t00022_f000544.jpg,,NO,blurry,22.689,544,1920,1080
5434223-hd_1920_1080_24fps.mp4,5434223_hd_1920_1080_24fps_t00023_f000552.jpg,,NO,blurry,23.023,552,1920,1080
5434223-hd_1920_1080_24fps.mp4,5434223_hd_1920_1080_24fps_t00023_f000560.jpg,,NO,blurry,23.357,560,1920,1080
5434223-hd_1920_1080_24fps.mp4,5434223_hd_1920_1080_24fps_t00023_f000568.jpg,,NO,blurry,23.69,568,1920,1080
5434223-hd_1920_1080_24fps.mp4,5434223_hd_1920_1080_24fps_t00024_f000576.jpg,,NO,blurry,24.024,576,1920,1080
5434223-hd_1920_1080_24fps.mp4,5434223_hd_1920_1080_24fps_t00000_f000008.jpg,,NO,near_duplicate,0.334,8,1920,1080
5434223-hd_1920_1080_24fps.mp4,5434223_hd_1920_1080_24fps_t00004_f000096.jpg,,NO,near_duplicate,4.004,96,1920,1080
gettyimages-1286759790-640_adpp.mp4,gettyimages_1286759790_640_adpp_t00001_f000030.jpg,,NO,near_duplicate,1.001,30,768,432
gettyimages-1286759790-640_adpp.mp4,gettyimages_1286759790_640_adpp_t00002_f000080.jpg,,NO,near_duplicate,2.669,80,768,432
gettyimages-1286759790-640_adpp.mp4,gettyimages_1286759790_640_adpp_t00004_f000130.jpg,,NO,near_duplicate,4.338,130,768,432
gettyimages-1286759790-640_adpp.mp4,gettyimages_1286759790_640_adpp_t00005_f000150.jpg,,NO,near_duplicate,5.005,150,768,432
gettyimages-1578985062-640_adpp.mp4,gettyimages_1578985062_640_adpp_t00000_f000008.jpg,,NO,near_duplicate,0.334,8,768,432
gettyimages-1578985062-640_adpp.mp4,gettyimages_1578985062_640_adpp_t00000_f000016.jpg,,NO,near_duplicate,0.667,16,768,432
gettyimages-1578985062-640_adpp.mp4,gettyimages_1578985062_640_adpp_t00001_f000024.jpg,,NO,near_duplicate,1.001,24,768,432
gettyimages-1578985062-640_adpp.mp4,gettyimages_1578985062_640_adpp_t00001_f000040.jpg,,NO,near_duplicate,1.668,40,768,432
gettyimages-1578985062-640_adpp.mp4,gettyimages_1578985062_640_adpp_t00002_f000048.jpg,,NO,near_duplicate,2.002,48,768,432
gettyimages-1578985062-640_adpp.mp4,gettyimages_1578985062_640_adpp_t00002_f000056.jpg,,NO,near_duplicate,2.336,56,768,432
gettyimages-1578985062-640_adpp.mp4,gettyimages_1578985062_640_adpp_t00002_f000064.jpg,,NO,near_duplicate,2.669,64,768,432
gettyimages-1578985062-640_adpp.mp4,gettyimages_1578985062_640_adpp_t00003_f000080.jpg,,NO,near_duplicate,3.337,80,768,432
gettyimages-1578985062-640_adpp.mp4,gettyimages_1578985062_640_adpp_t00004_f000104.jpg,,NO,near_duplicate,4.338,104,768,432
gettyimages-1578985062-640_adpp.mp4,gettyimages_1578985062_640_adpp_t00005_f000120.jpg,,NO,near_duplicate,5.005,120,768,432
gettyimages-1578985062-640_adpp.mp4,gettyimages_1578985062_640_adpp_t00006_f000152.jpg,,NO,near_duplicate,6.34,152,768,432
gettyimages-1578985062-640_adpp.mp4,gettyimages_1578985062_640_adpp_t00006_f000160.jpg,,NO,near_duplicate,6.673,160,768,432
gettyimages-1578985062-640_adpp.mp4,gettyimages_1578985062_640_adpp_t00007_f000176.jpg,,NO,near_duplicate,7.341,176,768,432
gettyimages-1578985062-640_adpp.mp4,gettyimages_1578985062_640_adpp_t00007_f000184.jpg,,NO,near_duplicate,7.674,184,768,432
gettyimages-1578985062-640_adpp.mp4,gettyimages_1578985062_640_adpp_t00008_f000192.jpg,,NO,near_duplicate,8.008,192,768,432
gettyimages-1578985062-640_adpp.mp4,gettyimages_1578985062_640_adpp_t00008_f000208.jpg,,NO,near_duplicate,8.675,208,768,432
gettyimages-1578985062-640_adpp.mp4,gettyimages_1578985062_640_adpp_t00009_f000216.jpg,,NO,near_duplicate,9.009,216,768,432
gettyimages-1578985062-640_adpp.mp4,gettyimages_1578985062_640_adpp_t00009_f000224.jpg,,NO,near_duplicate,9.343,224,768,432
gettyimages-1578985062-640_adpp.mp4,gettyimages_1578985062_640_adpp_t00009_f000232.jpg,,NO,near_duplicate,9.676,232,768,432
gettyimages-1578985062-640_adpp.mp4,gettyimages_1578985062_640_adpp_t00010_f000240.jpg,,NO,near_duplicate,10.01,240,768,432
gettyimages-1578985062-640_adpp.mp4,gettyimages_1578985062_640_adpp_t00010_f000248.jpg,,NO,near_duplicate,10.344,248,768,432
gettyimages-1578985062-640_adpp.mp4,gettyimages_1578985062_640_adpp_t00010_f000256.jpg,,NO,near_duplicate,10.677,256,768,432
gettyimages-1578985062-640_adpp.mp4,gettyimages_1578985062_640_adpp_t00011_f000264.jpg,,NO,near_duplicate,11.011,264,768,432
gettyimages-1578985062-640_adpp.mp4,gettyimages_1578985062_640_adpp_t00011_f000272.jpg,,NO,near_duplicate,11.345,272,768,432
gettyimages-1578985062-640_adpp.mp4,gettyimages_1578985062_640_adpp_t00011_f000280.jpg,,NO,near_duplicate,11.678,280,768,432
gettyimages-1578985062-640_adpp.mp4,gettyimages_1578985062_640_adpp_t00012_f000288.jpg,,NO,near_duplicate,12.012,288,768,432
gettyimages-1578985062-640_adpp.mp4,gettyimages_1578985062_640_adpp_t00012_f000296.jpg,,NO,near_duplicate,12.346,296,768,432
gettyimages-1578985062-640_adpp.mp4,gettyimages_1578985062_640_adpp_t00012_f000304.jpg,,NO,near_duplicate,12.679,304,768,432
gettyimages-1578985062-640_adpp.mp4,gettyimages_1578985062_640_adpp_t00013_f000312.jpg,,NO,near_duplicate,13.013,312,768,432
gettyimages-1578985062-640_adpp.mp4,gettyimages_1578985062_640_adpp_t00013_f000320.jpg,,NO,near_duplicate,13.347,320,768,432
gettyimages-1578985062-640_adpp.mp4,gettyimages_1578985062_640_adpp_t00013_f000328.jpg,,NO,near_duplicate,13.68,328,768,432
gettyimages-1578985062-640_adpp.mp4,gettyimages_1578985062_640_adpp_t00014_f000336.jpg,,NO,near_duplicate,14.014,336,768,432
gettyimages-1578985062-640_adpp.mp4,gettyimages_1578985062_640_adpp_t00014_f000344.jpg,,NO,near_duplicate,14.348,344,768,432
gettyimages-1578985062-640_adpp.mp4,gettyimages_1578985062_640_adpp_t00014_f000352.jpg,,NO,near_duplicate,14.681,352,768,432
gettyimages-1578985062-640_adpp.mp4,gettyimages_1578985062_640_adpp_t00015_f000368.jpg,,NO,near_duplicate,15.349,368,768,432
gettyimages-1578985062-640_adpp.mp4,gettyimages_1578985062_640_adpp_t00015_f000376.jpg,,NO,near_duplicate,15.682,376,768,432
gettyimages-1578985062-640_adpp.mp4,gettyimages_1578985062_640_adpp_t00016_f000384.jpg,,NO,near_duplicate,16.016,384,768,432
gettyimages-1578985062-640_adpp.mp4,gettyimages_1578985062_640_adpp_t00016_f000392.jpg,,NO,near_duplicate,16.35,392,768,432
gettyimages-1578985062-640_adpp.mp4,gettyimages_1578985062_640_adpp_t00016_f000400.jpg,,NO,near_duplicate,16.683,400,768,432
gettyimages-1578985062-640_adpp.mp4,gettyimages_1578985062_640_adpp_t00017_f000408.jpg,,NO,near_duplicate,17.017,408,768,432
gettyimages-1578985062-640_adpp.mp4,gettyimages_1578985062_640_adpp_t00017_f000424.jpg,,NO,near_duplicate,17.684,424,768,432
gettyimages-1578985062-640_adpp.mp4,gettyimages_1578985062_640_adpp_t00018_f000432.jpg,,NO,near_duplicate,18.018,432,768,432
gettyimages-1578985062-640_adpp.mp4,gettyimages_1578985062_640_adpp_t00018_f000440.jpg,,NO,near_duplicate,18.352,440,768,432
gettyimages-1578985062-640_adpp.mp4,gettyimages_1578985062_640_adpp_t00018_f000448.jpg,,NO,near_duplicate,18.685,448,768,432
gettyimages-1578985062-640_adpp.mp4,gettyimages_1578985062_640_adpp_t00019_f000464.jpg,,NO,near_duplicate,19.353,464,768,432
gettyimages-1578985062-640_adpp.mp4,gettyimages_1578985062_640_adpp_t00019_f000472.jpg,,NO,near_duplicate,19.686,472,768,432
gettyimages-1578985062-640_adpp.mp4,gettyimages_1578985062_640_adpp_t00020_f000496.jpg,,NO,near_duplicate,20.687,496,768,432
gettyimages-2216765853-640_adpp.mp4,gettyimages_2216765853_640_adpp_t00000_f000008.jpg,,NO,near_duplicate,0.32,8,768,432
gettyimages-2216765853-640_adpp.mp4,gettyimages_2216765853_640_adpp_t00000_f000024.jpg,,NO,near_duplicate,0.96,24,768,432
gettyimages-2216765853-640_adpp.mp4,gettyimages_2216765853_640_adpp_t00001_f000032.jpg,,NO,near_duplicate,1.28,32,768,432
gettyimages-2216765853-640_adpp.mp4,gettyimages_2216765853_640_adpp_t00001_f000048.jpg,,NO,near_duplicate,1.92,48,768,432
gettyimages-2216765853-640_adpp.mp4,gettyimages_2216765853_640_adpp_t00002_f000064.jpg,,NO,near_duplicate,2.56,64,768,432
gettyimages-2216765853-640_adpp.mp4,gettyimages_2216765853_640_adpp_t00002_f000072.jpg,,NO,near_duplicate,2.88,72,768,432
gettyimages-2216765853-640_adpp.mp4,gettyimages_2216765853_640_adpp_t00003_f000088.jpg,,NO,near_duplicate,3.52,88,768,432
gettyimages-2216765853-640_adpp.mp4,gettyimages_2216765853_640_adpp_t00003_f000096.jpg,,NO,near_duplicate,3.84,96,768,432
gettyimages-2216765853-640_adpp.mp4,gettyimages_2216765853_640_adpp_t00004_f000104.jpg,,NO,near_duplicate,4.16,104,768,432
gettyimages-2216765853-640_adpp.mp4,gettyimages_2216765853_640_adpp_t00004_f000120.jpg,,NO,near_duplicate,4.8,120,768,432
gettyimages-2216765853-640_adpp.mp4,gettyimages_2216765853_640_adpp_t00005_f000136.jpg,,NO,near_duplicate,5.44,136,768,432
gettyimages-2216765853-640_adpp.mp4,gettyimages_2216765853_640_adpp_t00005_f000144.jpg,,NO,near_duplicate,5.76,144,768,432
gettyimages-2216765853-640_adpp.mp4,gettyimages_2216765853_640_adpp_t00006_f000152.jpg,,NO,near_duplicate,6.08,152,768,432
gettyimages-2216765853-640_adpp.mp4,gettyimages_2216765853_640_adpp_t00006_f000160.jpg,,NO,near_duplicate,6.4,160,768,432
gettyimages-2216765853-640_adpp.mp4,gettyimages_2216765853_640_adpp_t00006_f000168.jpg,,NO,near_duplicate,6.72,168,768,432
gettyimages-2216765853-640_adpp.mp4,gettyimages_2216765853_640_adpp_t00007_f000176.jpg,,NO,near_duplicate,7.04,176,768,432
gettyimages-2216765853-640_adpp.mp4,gettyimages_2216765853_640_adpp_t00007_f000184.jpg,,NO,near_duplicate,7.36,184,768,432
gettyimages-2216765853-640_adpp.mp4,gettyimages_2216765853_640_adpp_t00007_f000192.jpg,,NO,near_duplicate,7.68,192,768,432
gettyimages-2216765853-640_adpp.mp4,gettyimages_2216765853_640_adpp_t00008_f000200.jpg,,NO,near_duplicate,8.0,200,768,432
gettyimages-2216765853-640_adpp.mp4,gettyimages_2216765853_640_adpp_t00008_f000208.jpg,,NO,near_duplicate,8.32,208,768,432
gettyimages-2216765853-640_adpp.mp4,gettyimages_2216765853_640_adpp_t00008_f000216.jpg,,NO,near_duplicate,8.64,216,768,432
gettyimages-2216765853-640_adpp.mp4,gettyimages_2216765853_640_adpp_t00008_f000224.jpg,,NO,near_duplicate,8.96,224,768,432
istockphoto-2258622635-640_adpp_is.mp4,istockphoto_2258622635_640_adpp_is_t00002_f000136.jpg,,NO,near_duplicate,2.72,136,768,432
istockphoto-2258622635-640_adpp_is.mp4,istockphoto_2258622635_640_adpp_is_t00003_f000153.jpg,,NO,near_duplicate,3.06,153,768,432
istockphoto-2258622635-640_adpp_is.mp4,istockphoto_2258622635_640_adpp_is_t00003_f000170.jpg,,NO,near_duplicate,3.4,170,768,432
istockphoto-2258622635-640_adpp_is.mp4,istockphoto_2258622635_640_adpp_is_t00004_f000221.jpg,,NO,near_duplicate,4.42,221,768,432
istockphoto-2258622635-640_adpp_is.mp4,istockphoto_2258622635_640_adpp_is_t00005_f000255.jpg,,NO,near_duplicate,5.1,255,768,432
istockphoto-2258622635-640_adpp_is.mp4,istockphoto_2258622635_640_adpp_is_t00005_f000272.jpg,,NO,near_duplicate,5.44,272,768,432
istockphoto-2258622635-640_adpp_is.mp4,istockphoto_2258622635_640_adpp_is_t00006_f000306.jpg,,NO,near_duplicate,6.12,306,768,432
istockphoto-2258622635-640_adpp_is.mp4,istockphoto_2258622635_640_adpp_is_t00006_f000323.jpg,,NO,near_duplicate,6.46,323,768,432
istockphoto-2258622635-640_adpp_is.mp4,istockphoto_2258622635_640_adpp_is_t00006_f000340.jpg,,NO,near_duplicate,6.8,340,768,432
istockphoto-2258622635-640_adpp_is.mp4,istockphoto_2258622635_640_adpp_is_t00007_f000357.jpg,,NO,near_duplicate,7.14,357,768,432
istockphoto-2258622635-640_adpp_is.mp4,istockphoto_2258622635_640_adpp_is_t00007_f000374.jpg,,NO,near_duplicate,7.48,374,768,432
istockphoto-2258622635-640_adpp_is.mp4,istockphoto_2258622635_640_adpp_is_t00007_f000391.jpg,,NO,near_duplicate,7.82,391,768,432
istockphoto-2258622635-640_adpp_is.mp4,istockphoto_2258622635_640_adpp_is_t00008_f000408.jpg,,NO,near_duplicate,8.16,408,768,432
istockphoto-2258622635-640_adpp_is.mp4,istockphoto_2258622635_640_adpp_is_t00008_f000425.jpg,,NO,near_duplicate,8.5,425,768,432
istockphoto-2258622635-640_adpp_is.mp4,istockphoto_2258622635_640_adpp_is_t00008_f000442.jpg,,NO,near_duplicate,8.84,442,768,432
istockphoto-2258622635-640_adpp_is.mp4,istockphoto_2258622635_640_adpp_is_t00009_f000476.jpg,,NO,near_duplicate,9.52,476,768,432
5434223-hd_1920_1080_24fps.mp4,5434223_hd_1920_1080_24fps_t00000_f000000.jpg,5434223_hd_1920_1080_24fps_t00000_f000000.jpg,YES,,0.0,0,1920,1080
5434223-hd_1920_1080_24fps.mp4,5434223_hd_1920_1080_24fps_t00000_f000016.jpg,5434223_hd_1920_1080_24fps_t00000_f000016.jpg,YES,,0.667,16,1920,1080
5434223-hd_1920_1080_24fps.mp4,5434223_hd_1920_1080_24fps_t00001_f000024.jpg,5434223_hd_1920_1080_24fps_t00001_f000024.jpg,YES,,1.001,24,1920,1080
5434223-hd_1920_1080_24fps.mp4,5434223_hd_1920_1080_24fps_t00001_f000032.jpg,5434223_hd_1920_1080_24fps_t00001_f000032.jpg,YES,,1.335,32,1920,1080
5434223-hd_1920_1080_24fps.mp4,5434223_hd_1920_1080_24fps_t00001_f000040.jpg,5434223_hd_1920_1080_24fps_t00001_f000040.jpg,YES,,1.668,40,1920,1080
5434223-hd_1920_1080_24fps.mp4,5434223_hd_1920_1080_24fps_t00002_f000048.jpg,5434223_hd_1920_1080_24fps_t00002_f000048.jpg,YES,,2.002,48,1920,1080
5434223-hd_1920_1080_24fps.mp4,5434223_hd_1920_1080_24fps_t00002_f000056.jpg,5434223_hd_1920_1080_24fps_t00002_f000056.jpg,YES,,2.336,56,1920,1080
5434223-hd_1920_1080_24fps.mp4,5434223_hd_1920_1080_24fps_t00002_f000064.jpg,5434223_hd_1920_1080_24fps_t00002_f000064.jpg,YES,,2.669,64,1920,1080
5434223-hd_1920_1080_24fps.mp4,5434223_hd_1920_1080_24fps_t00003_f000072.jpg,5434223_hd_1920_1080_24fps_t00003_f000072.jpg,YES,,3.003,72,1920,1080
5434223-hd_1920_1080_24fps.mp4,5434223_hd_1920_1080_24fps_t00003_f000080.jpg,5434223_hd_1920_1080_24fps_t00003_f000080.jpg,YES,,3.337,80,1920,1080
5434223-hd_1920_1080_24fps.mp4,5434223_hd_1920_1080_24fps_t00003_f000088.jpg,5434223_hd_1920_1080_24fps_t00003_f000088.jpg,YES,,3.67,88,1920,1080
5434223-hd_1920_1080_24fps.mp4,5434223_hd_1920_1080_24fps_t00004_f000104.jpg,5434223_hd_1920_1080_24fps_t00004_f000104.jpg,YES,,4.338,104,1920,1080
5434223-hd_1920_1080_24fps.mp4,5434223_hd_1920_1080_24fps_t00004_f000112.jpg,5434223_hd_1920_1080_24fps_t00004_f000112.jpg,YES,,4.671,112,1920,1080
5434223-hd_1920_1080_24fps.mp4,5434223_hd_1920_1080_24fps_t00005_f000120.jpg,5434223_hd_1920_1080_24fps_t00005_f000120.jpg,YES,,5.005,120,1920,1080
5434223-hd_1920_1080_24fps.mp4,5434223_hd_1920_1080_24fps_t00005_f000136.jpg,5434223_hd_1920_1080_24fps_t00005_f000136.jpg,YES,,5.672,136,1920,1080
5434223-hd_1920_1080_24fps.mp4,5434223_hd_1920_1080_24fps_t00006_f000144.jpg,5434223_hd_1920_1080_24fps_t00006_f000144.jpg,YES,,6.006,144,1920,1080
5434223-hd_1920_1080_24fps.mp4,5434223_hd_1920_1080_24fps_t00007_f000168.jpg,5434223_hd_1920_1080_24fps_t00007_f000168.jpg,YES,,7.007,168,1920,1080
5434223-hd_1920_1080_24fps.mp4,5434223_hd_1920_1080_24fps_t00007_f000176.jpg,5434223_hd_1920_1080_24fps_t00007_f000176.jpg,YES,,7.341,176,1920,1080
5434223-hd_1920_1080_24fps.mp4,5434223_hd_1920_1080_24fps_t00007_f000184.jpg,5434223_hd_1920_1080_24fps_t00007_f000184.jpg,YES,,7.674,184,1920,1080
5434223-hd_1920_1080_24fps.mp4,5434223_hd_1920_1080_24fps_t00008_f000192.jpg,5434223_hd_1920_1080_24fps_t00008_f000192.jpg,YES,,8.008,192,1920,1080
5434223-hd_1920_1080_24fps.mp4,5434223_hd_1920_1080_24fps_t00008_f000200.jpg,5434223_hd_1920_1080_24fps_t00008_f000200.jpg,YES,,8.342,200,1920,1080
5434223-hd_1920_1080_24fps.mp4,5434223_hd_1920_1080_24fps_t00009_f000216.jpg,5434223_hd_1920_1080_24fps_t00009_f000216.jpg,YES,,9.009,216,1920,1080
5434223-hd_1920_1080_24fps.mp4,5434223_hd_1920_1080_24fps_t00009_f000224.jpg,5434223_hd_1920_1080_24fps_t00009_f000224.jpg,YES,,9.343,224,1920,1080
5434223-hd_1920_1080_24fps.mp4,5434223_hd_1920_1080_24fps_t00009_f000232.jpg,5434223_hd_1920_1080_24fps_t00009_f000232.jpg,YES,,9.676,232,1920,1080
5434223-hd_1920_1080_24fps.mp4,5434223_hd_1920_1080_24fps_t00010_f000240.jpg,5434223_hd_1920_1080_24fps_t00010_f000240.jpg,YES,,10.01,240,1920,1080
5434223-hd_1920_1080_24fps.mp4,5434223_hd_1920_1080_24fps_t00010_f000256.jpg,5434223_hd_1920_1080_24fps_t00010_f000256.jpg,YES,,10.677,256,1920,1080
5434223-hd_1920_1080_24fps.mp4,5434223_hd_1920_1080_24fps_t00012_f000288.jpg,5434223_hd_1920_1080_24fps_t00012_f000288.jpg,YES,,12.012,288,1920,1080
5434223-hd_1920_1080_24fps.mp4,5434223_hd_1920_1080_24fps_t00013_f000328.jpg,5434223_hd_1920_1080_24fps_t00013_f000328.jpg,YES,,13.68,328,1920,1080
5434223-hd_1920_1080_24fps.mp4,5434223_hd_1920_1080_24fps_t00016_f000392.jpg,5434223_hd_1920_1080_24fps_t00016_f000392.jpg,YES,,16.35,392,1920,1080
5434223-hd_1920_1080_24fps.mp4,5434223_hd_1920_1080_24fps_t00016_f000400.jpg,5434223_hd_1920_1080_24fps_t00016_f000400.jpg,YES,,16.683,400,1920,1080
5434223-hd_1920_1080_24fps.mp4,5434223_hd_1920_1080_24fps_t00017_f000408.jpg,5434223_hd_1920_1080_24fps_t00017_f000408.jpg,YES,,17.017,408,1920,1080
5434223-hd_1920_1080_24fps.mp4,5434223_hd_1920_1080_24fps_t00019_f000456.jpg,5434223_hd_1920_1080_24fps_t00019_f000456.jpg,YES,,19.019,456,1920,1080
5434223-hd_1920_1080_24fps.mp4,5434223_hd_1920_1080_24fps_t00020_f000488.jpg,5434223_hd_1920_1080_24fps_t00020_f000488.jpg,YES,,20.354,488,1920,1080
5434223-hd_1920_1080_24fps.mp4,5434223_hd_1920_1080_24fps_t00020_f000496.jpg,5434223_hd_1920_1080_24fps_t00020_f000496.jpg,YES,,20.687,496,1920,1080
5434223-hd_1920_1080_24fps.mp4,5434223_hd_1920_1080_24fps_t00021_f000520.jpg,5434223_hd_1920_1080_24fps_t00021_f000520.jpg,YES,,21.688,520,1920,1080
gettyimages-1286759790-640_adpp.mp4,gettyimages_1286759790_640_adpp_t00000_f000000.jpg,gettyimages_1286759790_640_adpp_t00000_f000000.jpg,YES,,0.0,0,768,432
gettyimages-1286759790-640_adpp.mp4,gettyimages_1286759790_640_adpp_t00000_f000010.jpg,gettyimages_1286759790_640_adpp_t00000_f000010.jpg,YES,,0.334,10,768,432
gettyimages-1286759790-640_adpp.mp4,gettyimages_1286759790_640_adpp_t00000_f000020.jpg,gettyimages_1286759790_640_adpp_t00000_f000020.jpg,YES,,0.667,20,768,432
gettyimages-1286759790-640_adpp.mp4,gettyimages_1286759790_640_adpp_t00001_f000040.jpg,gettyimages_1286759790_640_adpp_t00001_f000040.jpg,YES,,1.335,40,768,432
gettyimages-1286759790-640_adpp.mp4,gettyimages_1286759790_640_adpp_t00001_f000050.jpg,gettyimages_1286759790_640_adpp_t00001_f000050.jpg,YES,,1.668,50,768,432
gettyimages-1286759790-640_adpp.mp4,gettyimages_1286759790_640_adpp_t00002_f000060.jpg,gettyimages_1286759790_640_adpp_t00002_f000060.jpg,YES,,2.002,60,768,432
gettyimages-1286759790-640_adpp.mp4,gettyimages_1286759790_640_adpp_t00002_f000070.jpg,gettyimages_1286759790_640_adpp_t00002_f000070.jpg,YES,,2.336,70,768,432
gettyimages-1286759790-640_adpp.mp4,gettyimages_1286759790_640_adpp_t00003_f000090.jpg,gettyimages_1286759790_640_adpp_t00003_f000090.jpg,YES,,3.003,90,768,432
gettyimages-1286759790-640_adpp.mp4,gettyimages_1286759790_640_adpp_t00003_f000100.jpg,gettyimages_1286759790_640_adpp_t00003_f000100.jpg,YES,,3.337,100,768,432
gettyimages-1286759790-640_adpp.mp4,gettyimages_1286759790_640_adpp_t00003_f000110.jpg,gettyimages_1286759790_640_adpp_t00003_f000110.jpg,YES,,3.67,110,768,432
gettyimages-1286759790-640_adpp.mp4,gettyimages_1286759790_640_adpp_t00004_f000120.jpg,gettyimages_1286759790_640_adpp_t00004_f000120.jpg,YES,,4.004,120,768,432
gettyimages-1286759790-640_adpp.mp4,gettyimages_1286759790_640_adpp_t00004_f000140.jpg,gettyimages_1286759790_640_adpp_t00004_f000140.jpg,YES,,4.671,140,768,432
gettyimages-1286759790-640_adpp.mp4,gettyimages_1286759790_640_adpp_t00005_f000160.jpg,gettyimages_1286759790_640_adpp_t00005_f000160.jpg,YES,,5.339,160,768,432
gettyimages-1286759790-640_adpp.mp4,gettyimages_1286759790_640_adpp_t00005_f000170.jpg,gettyimages_1286759790_640_adpp_t00005_f000170.jpg,YES,,5.672,170,768,432
gettyimages-1286759790-640_adpp.mp4,gettyimages_1286759790_640_adpp_t00006_f000180.jpg,gettyimages_1286759790_640_adpp_t00006_f000180.jpg,YES,,6.006,180,768,432
gettyimages-1286759790-640_adpp.mp4,gettyimages_1286759790_640_adpp_t00006_f000190.jpg,gettyimages_1286759790_640_adpp_t00006_f000190.jpg,YES,,6.34,190,768,432
gettyimages-1286759790-640_adpp.mp4,gettyimages_1286759790_640_adpp_t00006_f000200.jpg,gettyimages_1286759790_640_adpp_t00006_f000200.jpg,YES,,6.673,200,768,432
gettyimages-1286759790-640_adpp.mp4,gettyimages_1286759790_640_adpp_t00007_f000210.jpg,gettyimages_1286759790_640_adpp_t00007_f000210.jpg,YES,,7.007,210,768,432
gettyimages-1286759790-640_adpp.mp4,gettyimages_1286759790_640_adpp_t00007_f000220.jpg,gettyimages_1286759790_640_adpp_t00007_f000220.jpg,YES,,7.341,220,768,432
gettyimages-1286759790-640_adpp.mp4,gettyimages_1286759790_640_adpp_t00007_f000230.jpg,gettyimages_1286759790_640_adpp_t00007_f000230.jpg,YES,,7.674,230,768,432
gettyimages-1286759790-640_adpp.mp4,gettyimages_1286759790_640_adpp_t00008_f000240.jpg,gettyimages_1286759790_640_adpp_t00008_f000240.jpg,YES,,8.008,240,768,432
gettyimages-1286759790-640_adpp.mp4,gettyimages_1286759790_640_adpp_t00008_f000250.jpg,gettyimages_1286759790_640_adpp_t00008_f000250.jpg,YES,,8.342,250,768,432
gettyimages-1286759790-640_adpp.mp4,gettyimages_1286759790_640_adpp_t00008_f000260.jpg,gettyimages_1286759790_640_adpp_t00008_f000260.jpg,YES,,8.675,260,768,432
gettyimages-1578985062-640_adpp.mp4,gettyimages_1578985062_640_adpp_t00000_f000000.jpg,gettyimages_1578985062_640_adpp_t00000_f000000.jpg,YES,,0.0,0,768,432
gettyimages-1578985062-640_adpp.mp4,gettyimages_1578985062_640_adpp_t00001_f000032.jpg,gettyimages_1578985062_640_adpp_t00001_f000032.jpg,YES,,1.335,32,768,432
gettyimages-1578985062-640_adpp.mp4,gettyimages_1578985062_640_adpp_t00003_f000072.jpg,gettyimages_1578985062_640_adpp_t00003_f000072.jpg,YES,,3.003,72,768,432
gettyimages-1578985062-640_adpp.mp4,gettyimages_1578985062_640_adpp_t00003_f000088.jpg,gettyimages_1578985062_640_adpp_t00003_f000088.jpg,YES,,3.67,88,768,432
gettyimages-1578985062-640_adpp.mp4,gettyimages_1578985062_640_adpp_t00004_f000096.jpg,gettyimages_1578985062_640_adpp_t00004_f000096.jpg,YES,,4.004,96,768,432
gettyimages-1578985062-640_adpp.mp4,gettyimages_1578985062_640_adpp_t00004_f000112.jpg,gettyimages_1578985062_640_adpp_t00004_f000112.jpg,YES,,4.671,112,768,432
gettyimages-1578985062-640_adpp.mp4,gettyimages_1578985062_640_adpp_t00005_f000128.jpg,gettyimages_1578985062_640_adpp_t00005_f000128.jpg,YES,,5.339,128,768,432
gettyimages-1578985062-640_adpp.mp4,gettyimages_1578985062_640_adpp_t00005_f000136.jpg,gettyimages_1578985062_640_adpp_t00005_f000136.jpg,YES,,5.672,136,768,432
gettyimages-1578985062-640_adpp.mp4,gettyimages_1578985062_640_adpp_t00006_f000144.jpg,gettyimages_1578985062_640_adpp_t00006_f000144.jpg,YES,,6.006,144,768,432
gettyimages-1578985062-640_adpp.mp4,gettyimages_1578985062_640_adpp_t00007_f000168.jpg,gettyimages_1578985062_640_adpp_t00007_f000168.jpg,YES,,7.007,168,768,432
gettyimages-1578985062-640_adpp.mp4,gettyimages_1578985062_640_adpp_t00008_f000200.jpg,gettyimages_1578985062_640_adpp_t00008_f000200.jpg,YES,,8.342,200,768,432
gettyimages-1578985062-640_adpp.mp4,gettyimages_1578985062_640_adpp_t00015_f000360.jpg,gettyimages_1578985062_640_adpp_t00015_f000360.jpg,YES,,15.015,360,768,432
gettyimages-1578985062-640_adpp.mp4,gettyimages_1578985062_640_adpp_t00017_f000416.jpg,gettyimages_1578985062_640_adpp_t00017_f000416.jpg,YES,,17.351,416,768,432
gettyimages-1578985062-640_adpp.mp4,gettyimages_1578985062_640_adpp_t00019_f000456.jpg,gettyimages_1578985062_640_adpp_t00019_f000456.jpg,YES,,19.019,456,768,432
gettyimages-1578985062-640_adpp.mp4,gettyimages_1578985062_640_adpp_t00020_f000480.jpg,gettyimages_1578985062_640_adpp_t00020_f000480.jpg,YES,,20.02,480,768,432
gettyimages-1578985062-640_adpp.mp4,gettyimages_1578985062_640_adpp_t00020_f000488.jpg,gettyimages_1578985062_640_adpp_t00020_f000488.jpg,YES,,20.354,488,768,432
gettyimages-2216765853-640_adpp.mp4,gettyimages_2216765853_640_adpp_t00000_f000000.jpg,gettyimages_2216765853_640_adpp_t00000_f000000.jpg,YES,,0.0,0,768,432
gettyimages-2216765853-640_adpp.mp4,gettyimages_2216765853_640_adpp_t00000_f000016.jpg,gettyimages_2216765853_640_adpp_t00000_f000016.jpg,YES,,0.64,16,768,432
gettyimages-2216765853-640_adpp.mp4,gettyimages_2216765853_640_adpp_t00001_f000040.jpg,gettyimages_2216765853_640_adpp_t00001_f000040.jpg,YES,,1.6,40,768,432
gettyimages-2216765853-640_adpp.mp4,gettyimages_2216765853_640_adpp_t00002_f000056.jpg,gettyimages_2216765853_640_adpp_t00002_f000056.jpg,YES,,2.24,56,768,432
gettyimages-2216765853-640_adpp.mp4,gettyimages_2216765853_640_adpp_t00003_f000080.jpg,gettyimages_2216765853_640_adpp_t00003_f000080.jpg,YES,,3.2,80,768,432
gettyimages-2216765853-640_adpp.mp4,gettyimages_2216765853_640_adpp_t00004_f000112.jpg,gettyimages_2216765853_640_adpp_t00004_f000112.jpg,YES,,4.48,112,768,432
gettyimages-2216765853-640_adpp.mp4,gettyimages_2216765853_640_adpp_t00005_f000128.jpg,gettyimages_2216765853_640_adpp_t00005_f000128.jpg,YES,,5.12,128,768,432
istockphoto-2258622635-640_adpp_is.mp4,istockphoto_2258622635_640_adpp_is_t00000_f000000.jpg,istockphoto_2258622635_640_adpp_is_t00000_f000000.jpg,YES,,0.0,0,768,432
istockphoto-2258622635-640_adpp_is.mp4,istockphoto_2258622635_640_adpp_is_t00000_f000017.jpg,istockphoto_2258622635_640_adpp_is_t00000_f000017.jpg,YES,,0.34,17,768,432
istockphoto-2258622635-640_adpp_is.mp4,istockphoto_2258622635_640_adpp_is_t00000_f000034.jpg,istockphoto_2258622635_640_adpp_is_t00000_f000034.jpg,YES,,0.68,34,768,432
istockphoto-2258622635-640_adpp_is.mp4,istockphoto_2258622635_640_adpp_is_t00001_f000051.jpg,istockphoto_2258622635_640_adpp_is_t00001_f000051.jpg,YES,,1.02,51,768,432
istockphoto-2258622635-640_adpp_is.mp4,istockphoto_2258622635_640_adpp_is_t00001_f000068.jpg,istockphoto_2258622635_640_adpp_is_t00001_f000068.jpg,YES,,1.36,68,768,432
istockphoto-2258622635-640_adpp_is.mp4,istockphoto_2258622635_640_adpp_is_t00001_f000085.jpg,istockphoto_2258622635_640_adpp_is_t00001_f000085.jpg,YES,,1.7,85,768,432
istockphoto-2258622635-640_adpp_is.mp4,istockphoto_2258622635_640_adpp_is_t00002_f000102.jpg,istockphoto_2258622635_640_adpp_is_t00002_f000102.jpg,YES,,2.04,102,768,432
istockphoto-2258622635-640_adpp_is.mp4,istockphoto_2258622635_640_adpp_is_t00002_f000119.jpg,istockphoto_2258622635_640_adpp_is_t00002_f000119.jpg,YES,,2.38,119,768,432
istockphoto-2258622635-640_adpp_is.mp4,istockphoto_2258622635_640_adpp_is_t00003_f000187.jpg,istockphoto_2258622635_640_adpp_is_t00003_f000187.jpg,YES,,3.74,187,768,432
istockphoto-2258622635-640_adpp_is.mp4,istockphoto_2258622635_640_adpp_is_t00004_f000204.jpg,istockphoto_2258622635_640_adpp_is_t00004_f000204.jpg,YES,,4.08,204,768,432
istockphoto-2258622635-640_adpp_is.mp4,istockphoto_2258622635_640_adpp_is_t00004_f000238.jpg,istockphoto_2258622635_640_adpp_is_t00004_f000238.jpg,YES,,4.76,238,768,432
istockphoto-2258622635-640_adpp_is.mp4,istockphoto_2258622635_640_adpp_is_t00005_f000289.jpg,istockphoto_2258622635_640_adpp_is_t00005_f000289.jpg,YES,,5.78,289,768,432
istockphoto-2258622635-640_adpp_is.mp4,istockphoto_2258622635_640_adpp_is_t00009_f000459.jpg,istockphoto_2258622635_640_adpp_is_t00009_f000459.jpg,YES,,9.18,459,768,432
gettyimages-1315550872-640_adpp.mp4,gettyimages_1315550872_640_adpp_t00000_f000008.jpg,,NO,near_duplicate,0.32,8,768,432
gettyimages-1315550872-640_adpp.mp4,gettyimages_1315550872_640_adpp_t00000_f000016.jpg,,NO,near_duplicate,0.64,16,768,432
gettyimages-1315550872-640_adpp.mp4,gettyimages_1315550872_640_adpp_t00000_f000024.jpg,,NO,near_duplicate,0.96,24,768,432
gettyimages-1315550872-640_adpp.mp4,gettyimages_1315550872_640_adpp_t00001_f000032.jpg,,NO,near_duplicate,1.28,32,768,432
gettyimages-1315550872-640_adpp.mp4,gettyimages_1315550872_640_adpp_t00001_f000040.jpg,,NO,near_duplicate,1.6,40,768,432
gettyimages-1315550872-640_adpp.mp4,gettyimages_1315550872_640_adpp_t00005_f000136.jpg,,NO,near_duplicate,5.44,136,768,432
gettyimages-1315550872-640_adpp.mp4,gettyimages_1315550872_640_adpp_t00006_f000160.jpg,,NO,near_duplicate,6.4,160,768,432
gettyimages-1315550872-640_adpp.mp4,gettyimages_1315550872_640_adpp_t00006_f000168.jpg,,NO,near_duplicate,6.72,168,768,432
gettyimages-1315550872-640_adpp.mp4,gettyimages_1315550872_640_adpp_t00007_f000184.jpg,,NO,near_duplicate,7.36,184,768,432
gettyimages-1315550872-640_adpp.mp4,gettyimages_1315550872_640_adpp_t00007_f000192.jpg,,NO,near_duplicate,7.68,192,768,432
gettyimages-1315550872-640_adpp.mp4,gettyimages_1315550872_640_adpp_t00008_f000200.jpg,,NO,near_duplicate,8.0,200,768,432
gettyimages-1315550872-640_adpp.mp4,gettyimages_1315550872_640_adpp_t00008_f000208.jpg,,NO,near_duplicate,8.32,208,768,432
gettyimages-1315550872-640_adpp.mp4,gettyimages_1315550872_640_adpp_t00008_f000216.jpg,,NO,near_duplicate,8.64,216,768,432
gettyimages-1315550872-640_adpp.mp4,gettyimages_1315550872_640_adpp_t00009_f000232.jpg,,NO,near_duplicate,9.28,232,768,432
gettyimages-1315550872-640_adpp.mp4,gettyimages_1315550872_640_adpp_t00009_f000248.jpg,,NO,near_duplicate,9.92,248,768,432
gettyimages-1315550872-640_adpp.mp4,gettyimages_1315550872_640_adpp_t00010_f000256.jpg,,NO,near_duplicate,10.24,256,768,432
gettyimages-1315550872-640_adpp.mp4,gettyimages_1315550872_640_adpp_t00010_f000264.jpg,,NO,near_duplicate,10.56,264,768,432
gettyimages-1315550872-640_adpp.mp4,gettyimages_1315550872_640_adpp_t00010_f000272.jpg,,NO,near_duplicate,10.88,272,768,432
gettyimages-1315550872-640_adpp.mp4,gettyimages_1315550872_640_adpp_t00011_f000280.jpg,,NO,near_duplicate,11.2,280,768,432
gettyimages-1315550872-640_adpp.mp4,gettyimages_1315550872_640_adpp_t00011_f000288.jpg,,NO,near_duplicate,11.52,288,768,432
gettyimages-1315550872-640_adpp.mp4,gettyimages_1315550872_640_adpp_t00011_f000296.jpg,,NO,near_duplicate,11.84,296,768,432
gettyimages-1315550872-640_adpp.mp4,gettyimages_1315550872_640_adpp_t00012_f000304.jpg,,NO,near_duplicate,12.16,304,768,432
gettyimages-1315550872-640_adpp.mp4,gettyimages_1315550872_640_adpp_t00012_f000312.jpg,,NO,near_duplicate,12.48,312,768,432
gettyimages-1315550872-640_adpp.mp4,gettyimages_1315550872_640_adpp_t00012_f000320.jpg,,NO,near_duplicate,12.8,320,768,432
gettyimages-1315550872-640_adpp.mp4,gettyimages_1315550872_640_adpp_t00013_f000328.jpg,,NO,near_duplicate,13.12,328,768,432
gettyimages-1315550872-640_adpp.mp4,gettyimages_1315550872_640_adpp_t00013_f000336.jpg,,NO,near_duplicate,13.44,336,768,432
gettyimages-1315550872-640_adpp.mp4,gettyimages_1315550872_640_adpp_t00013_f000344.jpg,,NO,near_duplicate,13.76,344,768,432
gettyimages-1315550872-640_adpp.mp4,gettyimages_1315550872_640_adpp_t00014_f000360.jpg,,NO,near_duplicate,14.4,360,768,432
gettyimages-1315550872-640_adpp.mp4,gettyimages_1315550872_640_adpp_t00015_f000392.jpg,,NO,near_duplicate,15.68,392,768,432
gettyimages-1315550872-640_adpp.mp4,gettyimages_1315550872_640_adpp_t00016_f000416.jpg,,NO,near_duplicate,16.64,416,768,432
gettyimages-1315550872-640_adpp.mp4,gettyimages_1315550872_640_adpp_t00016_f000424.jpg,,NO,near_duplicate,16.96,424,768,432
gettyimages-1315550872-640_adpp.mp4,gettyimages_1315550872_640_adpp_t00017_f000440.jpg,,NO,near_duplicate,17.6,440,768,432
gettyimages-1315550872-640_adpp.mp4,gettyimages_1315550872_640_adpp_t00017_f000448.jpg,,NO,near_duplicate,17.92,448,768,432
gettyimages-1315550872-640_adpp.mp4,gettyimages_1315550872_640_adpp_t00018_f000456.jpg,,NO,near_duplicate,18.24,456,768,432
gettyimages-1315550872-640_adpp.mp4,gettyimages_1315550872_640_adpp_t00018_f000464.jpg,,NO,near_duplicate,18.56,464,768,432
gettyimages-1315550872-640_adpp.mp4,gettyimages_1315550872_640_adpp_t00018_f000472.jpg,,NO,near_duplicate,18.88,472,768,432
gettyimages-1315550872-640_adpp.mp4,gettyimages_1315550872_640_adpp_t00019_f000488.jpg,,NO,near_duplicate,19.52,488,768,432
gettyimages-1315550872-640_adpp.mp4,gettyimages_1315550872_640_adpp_t00019_f000496.jpg,,NO,near_duplicate,19.84,496,768,432
gettyimages-1315550872-640_adpp.mp4,gettyimages_1315550872_640_adpp_t00020_f000504.jpg,,NO,near_duplicate,20.16,504,768,432
gettyimages-1315550872-640_adpp.mp4,gettyimages_1315550872_640_adpp_t00020_f000512.jpg,,NO,near_duplicate,20.48,512,768,432
gettyimages-1315550872-640_adpp.mp4,gettyimages_1315550872_640_adpp_t00020_f000520.jpg,,NO,near_duplicate,20.8,520,768,432
gettyimages-1315550872-640_adpp.mp4,gettyimages_1315550872_640_adpp_t00021_f000528.jpg,,NO,near_duplicate,21.12,528,768,432
gettyimages-1315550872-640_adpp.mp4,gettyimages_1315550872_640_adpp_t00021_f000544.jpg,,NO,near_duplicate,21.76,544,768,432
gettyimages-1315550872-640_adpp.mp4,gettyimages_1315550872_640_adpp_t00000_f000000.jpg,gettyimages_1315550872_640_adpp_t00000_f000000.jpg,YES,,0.0,0,768,432
gettyimages-1315550872-640_adpp.mp4,gettyimages_1315550872_640_adpp_t00001_f000048.jpg,gettyimages_1315550872_640_adpp_t00001_f000048.jpg,YES,,1.92,48,768,432
gettyimages-1315550872-640_adpp.mp4,gettyimages_1315550872_640_adpp_t00002_f000056.jpg,gettyimages_1315550872_640_adpp_t00002_f000056.jpg,YES,,2.24,56,768,432
gettyimages-1315550872-640_adpp.mp4,gettyimages_1315550872_640_adpp_t00002_f000064.jpg,gettyimages_1315550872_640_adpp_t00002_f000064.jpg,YES,,2.56,64,768,432
gettyimages-1315550872-640_adpp.mp4,gettyimages_1315550872_640_adpp_t00002_f000072.jpg,gettyimages_1315550872_640_adpp_t00002_f000072.jpg,YES,,2.88,72,768,432
gettyimages-1315550872-640_adpp.mp4,gettyimages_1315550872_640_adpp_t00003_f000080.jpg,gettyimages_1315550872_640_adpp_t00003_f000080.jpg,YES,,3.2,80,768,432
gettyimages-1315550872-640_adpp.mp4,gettyimages_1315550872_640_adpp_t00003_f000088.jpg,gettyimages_1315550872_640_adpp_t00003_f000088.jpg,YES,,3.52,88,768,432
gettyimages-1315550872-640_adpp.mp4,gettyimages_1315550872_640_adpp_t00003_f000096.jpg,gettyimages_1315550872_640_adpp_t00003_f000096.jpg,YES,,3.84,96,768,432
gettyimages-1315550872-640_adpp.mp4,gettyimages_1315550872_640_adpp_t00004_f000104.jpg,gettyimages_1315550872_640_adpp_t00004_f000104.jpg,YES,,4.16,104,768,432
gettyimages-1315550872-640_adpp.mp4,gettyimages_1315550872_640_adpp_t00004_f000112.jpg,gettyimages_1315550872_640_adpp_t00004_f000112.jpg,YES,,4.48,112,768,432
gettyimages-1315550872-640_adpp.mp4,gettyimages_1315550872_640_adpp_t00004_f000120.jpg,gettyimages_1315550872_640_adpp_t00004_f000120.jpg,YES,,4.8,120,768,432
gettyimages-1315550872-640_adpp.mp4,gettyimages_1315550872_640_adpp_t00005_f000128.jpg,gettyimages_1315550872_640_adpp_t00005_f000128.jpg,YES,,5.12,128,768,432
gettyimages-1315550872-640_adpp.mp4,gettyimages_1315550872_640_adpp_t00005_f000144.jpg,gettyimages_1315550872_640_adpp_t00005_f000144.jpg,YES,,5.76,144,768,432
gettyimages-1315550872-640_adpp.mp4,gettyimages_1315550872_640_adpp_t00006_f000152.jpg,gettyimages_1315550872_640_adpp_t00006_f000152.jpg,YES,,6.08,152,768,432
gettyimages-1315550872-640_adpp.mp4,gettyimages_1315550872_640_adpp_t00007_f000176.jpg,gettyimages_1315550872_640_adpp_t00007_f000176.jpg,YES,,7.04,176,768,432
gettyimages-1315550872-640_adpp.mp4,gettyimages_1315550872_640_adpp_t00008_f000224.jpg,gettyimages_1315550872_640_adpp_t00008_f000224.jpg,YES,,8.96,224,768,432
gettyimages-1315550872-640_adpp.mp4,gettyimages_1315550872_640_adpp_t00009_f000240.jpg,gettyimages_1315550872_640_adpp_t00009_f000240.jpg,YES,,9.6,240,768,432
gettyimages-1315550872-640_adpp.mp4,gettyimages_1315550872_640_adpp_t00014_f000352.jpg,gettyimages_1315550872_640_adpp_t00014_f000352.jpg,YES,,14.08,352,768,432
gettyimages-1315550872-640_adpp.mp4,gettyimages_1315550872_640_adpp_t00014_f000368.jpg,gettyimages_1315550872_640_adpp_t00014_f000368.jpg,YES,,14.72,368,768,432
gettyimages-1315550872-640_adpp.mp4,gettyimages_1315550872_640_adpp_t00015_f000376.jpg,gettyimages_1315550872_640_adpp_t00015_f000376.jpg,YES,,15.04,376,768,432
gettyimages-1315550872-640_adpp.mp4,gettyimages_1315550872_640_adpp_t00015_f000384.jpg,gettyimages_1315550872_640_adpp_t00015_f000384.jpg,YES,,15.36,384,768,432
gettyimages-1315550872-640_adpp.mp4,gettyimages_1315550872_640_adpp_t00016_f000400.jpg,gettyimages_1315550872_640_adpp_t00016_f000400.jpg,YES,,16.0,400,768,432
gettyimages-1315550872-640_adpp.mp4,gettyimages_1315550872_640_adpp_t00016_f000408.jpg,gettyimages_1315550872_640_adpp_t00016_f000408.jpg,YES,,16.32,408,768,432
gettyimages-1315550872-640_adpp.mp4,gettyimages_1315550872_640_adpp_t00017_f000432.jpg,gettyimages_1315550872_640_adpp_t00017_f000432.jpg,YES,,17.28,432,768,432
gettyimages-1315550872-640_adpp.mp4,gettyimages_1315550872_640_adpp_t00019_f000480.jpg,gettyimages_1315550872_640_adpp_t00019_f000480.jpg,YES,,19.2,480,768,432
gettyimages-1315550872-640_adpp.mp4,gettyimages_1315550872_640_adpp_t00021_f000536.jpg,gettyimages_1315550872_640_adpp_t00021_f000536.jpg,YES,,21.44,536,768,432
