frame,total_frame_ms,yolo_ms,assoc_ms,temp_ms,render_ms,rolling_fps,active_workers,confirmed_events_emitted
1,3293.37,3227.95,0.10,0.02,19.66,0.3,2,0
2,60.94,49.06,0.26,0.11,2.78,0.6,2,0
3,56.01,42.76,0.16,0.05,2.97,0.9,2,0
4,50.66,38.83,0.16,0.05,2.30,1.2,2,0
5,69.18,44.80,0.18,0.06,2.30,1.4,2,1
6,55.72,42.99,0.16,0.05,1.95,1.7,2,0
7,51.21,40.99,0.16,0.06,1.84,1.9,3,0
8,58.62,37.48,0.16,0.07,2.21,2.2,4,1
9,53.98,42.21,0.13,0.05,1.93,2.4,4,0
10,47.22,36.61,0.18,0.06,2.31,2.6,4,0
11,56.47,42.48,0.20,0.05,3.26,2.9,4,0
12,44.25,36.33,0.14,0.06,1.85,3.1,4,0
13,49.83,41.53,0.12,0.06,1.75,3.3,4,0
14,42.55,37.41,0.09,0.03,1.29,3.5,4,0
15,24.06,20.46,0.05,0.02,0.73,3.7,4,0
16,27.84,22.07,0.12,0.04,1.86,4.0,4,0
17,63.75,44.56,0.19,0.04,1.60,4.1,4,0
18,30.50,24.08,0.13,0.04,1.65,4.4,3,0
19,33.41,24.93,0.07,0.02,1.17,4.6,2,0
20,27.12,21.78,0.07,0.02,1.42,4.8,2,0
21,23.75,20.25,0.05,0.02,0.68,5.0,2,0
22,25.44,20.94,0.05,0.02,0.69,5.2,2,0
23,23.69,19.98,0.10,0.02,0.71,5.4,2,0
24,22.56,18.07,0.06,0.02,0.80,5.6,3,0
25,22.05,18.03,0.05,0.02,0.79,5.8,3,0
26,26.55,20.11,0.08,0.03,1.02,6.0,3,0
27,25.95,19.50,0.07,0.03,1.11,6.2,3,0
28,30.92,22.92,0.08,0.04,1.48,6.4,3,0
29,28.64,22.20,0.13,0.07,1.26,6.6,3,0
30,24.23,19.21,0.06,0.03,1.06,6.7,3,0
31,26.18,20.76,0.05,0.02,0.94,25.4,3,0
32,25.49,19.91,0.06,0.03,0.75,26.1,4,0
33,24.69,19.67,0.07,0.03,1.21,26.9,4,0
34,26.00,21.28,0.04,0.03,0.77,27.5,4,0
35,24.08,18.48,0.05,0.03,0.74,28.7,3,0
36,40.50,30.48,0.13,0.03,0.78,29.1,3,1
37,30.79,25.76,0.10,0.04,1.27,29.7,3,0
38,29.97,23.67,0.08,0.03,1.71,30.5,3,0
39,28.61,22.69,0.08,0.03,1.11,31.3,3,0
40,27.25,21.09,0.12,0.04,1.12,32.0,3,0
41,29.67,23.55,0.09,0.03,1.31,33.0,3,0
42,28.18,22.35,0.07,0.02,1.16,33.5,3,0
43,36.71,32.24,0.07,0.02,0.90,34.0,3,0
44,23.45,18.89,0.05,0.02,0.85,34.8,3,0
45,23.31,19.03,0.06,0.02,0.97,34.8,3,0
46,22.34,18.71,0.06,0.02,0.82,35.1,3,0
47,24.12,19.20,0.07,0.02,0.82,36.8,3,0
48,25.59,20.23,0.12,0.03,1.24,37.0,2,0
49,24.81,19.94,0.07,0.03,0.97,37.4,2,0
50,23.74,19.83,0.06,0.02,0.78,37.5,2,0
51,23.30,18.56,0.06,0.02,0.71,37.6,2,0
52,25.96,20.82,0.23,0.03,0.93,37.5,2,0
53,25.84,20.02,0.07,0.02,0.84,37.4,2,0
54,23.37,18.81,0.05,0.02,0.69,37.4,2,0
55,24.29,19.66,0.07,0.02,0.98,37.3,2,0
56,22.94,18.41,0.05,0.01,0.67,37.5,2,0
57,26.75,20.72,0.06,0.02,0.81,37.4,2,0
58,27.66,21.46,0.06,0.02,1.36,37.6,2,0
59,27.88,21.63,0.04,0.02,0.96,37.6,2,0
60,25.84,20.72,0.05,0.01,0.65,37.5,2,0
61,24.82,20.51,0.05,0.01,0.66,37.6,2,0
62,38.14,28.35,0.14,0.04,1.61,37.0,2,0
63,30.36,23.87,0.06,0.02,0.87,36.8,2,0
64,27.58,21.50,0.08,0.03,0.99,36.7,2,0
65,26.03,20.20,0.08,0.02,0.79,36.6,2,0
66,25.80,20.69,0.09,0.02,0.87,37.3,2,0
67,23.15,19.26,0.07,0.02,0.71,37.6,2,0
68,27.05,20.57,0.14,0.03,1.38,37.8,2,0
69,36.55,31.31,0.08,0.02,0.88,37.4,2,0
70,25.90,20.79,0.08,0.02,0.92,37.4,2,0
71,25.61,20.65,0.08,0.02,0.91,37.6,2,0
72,24.94,20.43,0.08,0.02,0.70,37.8,2,0
73,23.44,19.81,0.05,0.02,0.69,38.4,2,0
74,29.72,24.29,0.10,0.03,1.27,38.1,2,0
75,23.34,19.46,0.09,0.02,0.77,38.1,2,0
76,25.21,18.37,0.05,0.01,0.72,38.0,2,0
77,22.07,17.71,0.05,0.02,0.71,38.1,2,0
78,25.63,19.95,0.07,0.02,0.92,38.1,2,0
79,25.68,21.55,0.05,0.01,0.65,38.0,2,0
80,24.43,20.51,0.05,0.01,0.66,38.0,2,0
81,26.73,20.67,0.11,0.03,1.43,37.8,2,0
82,26.37,20.16,0.08,0.02,1.02,37.8,2,0
83,26.01,20.40,0.17,0.05,1.28,37.8,2,0
84,24.48,19.83,0.08,0.02,0.92,37.8,2,0
85,26.00,21.64,0.06,0.02,0.66,37.7,2,0
86,27.47,20.67,0.16,0.03,1.43,37.5,2,0
87,25.66,20.83,0.06,0.02,0.76,37.5,2,0
88,23.32,18.83,0.06,0.02,0.99,37.7,2,0
89,22.28,18.82,0.05,0.01,0.67,38.0,2,0
90,27.33,23.49,0.06,0.02,0.82,37.9,2,0
91,28.23,21.57,0.13,0.02,1.24,37.8,2,0
92,24.19,18.97,0.12,0.03,1.17,38.4,2,0
93,22.22,18.54,0.06,0.02,0.65,38.8,2,0
94,24.09,19.53,0.06,0.02,0.79,39.0,2,0
95,23.58,19.58,0.05,0.02,0.73,39.1,2,0
96,23.49,19.66,0.05,0.02,0.69,39.3,2,0
97,24.68,20.51,0.05,0.02,0.65,39.2,2,0
98,32.21,26.76,0.07,0.03,1.07,38.9,2,0
99,48.45,42.49,0.06,0.02,0.74,38.3,2,0
100,28.13,22.34,0.11,0.02,0.84,38.2,2,0
101,24.29,20.30,0.06,0.02,0.66,38.3,2,0
102,33.11,26.67,0.08,0.02,1.27,37.9,2,0
103,36.72,29.87,0.13,0.03,1.31,37.3,2,0
104,28.88,21.54,0.12,0.03,1.25,37.3,2,0
105,26.09,21.69,0.07,0.02,1.06,37.2,2,0
106,24.69,20.10,0.09,0.03,1.05,37.2,2,0
107,23.09,19.51,0.06,0.02,0.81,37.2,2,0
108,24.06,19.66,0.06,0.01,0.64,37.2,2,0
109,21.06,17.37,0.06,0.02,0.74,37.4,2,0
110,25.04,20.32,0.07,0.02,0.83,37.4,2,0
111,24.68,19.33,0.06,0.02,0.69,37.5,2,0
112,23.90,18.32,0.07,0.02,0.69,37.6,2,0
113,25.96,21.01,0.08,0.02,0.71,37.6,2,0
114,23.89,17.91,0.07,0.02,0.72,37.7,2,0
115,22.58,17.82,0.07,0.02,0.75,37.8,2,0
116,25.38,19.25,0.06,0.02,1.13,37.9,2,0
117,22.22,17.82,0.07,0.02,0.74,38.1,2,0
118,23.20,18.47,0.07,0.02,1.01,38.1,2,0
119,24.61,19.91,0.13,0.03,1.27,38.0,2,0
120,25.20,20.67,0.04,0.02,0.75,38.1,2,0
121,24.36,19.50,0.06,0.02,0.86,38.3,2,0
122,21.56,17.90,0.05,0.02,0.90,38.4,2,0
123,26.35,20.82,0.10,0.05,0.87,38.2,2,0
124,23.72,19.03,0.05,0.02,0.75,38.2,2,0
125,25.06,21.23,0.05,0.02,0.72,38.1,2,0
126,22.68,18.41,0.07,0.02,0.81,38.2,2,0
127,25.52,21.27,0.07,0.03,0.72,38.1,2,0
128,26.45,21.68,0.09,0.03,1.01,38.4,2,0
129,22.33,19.16,0.05,0.02,0.59,39.7,2,0
130,30.49,19.73,0.05,0.02,1.89,39.6,2,1
131,28.15,22.41,0.10,0.03,1.14,39.4,2,0
132,23.92,19.24,0.05,0.02,0.73,39.9,2,0
133,23.53,19.13,0.05,0.02,0.96,40.6,2,0
134,23.63,19.69,0.05,0.02,0.71,40.9,2,0
135,25.98,20.56,0.05,0.02,1.06,40.9,2,0
136,22.05,18.85,0.05,0.02,0.70,41.1,2,0
137,27.40,17.34,0.11,0.02,1.53,40.8,2,1
138,31.18,21.50,0.14,0.05,1.99,40.4,2,0
139,24.08,20.00,0.05,0.02,0.91,40.3,2,0
140,31.13,25.14,0.10,0.03,1.21,39.9,2,0
141,28.52,21.49,0.09,0.03,1.25,39.7,2,0
142,25.74,20.94,0.10,0.02,1.18,39.6,2,0
143,24.23,19.36,0.06,0.02,0.72,39.7,2,0
144,21.17,17.63,0.05,0.02,0.74,39.9,2,0
145,22.79,19.18,0.05,0.02,0.73,39.9,2,0
146,21.42,17.73,0.05,0.02,0.76,40.1,2,0
147,21.57,18.21,0.04,0.02,0.71,40.1,2,0
148,34.14,29.16,0.06,0.02,1.06,39.5,2,0
149,22.89,19.49,0.07,0.03,0.97,39.6,2,0
150,28.30,22.48,0.04,0.01,1.27,39.5,2,0
151,23.89,20.01,0.04,0.01,0.66,39.5,2,0
152,24.58,20.37,0.04,0.02,0.66,39.3,2,0
153,40.76,33.23,0.15,0.04,1.72,38.6,2,0
154,40.99,33.67,0.11,0.03,1.18,37.8,2,0
155,27.33,21.62,0.05,0.02,0.77,37.6,2,0
156,29.78,22.87,0.06,0.02,1.10,37.3,2,0
157,22.77,19.46,0.04,0.02,0.70,37.4,2,0
158,21.18,17.78,0.05,0.02,0.65,37.7,2,0
159,24.61,21.55,0.04,0.02,0.68,37.6,2,0
160,26.26,21.59,0.05,0.02,0.84,37.8,2,0
161,26.49,21.66,0.07,0.05,1.13,37.9,2,0
162,22.78,18.47,0.04,0.02,0.71,37.9,2,0
163,24.68,18.23,0.08,0.04,1.32,37.9,2,0
164,33.06,27.70,0.03,0.02,0.64,37.4,2,0
165,21.87,18.40,0.03,0.02,0.63,37.6,2,0
166,28.00,22.54,0.08,0.03,0.96,37.3,2,0
167,23.42,19.14,0.06,0.02,0.71,37.5,2,0
168,22.36,17.98,0.04,0.02,0.92,37.9,2,0
169,24.47,18.38,0.07,0.03,0.96,37.9,2,0
170,27.89,21.70,0.09,0.03,1.65,38.1,2,0
171,25.99,21.41,0.04,0.02,0.64,38.2,2,0
172,25.55,20.87,0.04,0.02,0.96,38.2,2,0
173,24.11,19.50,0.04,0.02,0.73,38.2,2,0
174,22.10,18.41,0.04,0.02,0.70,38.2,2,0
175,20.72,17.44,0.05,0.02,0.96,38.3,2,0
176,22.00,18.06,0.04,0.02,0.66,38.2,2,0
177,23.59,18.84,0.05,0.02,0.77,38.1,2,0
178,22.19,18.92,0.04,0.02,0.66,38.7,2,0
179,22.14,17.59,0.05,0.01,0.73,38.8,2,0
180,38.74,27.65,0.16,0.05,2.44,38.3,2,0
181,47.40,39.23,0.07,0.03,0.81,37.1,2,0
182,21.29,18.21,0.04,0.02,0.89,37.3,2,0
183,21.08,18.01,0.03,0.02,0.63,38.2,2,0
184,21.14,17.82,0.05,0.02,0.83,39.2,2,0
185,24.49,19.70,0.04,0.02,0.64,39.4,2,0
186,25.40,20.52,0.10,0.04,1.64,39.6,2,0
187,37.27,30.38,0.08,0.04,1.35,38.8,2,0
188,33.46,27.98,0.08,0.04,1.24,38.2,2,0
189,24.28,20.78,0.04,0.02,0.65,38.3,2,0
190,21.55,17.91,0.05,0.02,0.85,38.5,2,0
191,22.70,17.85,0.04,0.01,0.64,38.7,2,0
192,25.33,20.94,0.03,0.02,0.63,38.5,2,0
193,21.30,18.24,0.07,0.02,0.75,38.7,2,0
194,31.31,26.90,0.06,0.02,0.90,38.8,2,0
195,23.69,19.75,0.04,0.02,0.74,38.7,2,0
196,22.16,19.04,0.04,0.02,0.79,39.0,2,0
197,23.84,19.49,0.05,0.02,0.85,39.0,2,0
198,24.49,20.39,0.07,0.03,1.08,38.9,2,0
199,23.61,19.83,0.03,0.02,0.63,38.9,2,0
200,20.73,17.51,0.04,0.02,0.77,39.3,2,0
201,24.48,20.03,0.06,0.03,0.85,39.4,2,0
202,23.88,19.92,0.05,0.02,0.81,39.4,2,0
203,25.55,20.43,0.07,0.02,1.49,39.4,2,0
204,23.97,20.14,0.06,0.02,0.70,39.3,2,0
205,23.12,19.42,0.06,0.02,0.95,39.2,2,0
206,22.87,19.43,0.06,0.02,0.74,39.1,2,0
207,24.14,20.39,0.05,0.01,0.84,39.1,2,0
208,22.10,18.59,0.04,0.01,0.66,39.1,2,0
209,22.42,18.37,0.07,0.02,0.90,39.1,2,0
210,27.34,20.07,0.09,0.03,1.40,39.7,2,0
211,24.59,19.94,0.09,0.03,0.81,40.9,2,0
212,24.12,20.02,0.05,0.02,0.70,40.7,2,0
213,24.24,20.78,0.05,0.02,0.79,40.6,2,0
214,22.47,18.74,0.05,0.02,0.75,40.5,2,0
215,23.27,19.52,0.04,0.02,0.73,40.6,2,0
216,21.35,17.65,0.05,0.02,0.85,40.8,2,0
217,22.25,17.97,0.07,0.03,1.22,41.6,2,0
218,24.96,20.92,0.03,0.02,0.60,42.1,2,0
219,22.23,18.01,0.08,0.03,1.08,42.2,2,0
220,25.01,21.00,0.05,0.02,0.97,42.0,2,0
221,26.29,22.28,0.04,0.02,0.67,41.8,2,0
222,20.93,17.43,0.07,0.03,1.00,42.1,2,0
223,22.88,19.10,0.04,0.02,0.68,42.0,2,0
224,22.85,18.21,0.06,0.03,0.91,42.5,2,0
225,23.00,17.75,0.13,0.05,0.79,42.5,2,0
226,22.66,18.27,0.04,0.02,0.76,42.5,2,0
227,21.32,18.37,0.04,0.02,0.81,42.7,2,0
228,23.85,19.66,0.05,0.03,1.24,42.7,2,0
229,22.29,18.33,0.04,0.02,0.72,42.8,2,0
230,21.64,17.73,0.15,0.03,1.00,42.7,2,0
231,22.77,18.52,0.06,0.02,0.96,42.8,2,0
232,21.80,18.97,0.05,0.02,0.70,43.0,2,0
233,22.41,19.57,0.04,0.02,0.66,43.2,2,0
234,22.64,19.39,0.05,0.02,0.68,43.2,2,0
235,23.88,19.80,0.06,0.02,0.94,43.2,2,0
236,24.58,19.67,0.06,0.02,0.91,43.1,2,0
237,23.01,18.42,0.05,0.02,0.86,43.2,2,0
238,24.93,21.29,0.04,0.02,0.76,43.0,2,0
239,21.42,18.07,0.04,0.02,1.05,43.0,2,0
240,22.51,18.92,0.05,0.02,0.67,43.3,2,0
241,22.72,18.51,0.05,0.02,0.76,43.5,2,0
242,21.66,17.96,0.06,0.02,1.23,43.6,2,0
243,21.89,18.04,0.06,0.02,0.98,43.8,2,0
244,22.31,18.76,0.05,0.02,1.02,43.8,2,0
245,24.58,20.29,0.10,0.03,1.21,43.7,2,0
246,23.60,19.74,0.07,0.02,1.07,43.6,2,0
247,23.30,20.21,0.05,0.01,0.65,43.5,2,0
248,23.22,19.83,0.05,0.02,0.73,43.6,2,0
249,23.17,18.26,0.11,0.03,1.36,43.5,2,0
250,21.44,18.25,0.05,0.02,0.71,43.8,2,0
251,25.49,20.84,0.06,0.02,0.94,43.8,2,0
252,23.15,18.48,0.07,0.02,0.91,43.7,2,0
253,24.26,20.14,0.05,0.01,0.71,43.6,2,0
254,21.28,17.68,0.05,0.02,1.11,43.7,2,0
255,27.63,19.48,0.07,0.03,1.23,43.4,2,1
256,28.13,23.68,0.05,0.02,0.81,43.1,2,0
257,24.61,20.79,0.05,0.02,0.68,42.8,2,0
258,24.90,20.99,0.06,0.02,0.77,42.8,2,0
259,23.55,19.35,0.06,0.02,0.79,42.7,2,0
260,29.73,25.17,0.08,0.02,1.04,42.2,2,0
261,22.61,18.81,0.07,0.02,0.81,42.2,2,0
262,21.87,18.70,0.05,0.01,0.68,42.2,2,0
263,25.94,18.80,0.04,0.02,0.94,42.0,2,1
264,25.37,20.54,0.10,0.03,1.14,41.9,2,0
265,24.36,20.07,0.07,0.02,0.85,41.8,2,0
266,26.17,20.81,0.09,0.03,0.99,41.7,2,0
267,22.37,18.76,0.05,0.02,0.76,41.8,2,0
268,22.43,18.24,0.06,0.02,0.81,41.9,2,0
269,22.15,18.44,0.05,0.02,0.79,41.9,2,0
270,24.66,21.14,0.05,0.02,0.71,41.8,2,0
271,21.47,17.73,0.06,0.02,0.89,41.8,2,0
272,23.36,18.93,0.04,0.01,0.68,41.7,2,0
273,23.07,19.88,0.05,0.02,0.84,41.7,2,0
274,23.12,18.74,0.06,0.02,1.22,41.6,2,0
275,29.09,24.34,0.06,0.02,0.79,41.4,2,0
276,24.79,19.95,0.08,0.02,0.99,41.3,2,0
277,24.98,21.48,0.06,0.02,0.73,41.2,2,0
278,26.60,21.47,0.07,0.02,1.05,41.0,2,0
279,25.07,21.28,0.05,0.01,0.74,40.9,2,0
280,23.24,19.42,0.06,0.02,1.07,40.8,2,0
281,24.70,20.38,0.04,0.01,0.64,40.8,2,0
282,22.79,19.21,0.05,0.02,0.78,40.9,2,0
283,25.34,21.12,0.05,0.01,0.68,40.8,2,0
284,25.30,20.43,0.05,0.02,0.70,40.6,2,0
285,26.79,22.26,0.05,0.02,1.20,40.6,2,0
286,49.36,43.36,0.46,0.02,1.40,39.5,2,0
287,25.62,20.87,0.08,0.02,0.87,39.4,2,0
288,23.54,19.54,0.05,0.01,0.66,39.5,2,0
289,22.62,18.83,0.06,0.02,0.93,39.6,2,0
290,21.75,17.95,0.05,0.02,1.25,40.0,2,0
291,25.34,21.34,0.09,0.02,0.98,39.8,2,0
292,22.41,18.66,0.07,0.02,1.13,39.8,2,0
293,24.08,19.17,0.09,0.02,0.98,39.9,2,0
294,25.78,22.25,0.05,0.01,0.67,39.9,2,0
295,28.69,23.94,0.07,0.02,0.87,39.6,2,0
296,24.20,18.65,0.08,0.03,1.81,39.8,2,0
297,25.95,19.36,0.06,0.02,0.99,39.6,2,0
298,24.36,19.63,0.05,0.02,0.93,39.5,2,0
299,24.28,20.81,0.05,0.02,0.70,39.4,2,0
300,21.64,18.13,0.07,0.02,1.25,39.5,2,0
301,21.72,17.76,0.06,0.02,0.84,39.5,2,0
