timestamp,worker_id,violation_type,evidence_path
2026-09-26 12:04:57,2,NO_HELMET,C:/Users/sarim/safety monitoring/evidence/20260926_12H04M57S_NO_HELMET_worker_2.jpg
2026-09-26 12:04:57,1,NO_HELMET,C:/Users/sarim/safety monitoring/evidence/20260926_12H04M57S_NO_HELMET_worker_1.jpg
2026-09-26 12:04:57,6,NO_HELMET_AND_MASK,C:/Users/sarim/safety monitoring/evidence/20260926_12H04M57S_NO_HELMET_AND_MASK_worker_6.jpg
2026-09-26 12:05:00,2,NO_HELMET,C:/Users/sarim/safety monitoring/evidence/20260926_12H05M00S_NO_HELMET_worker_2.jpg
2026-09-26 12:05:00,1,NO_HELMET_AND_MASK,C:/Users/sarim/safety monitoring/evidence/20260926_12H05M00S_NO_HELMET_AND_MASK_worker_1.jpg
2026-09-26 12:05:03,2,NO_HELMET,C:/Users/sarim/safety monitoring/evidence/20260926_12H05M03S_NO_HELMET_worker_2.jpg
2026-09-26 12:05:03,1,NO_HELMET,C:/Users/sarim/safety monitoring/evidence/20260926_12H05M03S_NO_HELMET_worker_1.jpg
2026-09-26 12:06:01,2,NO_HELMET,C:/Users/sarim/safety monitoring/evidence/20260926_12H06M01S_NO_HELMET_worker_2.jpg
2026-09-26 12:06:01,1,NO_HELMET,C:/Users/sarim/safety monitoring/evidence/20260926_12H06M01S_NO_HELMET_worker_1.jpg
2026-09-26 12:06:02,6,NO_HELMET_AND_MASK,C:/Users/sarim/safety monitoring/evidence/20260926_12H06M02S_NO_HELMET_AND_MASK_worker_6.jpg
2026-09-26 12:06:04,2,NO_HELMET,C:/Users/sarim/safety monitoring/evidence/20260926_12H06M04S_NO_HELMET_worker_2.jpg
2026-09-26 12:06:04,1,NO_HELMET_AND_MASK,C:/Users/sarim/safety monitoring/evidence/20260926_12H06M04S_NO_HELMET_AND_MASK_worker_1.jpg
2026-09-26 12:06:07,2,NO_HELMET,C:/Users/sarim/safety monitoring/evidence/20260926_12H06M07S_NO_HELMET_worker_2.jpg
2026-09-26 12:06:07,1,NO_HELMET,C:/Users/sarim/safety monitoring/evidence/20260926_12H06M07S_NO_HELMET_worker_1.jpg
2026-09-26 12:17:19,2,NO_HELMET,C:/Users/sarim/safety monitoring/evidence/20260926_12H17M19S_NO_HELMET_worker_2.jpg
2026-09-26 12:17:19,1,NO_HELMET,C:/Users/sarim/safety monitoring/evidence/20260926_12H17M19S_NO_HELMET_worker_1.jpg
2026-09-26 12:17:20,6,NO_HELMET_AND_MASK,C:/Users/sarim/safety monitoring/evidence/20260926_12H17M20S_NO_HELMET_AND_MASK_worker_6.jpg
2026-09-26 12:17:22,2,NO_HELMET,C:/Users/sarim/safety monitoring/evidence/20260926_12H17M22S_NO_HELMET_worker_2.jpg
2026-09-26 12:17:23,1,NO_HELMET_AND_MASK,C:/Users/sarim/safety monitoring/evidence/20260926_12H17M23S_NO_HELMET_AND_MASK_worker_1.jpg
2026-09-26 12:17:26,2,NO_HELMET,C:/Users/sarim/safety monitoring/evidence/20260926_12H17M26S_NO_HELMET_worker_2.jpg
2026-09-26 12:17:26,1,NO_HELMET,C:/Users/sarim/safety monitoring/evidence/20260926_12H17M26S_NO_HELMET_worker_1.jpg
2026-09-26 12:38:43,2,NO_HELMET,C:/Users/sarim/safety monitoring/evidence/20260926_12H38M43S_NO_HELMET_worker_2.jpg
2026-09-26 12:38:43,1,NO_HELMET,C:/Users/sarim/safety monitoring/evidence/20260926_12H38M43S_NO_HELMET_worker_1.jpg
2026-09-26 12:38:44,6,NO_HELMET_AND_MASK,C:/Users/sarim/safety monitoring/evidence/20260926_12H38M44S_NO_HELMET_AND_MASK_worker_6.jpg
2026-09-26 12:38:47,2,NO_HELMET,C:/Users/sarim/safety monitoring/evidence/20260926_12H38M47S_NO_HELMET_worker_2.jpg
2026-09-26 12:38:48,1,NO_HELMET_AND_MASK,C:/Users/sarim/safety monitoring/evidence/20260926_12H38M48S_NO_HELMET_AND_MASK_worker_1.jpg
2026-09-26 12:38:51,2,NO_HELMET,C:/Users/sarim/safety monitoring/evidence/20260926_12H38M51S_NO_HELMET_worker_2.jpg
2026-09-26 12:38:52,1,NO_HELMET,C:/Users/sarim/safety monitoring/evidence/20260926_12H38M52S_NO_HELMET_worker_1.jpg
2026-09-26 12:41:30,4,NO_HELMET_AND_MASK,C:/Users/sarim/safety monitoring/evidence/20260926_12H41M30S_NO_HELMET_AND_MASK_worker_4.jpg
2026-09-26 12:41:32,5,NO_HELMET_AND_MASK,C:/Users/sarim/safety monitoring/evidence/20260926_12H41M32S_NO_HELMET_AND_MASK_worker_5.jpg
2026-09-26 12:41:33,6,NO_HELMET_AND_MASK,C:/Users/sarim/safety monitoring/evidence/20260926_12H41M33S_NO_HELMET_AND_MASK_worker_6.jpg
2026-09-26 12:41:36,8,NO_HELMET_AND_MASK,C:/Users/sarim/safety monitoring/evidence/20260926_12H41M36S_NO_HELMET_AND_MASK_worker_8.jpg
2026-09-26 12:41:37,10,NO_HELMET_AND_MASK,C:/Users/sarim/safety monitoring/evidence/20260926_12H41M37S_NO_HELMET_AND_MASK_worker_10.jpg
2026-09-26 12:41:41,11,NO_HELMET_AND_MASK,C:/Users/sarim/safety monitoring/evidence/20260926_12H41M41S_NO_HELMET_AND_MASK_worker_11.jpg
2026-09-26 12:41:47,13,NO_HELMET_AND_MASK,C:/Users/sarim/safety monitoring/evidence/20260926_12H41M47S_NO_HELMET_AND_MASK_worker_13.jpg
2026-09-26 12:41:49,15,NO_HELMET_AND_MASK,C:/Users/sarim/safety monitoring/evidence/20260926_12H41M49S_NO_HELMET_AND_MASK_worker_15.jpg
2026-09-26 12:41:51,17,NO_HELMET_AND_MASK,C:/Users/sarim/safety monitoring/evidence/20260926_12H41M51S_NO_HELMET_AND_MASK_worker_17.jpg
2026-09-26 12:42:04,20,NO_HELMET_AND_MASK,C:/Users/sarim/safety monitoring/evidence/20260926_12H42M04S_NO_HELMET_AND_MASK_worker_20.jpg
2026-09-26 12:42:08,22,NO_HELMET_AND_MASK,C:/Users/sarim/safety monitoring/evidence/20260926_12H42M08S_NO_HELMET_AND_MASK_worker_22.jpg
2026-09-26 12:42:11,20,NO_HELMET_AND_MASK,C:/Users/sarim/safety monitoring/evidence/20260926_12H42M11S_NO_HELMET_AND_MASK_worker_20.jpg
2026-09-26 12:42:15,23,NO_HELMET_AND_MASK,C:/Users/sarim/safety monitoring/evidence/20260926_12H42M15S_NO_HELMET_AND_MASK_worker_23.jpg
2026-09-26 12:42:16,24,NO_HELMET_AND_MASK,C:/Users/sarim/safety monitoring/evidence/20260926_12H42M16S_NO_HELMET_AND_MASK_worker_24.jpg
2026-09-26 12:42:17,20,NO_HELMET_AND_MASK,C:/Users/sarim/safety monitoring/evidence/20260926_12H42M17S_NO_HELMET_AND_MASK_worker_20.jpg
2026-09-26 12:42:23,28,NO_HELMET_AND_MASK,C:/Users/sarim/safety monitoring/evidence/20260926_12H42M23S_NO_HELMET_AND_MASK_worker_28.jpg
2026-09-26 12:42:23,20,NO_HELMET_AND_MASK,C:/Users/sarim/safety monitoring/evidence/20260926_12H42M23S_NO_HELMET_AND_MASK_worker_20.jpg
2026-09-26 12:42:24,30,NO_HELMET_AND_MASK,C:/Users/sarim/safety monitoring/evidence/20260926_12H42M24S_NO_HELMET_AND_MASK_worker_30.jpg
2026-09-26 12:42:28,32,NO_HELMET_AND_MASK,C:/Users/sarim/safety monitoring/evidence/20260926_12H42M28S_NO_HELMET_AND_MASK_worker_32.jpg
2026-09-29 10:48:29,1,NO_MASK,C:/Users/sarim/safety monitoring/evidence/20260929_10H48M29S_NO_MASK_worker_1.jpg
2026-09-29 10:48:41,4,NO_MASK,C:/Users/sarim/safety monitoring/evidence/20260929_10H48M41S_NO_MASK_worker_4.jpg
2026-09-29 10:49:03,5,NO_MASK,C:/Users/sarim/safety monitoring/evidence/20260929_10H49M03S_NO_MASK_worker_5.jpg
2026-09-29 10:57:10,2,NO_HELMET_AND_MASK,C:/Users/sarim/safety monitoring/evidence/20260929_10H57M10S_NO_HELMET_AND_MASK_worker_2.jpg
2026-09-29 10:57:10,1,NO_MASK,C:/Users/sarim/safety monitoring/evidence/20260929_10H57M10S_NO_MASK_worker_1.jpg
2026-09-29 10:57:17,2,NO_MASK,C:/Users/sarim/safety monitoring/evidence/20260929_10H57M17S_NO_MASK_worker_2.jpg
2026-09-29 10:57:17,1,NO_MASK,C:/Users/sarim/safety monitoring/evidence/20260929_10H57M17S_NO_MASK_worker_1.jpg
2026-09-29 10:57:20,2,NO_MASK,C:/Users/sarim/safety monitoring/evidence/20260929_10H57M20S_NO_MASK_worker_2.jpg
2026-09-29 10:57:20,1,NO_MASK,C:/Users/sarim/safety monitoring/evidence/20260929_10H57M20S_NO_MASK_worker_1.jpg
2026-09-29 10:57:21,5,NO_MASK,C:/Users/sarim/safety monitoring/evidence/20260929_10H57M21S_NO_MASK_worker_5.jpg
2026-09-29 11:07:47,1,NO_HELMET_AND_MASK,C:/Users/sarim/safety monitoring/evidence/20260929_11H07M47S_NO_HELMET_AND_MASK_worker_1.jpg
2026-09-29 11:07:51,3,NO_HELMET_AND_MASK,C:/Users/sarim/safety monitoring/evidence/20260929_11H07M51S_NO_HELMET_AND_MASK_worker_3.jpg
2026-09-29 11:07:52,1,NO_HELMET_AND_MASK,C:/Users/sarim/safety monitoring/evidence/20260929_11H07M52S_NO_HELMET_AND_MASK_worker_1.jpg
2026-09-29 11:15:17,3,NO_MASK,C:/Users/sarim/safety monitoring/evidence/20260929_11H15M17S_NO_MASK_worker_3.jpg
2026-09-29 11:15:17,1,NO_HELMET_AND_MASK,C:/Users/sarim/safety monitoring/evidence/20260929_11H15M17S_NO_HELMET_AND_MASK_worker_1.jpg
2026-09-29 11:15:17,2,NO_MASK,C:/Users/sarim/safety monitoring/evidence/20260929_11H15M17S_NO_MASK_worker_2.jpg
2026-09-29 11:15:17,4,NO_MASK,C:/Users/sarim/safety monitoring/evidence/20260929_11H15M17S_NO_MASK_worker_4.jpg
2026-09-29 11:15:20,5,NO_MASK,C:/Users/sarim/safety monitoring/evidence/20260929_11H15M20S_NO_MASK_worker_5.jpg
2026-09-29 11:15:22,1,NO_MASK,C:/Users/sarim/safety monitoring/evidence/20260929_11H15M22S_NO_MASK_worker_1.jpg
2026-09-29 11:15:22,3,NO_MASK,C:/Users/sarim/safety monitoring/evidence/20260929_11H15M22S_NO_MASK_worker_3.jpg
2026-09-29 11:15:23,7,NO_MASK,C:/Users/sarim/safety monitoring/evidence/20260929_11H15M23S_NO_MASK_worker_7.jpg
2026-09-29 11:15:24,8,NO_MASK,C:/Users/sarim/safety monitoring/evidence/20260929_11H15M24S_NO_MASK_worker_8.jpg
2026-09-29 11:15:26,3,NO_MASK,C:/Users/sarim/safety monitoring/evidence/20260929_11H15M26S_NO_MASK_worker_3.jpg
2026-09-29 11:15:26,1,NO_HELMET_AND_MASK,C:/Users/sarim/safety monitoring/evidence/20260929_11H15M26S_NO_HELMET_AND_MASK_worker_1.jpg
2026-09-29 11:15:26,2,NO_MASK,C:/Users/sarim/safety monitoring/evidence/20260929_11H15M26S_NO_MASK_worker_2.jpg
2026-09-29 11:15:27,3,NO_MASK,C:/Users/sarim/safety monitoring/evidence/20260929_11H15M27S_NO_MASK_worker_3.jpg
2026-09-29 11:15:27,4,NO_MASK,C:/Users/sarim/safety monitoring/evidence/20260929_11H15M27S_NO_MASK_worker_4.jpg
2026-09-29 11:15:27,1,NO_MASK,C:/Users/sarim/safety monitoring/evidence/20260929_11H15M27S_NO_MASK_worker_1.jpg
2026-09-29 11:15:30,5,NO_MASK,C:/Users/sarim/safety monitoring/evidence/20260929_11H15M30S_NO_MASK_worker_5.jpg
2026-09-29 11:15:32,1,NO_MASK,C:/Users/sarim/safety monitoring/evidence/20260929_11H15M32S_NO_MASK_worker_1.jpg
2026-09-29 11:15:32,3,NO_MASK,C:/Users/sarim/safety monitoring/evidence/20260929_11H15M32S_NO_MASK_worker_3.jpg
2026-09-29 11:15:33,7,NO_MASK,C:/Users/sarim/safety monitoring/evidence/20260929_11H15M33S_NO_MASK_worker_7.jpg
2026-09-29 11:15:34,8,NO_MASK,C:/Users/sarim/safety monitoring/evidence/20260929_11H15M34S_NO_MASK_worker_8.jpg
2026-09-29 11:15:36,3,NO_MASK,C:/Users/sarim/safety monitoring/evidence/20260929_11H15M36S_NO_MASK_worker_3.jpg
2026-09-29 11:15:37,1,NO_MASK,C:/Users/sarim/safety monitoring/evidence/20260929_11H15M37S_NO_MASK_worker_1.jpg
2026-09-29 11:16:21,3,NO_MASK,C:/Users/sarim/safety monitoring/evidence/20260929_11H16M21S_NO_MASK_worker_3.jpg
2026-09-29 11:16:21,1,NO_HELMET_AND_MASK,C:/Users/sarim/safety monitoring/evidence/20260929_11H16M21S_NO_HELMET_AND_MASK_worker_1.jpg
2026-09-29 11:16:21,2,NO_MASK,C:/Users/sarim/safety monitoring/evidence/20260929_11H16M21S_NO_MASK_worker_2.jpg
2026-09-29 11:16:22,4,NO_MASK,C:/Users/sarim/safety monitoring/evidence/20260929_11H16M22S_NO_MASK_worker_4.jpg
2026-09-29 11:16:30,5,NO_MASK,C:/Users/sarim/safety monitoring/evidence/20260929_11H16M30S_NO_MASK_worker_5.jpg
2026-09-29 11:16:34,1,NO_MASK,C:/Users/sarim/safety monitoring/evidence/20260929_11H16M34S_NO_MASK_worker_1.jpg
2026-09-29 11:16:34,3,NO_MASK,C:/Users/sarim/safety monitoring/evidence/20260929_11H16M34S_NO_MASK_worker_3.jpg
2026-09-29 11:16:36,7,NO_MASK,C:/Users/sarim/safety monitoring/evidence/20260929_11H16M36S_NO_MASK_worker_7.jpg
2026-09-29 11:16:39,8,NO_MASK,C:/Users/sarim/safety monitoring/evidence/20260929_11H16M39S_NO_MASK_worker_8.jpg
2026-09-29 11:16:44,3,NO_MASK,C:/Users/sarim/safety monitoring/evidence/20260929_11H16M44S_NO_MASK_worker_3.jpg
2026-09-29 11:16:44,1,NO_MASK,C:/Users/sarim/safety monitoring/evidence/20260929_11H16M44S_NO_MASK_worker_1.jpg
2026-09-29 11:25:53,3,NO_MASK,C:/Users/sarim/safety monitoring/evidence/20260929_11H25M53S_NO_MASK_worker_3.jpg
2026-09-29 11:25:53,1,NO_HELMET_AND_MASK,C:/Users/sarim/safety monitoring/evidence/20260929_11H25M53S_NO_HELMET_AND_MASK_worker_1.jpg
2026-09-29 11:25:53,2,NO_MASK,C:/Users/sarim/safety monitoring/evidence/20260929_11H25M53S_NO_MASK_worker_2.jpg
2026-09-29 11:25:54,4,NO_MASK,C:/Users/sarim/safety monitoring/evidence/20260929_11H25M54S_NO_MASK_worker_4.jpg
2026-09-29 11:25:57,5,NO_MASK,C:/Users/sarim/safety monitoring/evidence/20260929_11H25M57S_NO_MASK_worker_5.jpg
2026-09-29 11:25:58,1,NO_MASK,C:/Users/sarim/safety monitoring/evidence/20260929_11H25M58S_NO_MASK_worker_1.jpg
2026-09-29 11:25:58,3,NO_MASK,C:/Users/sarim/safety monitoring/evidence/20260929_11H25M58S_NO_MASK_worker_3.jpg
2026-09-29 11:25:59,7,NO_MASK,C:/Users/sarim/safety monitoring/evidence/20260929_11H25M59S_NO_MASK_worker_7.jpg
2026-09-29 11:26:01,8,NO_MASK,C:/Users/sarim/safety monitoring/evidence/20260929_11H26M01S_NO_MASK_worker_8.jpg
2026-09-29 11:26:03,3,NO_MASK,C:/Users/sarim/safety monitoring/evidence/20260929_11H26M03S_NO_MASK_worker_3.jpg
2026-09-29 11:26:03,1,NO_MASK,C:/Users/sarim/safety monitoring/evidence/20260929_11H26M03S_NO_MASK_worker_1.jpg
2026-09-29 11:27:15,1,NO_HELMET_AND_MASK,C:/Users/sarim/safety monitoring/evidence/20260929_11H27M15S_NO_HELMET_AND_MASK_worker_1.jpg
2026-09-29 11:27:18,3,NO_HELMET_AND_MASK,C:/Users/sarim/safety monitoring/evidence/20260929_11H27M18S_NO_HELMET_AND_MASK_worker_3.jpg
2026-09-29 11:27:19,1,NO_HELMET_AND_MASK,C:/Users/sarim/safety monitoring/evidence/20260929_11H27M19S_NO_HELMET_AND_MASK_worker_1.jpg
2026-09-29 11:28:54,3,NO_MASK,C:/Users/sarim/safety monitoring/evidence/20260929_11H28M54S_NO_MASK_worker_3.jpg
2026-09-29 11:28:54,1,NO_MASK,C:/Users/sarim/safety monitoring/evidence/20260929_11H28M54S_NO_MASK_worker_1.jpg
2026-09-29 11:28:54,2,NO_MASK,C:/Users/sarim/safety monitoring/evidence/20260929_11H28M54S_NO_MASK_worker_2.jpg
2026-09-29 11:29:03,3,NO_MASK,C:/Users/sarim/safety monitoring/evidence/20260929_11H29M03S_NO_MASK_worker_3.jpg
2026-09-29 11:29:03,2,NO_MASK,C:/Users/sarim/safety monitoring/evidence/20260929_11H29M03S_NO_MASK_worker_2.jpg
2026-09-29 11:29:03,1,NO_MASK,C:/Users/sarim/safety monitoring/evidence/20260929_11H29M03S_NO_MASK_worker_1.jpg
2026-09-29 11:29:13,3,NO_MASK,C:/Users/sarim/safety monitoring/evidence/20260929_11H29M13S_NO_MASK_worker_3.jpg
2026-09-29 11:29:13,1,NO_MASK,C:/Users/sarim/safety monitoring/evidence/20260929_11H29M13S_NO_MASK_worker_1.jpg
2026-09-29 11:29:13,2,NO_MASK,C:/Users/sarim/safety monitoring/evidence/20260929_11H29M13S_NO_MASK_worker_2.jpg
2026-09-29 11:29:39,1,NO_MASK,C:/Users/sarim/safety monitoring/evidence/20260929_11H29M39S_NO_MASK_worker_1.jpg
2026-09-29 11:29:39,3,NO_MASK,C:/Users/sarim/safety monitoring/evidence/20260929_11H29M39S_NO_MASK_worker_3.jpg
2026-09-29 11:29:39,2,NO_MASK,C:/Users/sarim/safety monitoring/evidence/20260929_11H29M39S_NO_MASK_worker_2.jpg
2026-09-29 11:37:52,3,NO_HELMET_AND_MASK,C:/Users/sarim/safety monitoring/evidence/20260929_11H37M52S_NO_HELMET_AND_MASK_worker_3.jpg
2026-09-29 11:37:52,2,NO_MASK,C:/Users/sarim/safety monitoring/evidence/20260929_11H37M52S_NO_MASK_worker_2.jpg
2026-09-29 11:37:52,1,NO_MASK,C:/Users/sarim/safety monitoring/evidence/20260929_11H37M52S_NO_MASK_worker_1.jpg
2026-09-29 11:37:52,7,NO_MASK,C:/Users/sarim/safety monitoring/evidence/20260929_11H37M52S_NO_MASK_worker_7.jpg
2026-09-29 11:37:55,13,NO_MASK,C:/Users/sarim/safety monitoring/evidence/20260929_11H37M55S_NO_MASK_worker_13.jpg
2026-09-29 11:37:57,3,NO_MASK,C:/Users/sarim/safety monitoring/evidence/20260929_11H37M57S_NO_MASK_worker_3.jpg
2026-09-29 11:37:57,1,NO_MASK,C:/Users/sarim/safety monitoring/evidence/20260929_11H37M57S_NO_MASK_worker_1.jpg
2026-09-29 11:37:58,16,NO_MASK,C:/Users/sarim/safety monitoring/evidence/20260929_11H37M58S_NO_MASK_worker_16.jpg
2026-09-29 11:38:02,3,NO_MASK,C:/Users/sarim/safety monitoring/evidence/20260929_11H38M02S_NO_MASK_worker_3.jpg
2026-09-29 11:38:02,1,NO_MASK,C:/Users/sarim/safety monitoring/evidence/20260929_11H38M02S_NO_MASK_worker_1.jpg
2026-09-29 11:39:28,3,NO_HELMET_AND_MASK,C:/Users/sarim/safety monitoring/evidence/20260929_11H39M28S_NO_HELMET_AND_MASK_worker_3.jpg
2026-09-29 11:39:28,1,NO_HELMET_AND_MASK,C:/Users/sarim/safety monitoring/evidence/20260929_11H39M28S_NO_HELMET_AND_MASK_worker_1.jpg
2026-09-29 11:39:28,31,NO_HELMET_AND_MASK,C:/Users/sarim/safety monitoring/evidence/20260929_11H39M28S_NO_HELMET_AND_MASK_worker_31.jpg
2026-09-29 11:39:29,39,NO_HELMET_AND_MASK,C:/Users/sarim/safety monitoring/evidence/20260929_11H39M29S_NO_HELMET_AND_MASK_worker_39.jpg
2026-09-29 11:39:32,3,NO_HELMET_AND_MASK,C:/Users/sarim/safety monitoring/evidence/20260929_11H39M32S_NO_HELMET_AND_MASK_worker_3.jpg
2026-09-29 11:39:32,1,NO_HELMET_AND_MASK,C:/Users/sarim/safety monitoring/evidence/20260929_11H39M32S_NO_HELMET_AND_MASK_worker_1.jpg
2026-09-29 11:39:32,31,NO_HELMET_AND_MASK,C:/Users/sarim/safety monitoring/evidence/20260929_11H39M32S_NO_HELMET_AND_MASK_worker_31.jpg
2026-09-29 11:39:35,47,NO_HELMET_AND_MASK,C:/Users/sarim/safety monitoring/evidence/20260929_11H39M35S_NO_HELMET_AND_MASK_worker_47.jpg
2026-09-29 11:39:37,3,NO_HELMET_AND_MASK,C:/Users/sarim/safety monitoring/evidence/20260929_11H39M37S_NO_HELMET_AND_MASK_worker_3.jpg
2026-09-29 11:39:37,1,NO_HELMET_AND_MASK,C:/Users/sarim/safety monitoring/evidence/20260929_11H39M37S_NO_HELMET_AND_MASK_worker_1.jpg
2026-09-29 11:39:37,31,NO_HELMET_AND_MASK,C:/Users/sarim/safety monitoring/evidence/20260929_11H39M37S_NO_HELMET_AND_MASK_worker_31.jpg
2026-09-29 11:40:50,31,NO_MASK,C:/Users/sarim/safety monitoring/evidence/20260929_11H40M50S_NO_MASK_worker_31.jpg
2026-09-29 11:40:50,52,NO_MASK,C:/Users/sarim/safety monitoring/evidence/20260929_11H40M50S_NO_MASK_worker_52.jpg
2026-09-29 11:40:50,3,NO_MASK,C:/Users/sarim/safety monitoring/evidence/20260929_11H40M50S_NO_MASK_worker_3.jpg
2026-09-29 11:40:52,63,NO_HELMET_AND_MASK,C:/Users/sarim/safety monitoring/evidence/20260929_11H40M52S_NO_HELMET_AND_MASK_worker_63.jpg
2026-09-29 11:40:53,58,NO_MASK,C:/Users/sarim/safety monitoring/evidence/20260929_11H40M53S_NO_MASK_worker_58.jpg
2026-09-29 11:40:54,31,NO_MASK,C:/Users/sarim/safety monitoring/evidence/20260929_11H40M54S_NO_MASK_worker_31.jpg
2026-09-29 11:40:54,52,NO_MASK,C:/Users/sarim/safety monitoring/evidence/20260929_11H40M54S_NO_MASK_worker_52.jpg
2026-09-29 11:40:54,3,NO_MASK,C:/Users/sarim/safety monitoring/evidence/20260929_11H40M54S_NO_MASK_worker_3.jpg
2026-09-29 11:40:58,58,NO_MASK,C:/Users/sarim/safety monitoring/evidence/20260929_11H40M58S_NO_MASK_worker_58.jpg
2026-09-29 11:40:59,31,NO_MASK,C:/Users/sarim/safety monitoring/evidence/20260929_11H40M59S_NO_MASK_worker_31.jpg
2026-09-29 11:40:59,52,NO_MASK,C:/Users/sarim/safety monitoring/evidence/20260929_11H40M59S_NO_MASK_worker_52.jpg
2026-09-29 11:40:59,3,NO_MASK,C:/Users/sarim/safety monitoring/evidence/20260929_11H40M59S_NO_MASK_worker_3.jpg
2026-09-29 11:41:02,58,NO_MASK,C:/Users/sarim/safety monitoring/evidence/20260929_11H41M02S_NO_MASK_worker_58.jpg
2026-09-29 11:41:03,31,NO_MASK,C:/Users/sarim/safety monitoring/evidence/20260929_11H41M03S_NO_MASK_worker_31.jpg
2026-09-29 11:41:03,52,NO_MASK,C:/Users/sarim/safety monitoring/evidence/20260929_11H41M03S_NO_MASK_worker_52.jpg
2026-09-29 11:41:03,3,NO_MASK,C:/Users/sarim/safety monitoring/evidence/20260929_11H41M03S_NO_MASK_worker_3.jpg
2026-09-29 11:43:44,52,NO_HELMET,C:/Users/sarim/safety monitoring/evidence/20260929_11H43M44S_NO_HELMET_worker_52.jpg
2026-09-29 11:43:46,3,NO_HELMET,C:/Users/sarim/safety monitoring/evidence/20260929_11H43M46S_NO_HELMET_worker_3.jpg
2026-09-29 11:43:50,52,NO_HELMET,C:/Users/sarim/safety monitoring/evidence/20260929_11H43M50S_NO_HELMET_worker_52.jpg
2026-09-29 11:43:55,3,NO_HELMET,C:/Users/sarim/safety monitoring/evidence/20260929_11H43M55S_NO_HELMET_worker_3.jpg
2026-09-29 11:43:57,52,NO_HELMET,C:/Users/sarim/safety monitoring/evidence/20260929_11H43M57S_NO_HELMET_worker_52.jpg
2026-09-29 11:47:17,112,NO_HELMET_AND_MASK,C:/Users/sarim/safety monitoring/evidence/20260929_11H47M17S_NO_HELMET_AND_MASK_worker_112.jpg
2026-09-29 11:47:17,110,NO_HELMET,C:/Users/sarim/safety monitoring/evidence/20260929_11H47M17S_NO_HELMET_worker_110.jpg
2026-09-29 11:47:17,108,NO_HELMET,C:/Users/sarim/safety monitoring/evidence/20260929_11H47M17S_NO_HELMET_worker_108.jpg
2026-09-29 11:47:17,109,NO_HELMET,C:/Users/sarim/safety monitoring/evidence/20260929_11H47M17S_NO_HELMET_worker_109.jpg
2026-09-29 11:47:17,115,NO_HELMET,C:/Users/sarim/safety monitoring/evidence/20260929_11H47M17S_NO_HELMET_worker_115.jpg
2026-09-29 11:47:17,3,NO_HELMET,C:/Users/sarim/safety monitoring/evidence/20260929_11H47M17S_NO_HELMET_worker_3.jpg
2026-09-29 11:47:20,117,NO_HELMET_AND_MASK,C:/Users/sarim/safety monitoring/evidence/20260929_11H47M20S_NO_HELMET_AND_MASK_worker_117.jpg
2026-09-29 11:47:20,128,NO_HELMET,C:/Users/sarim/safety monitoring/evidence/20260929_11H47M20S_NO_HELMET_worker_128.jpg
2026-09-29 11:47:22,134,NO_HELMET_AND_MASK,C:/Users/sarim/safety monitoring/evidence/20260929_11H47M22S_NO_HELMET_AND_MASK_worker_134.jpg
2026-09-29 11:47:23,133,NO_HELMET_AND_MASK,C:/Users/sarim/safety monitoring/evidence/20260929_11H47M23S_NO_HELMET_AND_MASK_worker_133.jpg
2026-09-29 11:47:29,154,NO_HELMET_AND_MASK,C:/Users/sarim/safety monitoring/evidence/20260929_11H47M29S_NO_HELMET_AND_MASK_worker_154.jpg
2026-09-29 11:47:29,140,NO_HELMET_AND_MASK,C:/Users/sarim/safety monitoring/evidence/20260929_11H47M29S_NO_HELMET_AND_MASK_worker_140.jpg
2026-09-29 11:47:31,112,NO_HELMET_AND_MASK,C:/Users/sarim/safety monitoring/evidence/20260929_11H47M31S_NO_HELMET_AND_MASK_worker_112.jpg
2026-09-29 11:47:31,108,NO_HELMET,C:/Users/sarim/safety monitoring/evidence/20260929_11H47M31S_NO_HELMET_worker_108.jpg
2026-09-29 11:47:31,109,NO_HELMET,C:/Users/sarim/safety monitoring/evidence/20260929_11H47M31S_NO_HELMET_worker_109.jpg
2026-09-29 11:47:31,155,NO_HELMET,C:/Users/sarim/safety monitoring/evidence/20260929_11H47M31S_NO_HELMET_worker_155.jpg
2026-09-29 11:47:31,3,NO_HELMET,C:/Users/sarim/safety monitoring/evidence/20260929_11H47M31S_NO_HELMET_worker_3.jpg
2026-09-29 11:47:31,115,NO_HELMET_AND_MASK,C:/Users/sarim/safety monitoring/evidence/20260929_11H47M31S_NO_HELMET_AND_MASK_worker_115.jpg
2026-09-29 11:47:36,110,NO_HELMET,C:/Users/sarim/safety monitoring/evidence/20260929_11H47M36S_NO_HELMET_worker_110.jpg
2026-09-29 11:47:37,177,NO_HELMET_AND_MASK,C:/Users/sarim/safety monitoring/evidence/20260929_11H47M37S_NO_HELMET_AND_MASK_worker_177.jpg
2026-09-29 11:47:40,182,NO_HELMET_AND_MASK,C:/Users/sarim/safety monitoring/evidence/20260929_11H47M40S_NO_HELMET_AND_MASK_worker_182.jpg
2026-09-29 11:47:52,200,NO_HELMET_AND_MASK,C:/Users/sarim/safety monitoring/evidence/20260929_11H47M52S_NO_HELMET_AND_MASK_worker_200.jpg
2026-09-29 11:48:09,108,NO_HELMET,C:/Users/sarim/safety monitoring/evidence/20260929_11H48M09S_NO_HELMET_worker_108.jpg
2026-09-29 11:48:09,200,NO_HELMET,C:/Users/sarim/safety monitoring/evidence/20260929_11H48M09S_NO_HELMET_worker_200.jpg
2026-09-29 11:48:09,109,NO_HELMET,C:/Users/sarim/safety monitoring/evidence/20260929_11H48M09S_NO_HELMET_worker_109.jpg
2026-09-29 11:48:10,3,NO_HELMET,C:/Users/sarim/safety monitoring/evidence/20260929_11H48M10S_NO_HELMET_worker_3.jpg
2026-09-29 11:48:10,115,NO_HELMET,C:/Users/sarim/safety monitoring/evidence/20260929_11H48M10S_NO_HELMET_worker_115.jpg
2026-09-29 11:48:19,155,NO_HELMET_AND_MASK,C:/Users/sarim/safety monitoring/evidence/20260929_11H48M19S_NO_HELMET_AND_MASK_worker_155.jpg
2026-09-29 11:48:27,110,NO_HELMET_AND_MASK,C:/Users/sarim/safety monitoring/evidence/20260929_11H48M27S_NO_HELMET_AND_MASK_worker_110.jpg
2026-09-29 11:48:30,219,NO_HELMET_AND_MASK,C:/Users/sarim/safety monitoring/evidence/20260929_11H48M30S_NO_HELMET_AND_MASK_worker_219.jpg
2026-09-29 11:48:35,222,NO_HELMET_AND_MASK,C:/Users/sarim/safety monitoring/evidence/20260929_11H48M35S_NO_HELMET_AND_MASK_worker_222.jpg
2026-09-29 11:48:40,3,NO_MASK,C:/Users/sarim/safety monitoring/evidence/20260929_11H48M40S_NO_MASK_worker_3.jpg
2026-09-29 11:48:40,1,NO_MASK,C:/Users/sarim/safety monitoring/evidence/20260929_11H48M40S_NO_MASK_worker_1.jpg
2026-09-29 11:48:40,2,NO_MASK,C:/Users/sarim/safety monitoring/evidence/20260929_11H48M40S_NO_MASK_worker_2.jpg
2026-09-29 11:48:45,223,NO_HELMET,C:/Users/sarim/safety monitoring/evidence/20260929_11H48M45S_NO_HELMET_worker_223.jpg
2026-09-29 11:49:00,223,NO_HELMET_AND_MASK,C:/Users/sarim/safety monitoring/evidence/20260929_11H49M00S_NO_HELMET_AND_MASK_worker_223.jpg
2026-09-29 11:49:03,550,NO_MASK,C:/Users/sarim/safety monitoring/evidence/20260929_11H49M03S_NO_MASK_worker_550.jpg
2026-09-29 11:49:03,548,NO_MASK,C:/Users/sarim/safety monitoring/evidence/20260929_11H49M03S_NO_MASK_worker_548.jpg
2026-09-29 11:49:03,549,NO_MASK,C:/Users/sarim/safety monitoring/evidence/20260929_11H49M03S_NO_MASK_worker_549.jpg
2026-09-29 11:49:23,108,NO_HELMET,C:/Users/sarim/safety monitoring/evidence/20260929_11H49M23S_NO_HELMET_worker_108.jpg
2026-09-29 11:49:23,109,NO_HELMET,C:/Users/sarim/safety monitoring/evidence/20260929_11H49M23S_NO_HELMET_worker_109.jpg
2026-09-29 11:49:23,3,NO_MASK,C:/Users/sarim/safety monitoring/evidence/20260929_11H49M23S_NO_MASK_worker_3.jpg
2026-09-29 11:49:23,110,NO_HELMET_AND_MASK,C:/Users/sarim/safety monitoring/evidence/20260929_11H49M23S_NO_HELMET_AND_MASK_worker_110.jpg
2026-09-29 11:49:23,108,NO_MASK,C:/Users/sarim/safety monitoring/evidence/20260929_11H49M23S_NO_MASK_worker_108.jpg
2026-09-29 11:49:24,3,NO_HELMET,C:/Users/sarim/safety monitoring/evidence/20260929_11H49M24S_NO_HELMET_worker_3.jpg
2026-09-29 11:49:29,110,NO_HELMET,C:/Users/sarim/safety monitoring/evidence/20260929_11H49M29S_NO_HELMET_worker_110.jpg
2026-09-29 11:49:30,111,NO_MASK,C:/Users/sarim/safety monitoring/evidence/20260929_11H49M30S_NO_MASK_worker_111.jpg
2026-09-29 11:49:42,110,NO_HELMET_AND_MASK,C:/Users/sarim/safety monitoring/evidence/20260929_11H49M42S_NO_HELMET_AND_MASK_worker_110.jpg
2026-09-29 11:49:42,108,NO_MASK,C:/Users/sarim/safety monitoring/evidence/20260929_11H49M42S_NO_MASK_worker_108.jpg
2026-09-29 11:49:42,108,NO_HELMET,C:/Users/sarim/safety monitoring/evidence/20260929_11H49M42S_NO_HELMET_worker_108.jpg
2026-09-29 11:49:42,109,NO_HELMET,C:/Users/sarim/safety monitoring/evidence/20260929_11H49M42S_NO_HELMET_worker_109.jpg
2026-09-29 11:49:43,3,NO_HELMET,C:/Users/sarim/safety monitoring/evidence/20260929_11H49M43S_NO_HELMET_worker_3.jpg
2026-09-29 11:49:53,111,NO_HELMET,C:/Users/sarim/safety monitoring/evidence/20260929_11H49M53S_NO_HELMET_worker_111.jpg
2026-09-29 11:49:56,110,NO_HELMET,C:/Users/sarim/safety monitoring/evidence/20260929_11H49M56S_NO_HELMET_worker_110.jpg
2026-09-29 11:49:56,550,NO_HELMET_AND_MASK,C:/Users/sarim/safety monitoring/evidence/20260929_11H49M56S_NO_HELMET_AND_MASK_worker_550.jpg
2026-09-29 11:49:56,548,NO_MASK,C:/Users/sarim/safety monitoring/evidence/20260929_11H49M56S_NO_MASK_worker_548.jpg
2026-09-29 11:49:57,3,NO_MASK,C:/Users/sarim/safety monitoring/evidence/20260929_11H49M57S_NO_MASK_worker_3.jpg
2026-09-29 11:50:00,110,NO_HELMET_AND_MASK,C:/Users/sarim/safety monitoring/evidence/20260929_11H50M00S_NO_HELMET_AND_MASK_worker_110.jpg
2026-09-29 11:50:00,108,NO_MASK,C:/Users/sarim/safety monitoring/evidence/20260929_11H50M00S_NO_MASK_worker_108.jpg
2026-09-29 11:50:00,108,NO_HELMET,C:/Users/sarim/safety monitoring/evidence/20260929_11H50M00S_NO_HELMET_worker_108.jpg
2026-09-29 11:50:00,109,NO_HELMET,C:/Users/sarim/safety monitoring/evidence/20260929_11H50M00S_NO_HELMET_worker_109.jpg
2026-09-29 11:50:01,3,NO_HELMET,C:/Users/sarim/safety monitoring/evidence/20260929_11H50M01S_NO_HELMET_worker_3.jpg
2026-09-29 11:50:05,111,NO_MASK,C:/Users/sarim/safety monitoring/evidence/20260929_11H50M05S_NO_MASK_worker_111.jpg
2026-09-29 11:50:14,110,NO_HELMET,C:/Users/sarim/safety monitoring/evidence/20260929_11H50M14S_NO_HELMET_worker_110.jpg
2026-09-29 11:50:15,3,NO_MASK,C:/Users/sarim/safety monitoring/evidence/20260929_11H50M15S_NO_MASK_worker_3.jpg
2026-09-29 11:50:18,110,NO_HELMET,C:/Users/sarim/safety monitoring/evidence/20260929_11H50M18S_NO_HELMET_worker_110.jpg
2026-09-29 11:50:18,108,NO_MASK,C:/Users/sarim/safety monitoring/evidence/20260929_11H50M18S_NO_MASK_worker_108.jpg
2026-09-29 11:50:18,108,NO_HELMET_AND_MASK,C:/Users/sarim/safety monitoring/evidence/20260929_11H50M18S_NO_HELMET_AND_MASK_worker_108.jpg
2026-09-29 11:50:18,109,NO_HELMET,C:/Users/sarim/safety monitoring/evidence/20260929_11H50M18S_NO_HELMET_worker_109.jpg
2026-09-29 11:50:18,3,NO_HELMET,C:/Users/sarim/safety monitoring/evidence/20260929_11H50M18S_NO_HELMET_worker_3.jpg
2026-09-29 11:50:48,222,NO_HELMET_AND_MASK,C:/Users/sarim/safety monitoring/evidence/20260929_11H50M48S_NO_HELMET_AND_MASK_worker_222.jpg
2026-09-29 11:51:02,222,NO_MASK,C:/Users/sarim/safety monitoring/evidence/20260929_11H51M02S_NO_MASK_worker_222.jpg
2026-09-29 11:51:17,550,NO_HELMET_AND_MASK,C:/Users/sarim/safety monitoring/evidence/20260929_11H51M17S_NO_HELMET_AND_MASK_worker_550.jpg
2026-09-29 11:51:17,548,NO_MASK,C:/Users/sarim/safety monitoring/evidence/20260929_11H51M17S_NO_MASK_worker_548.jpg
2026-09-29 11:51:18,3,NO_MASK,C:/Users/sarim/safety monitoring/evidence/20260929_11H51M18S_NO_MASK_worker_3.jpg
2026-09-29 11:51:20,110,NO_HELMET,C:/Users/sarim/safety monitoring/evidence/20260929_11H51M20S_NO_HELMET_worker_110.jpg
2026-09-29 11:51:24,111,NO_MASK,C:/Users/sarim/safety monitoring/evidence/20260929_11H51M24S_NO_MASK_worker_111.jpg
2026-09-29 11:51:28,222,NO_MASK,C:/Users/sarim/safety monitoring/evidence/20260929_11H51M28S_NO_MASK_worker_222.jpg
